request_id,citizen_id,request_timestamp,service_type,documents_submitted,wait_time_minutes,audit_outcome,audit_completion_date,final_decision_amount,closure_reason
1,98696,2023-04-25T00:00:00,BIRTH_CERT,12,71,passed,2023-05-08T00:00:00,27.91,
2,88907,2023-03-31T18:00:00,ID_RENEWAL,7,9,passed,2023-05-09T18:00:00,43.73,
3,46463,2023-07-23T22:00:00,ID_RENEWAL,11,180,passed,2023-09-05T22:00:00,44.09,
4,54118,2023-06-13T22:00:00,ID_RENEWAL,7,88,passed,2023-08-07T22:00:00,43.06,
5,15695,2023-04-05T12:00:00,BUSINESS_PERMIT,2,92,flagged,2023-06-02T12:00:00,1524.47,AUDIT_DONE
6,85674,2023-05-08T12:00:00,TAX_CERT,2,142,passed,2023-06-07T12:00:00,125.73,
7,23238,2023-03-13T01:00:00,BUSINESS_PERMIT,11,59,flagged,2023-04-03T01:00:00,1982.27,AUDIT_DONE
8,44993,2023-10-12T14:00:00,ID_RENEWAL,11,94,passed,2023-11-30T14:00:00,71.05,
9,83000,2023-06-25T17:00:00,TAX_CERT,12,63,passed,2023-08-11T17:00:00,75.89,
10,37653,2023-11-29T01:00:00,BIRTH_CERT,4,9,flagged,2023-12-10T01:00:00,1281.4,AUDIT_DONE
11,28726,2023-11-19T06:00:00,FAMILY_STATUS,11,128,passed,2023-12-25T06:00:00,182.91,
12,86484,2023-05-23T07:00:00,BUSINESS_PERMIT,12,144,passed,2023-06-26T07:00:00,149.4,
13,30033,2024-01-06T07:00:00,TAX_CERT,3,131,passed,2024-01-20T07:00:00,151.16,
14,42953,2024-03-08T19:00:00,BIRTH_CERT,2,99,passed,2024-04-17T19:00:00,199.22,
15,94012,2023-01-12T21:00:00,FAMILY_STATUS,12,30,passed,2023-02-05T21:00:00,107.39,
16,44522,2023-04-25T09:00:00,BIRTH_CERT,7,41,passed,2023-06-17T09:00:00,190.76,
17,36071,2023-07-02T16:00:00,TAX_CERT,2,161,passed,2023-08-16T16:00:00,127.79,
18,12552,2024-01-18T05:00:00,ID_RENEWAL,9,136,rejected,2024-02-25T05:00:00,29.95,AUDIT_DONE
19,21226,2024-01-07T09:00:00,BUSINESS_PERMIT,4,15,passed,2024-01-19T09:00:00,113.47,
20,44741,2023-03-12T17:00:00,BIRTH_CERT,3,33,passed,2023-03-29T17:00:00,189.37,
21,95180,2024-03-09T06:00:00,FAMILY_STATUS,9,177,passed,2024-04-27T06:00:00,62.34,
22,87110,2024-03-24T16:00:00,BIRTH_CERT,8,31,passed,2024-04-01T16:00:00,12.81,
23,18834,2023-08-24T18:00:00,ID_RENEWAL,4,2,passed,2023-09-14T18:00:00,126.22,
24,27342,2023-12-05T02:00:00,BIRTH_CERT,9,61,passed,2024-01-15T02:00:00,97.08,
25,56438,2024-04-29T07:00:00,BUSINESS_PERMIT,8,105,passed,2024-06-02T07:00:00,19.39,
26,17944,2024-02-25T14:00:00,BUSINESS_PERMIT,12,14,passed,2024-03-09T14:00:00,196.83,
27,34050,2023-12-14T03:00:00,FAMILY_STATUS,4,50,passed,2024-01-17T03:00:00,89.72,
28,16630,2024-04-18T07:00:00,BIRTH_CERT,2,114,flagged,2024-05-01T07:00:00,1827.16,AUDIT_DONE
29,17685,2023-01-16T02:00:00,TAX_CERT,4,43,passed,2023-02-17T02:00:00,96.27,
30,65444,2024-01-24T00:00:00,BIRTH_CERT,7,68,rejected,2024-02-18T00:00:00,39.26,AUDIT_DONE
31,81066,2024-05-13T04:00:00,ID_RENEWAL,4,76,passed,2024-07-06T04:00:00,11.7,
32,30635,2023-11-18T01:00:00,ID_RENEWAL,1,150,passed,2023-12-28T01:00:00,183.88,
33,62923,2024-06-04T02:00:00,ID_RENEWAL,3,18,passed,2024-06-26T02:00:00,135.04,
34,84085,2023-09-10T18:00:00,BIRTH_CERT,10,11,passed,2023-10-24T18:00:00,83.84,
35,27154,2023-11-20T08:00:00,FAMILY_STATUS,4,172,flagged,2023-12-22T08:00:00,1086.42,AUDIT_DONE
36,19602,2024-04-13T10:00:00,BIRTH_CERT,2,3,passed,2024-04-26T10:00:00,199.69,
37,58434,2023-08-07T16:00:00,FAMILY_STATUS,5,34,rejected,2023-08-29T16:00:00,44.04,AUDIT_DONE
38,79329,2023-06-11T14:00:00,ID_RENEWAL,9,78,passed,2023-07-29T14:00:00,197.45,
39,82512,2023-11-03T21:00:00,TAX_CERT,2,35,passed,2023-12-27T21:00:00,177.94,
40,44600,2023-10-06T09:00:00,BIRTH_CERT,10,54,flagged,2023-11-22T09:00:00,1044.32,AUDIT_DONE
41,10464,2024-05-15T08:00:00,FAMILY_STATUS,1,24,passed,2024-05-24T08:00:00,165.87,
42,83519,2023-05-14T20:00:00,ID_RENEWAL,5,42,flagged,2023-06-17T20:00:00,1462.02,AUDIT_DONE
43,82420,2023-04-25T02:00:00,TAX_CERT,12,39,passed,2023-06-08T02:00:00,166.92,
44,56898,2024-03-16T04:00:00,TAX_CERT,1,79,passed,2024-03-25T04:00:00,186.62,
45,91351,2023-09-13T21:00:00,TAX_CERT,2,91,flagged,2023-10-16T21:00:00,1860.96,AUDIT_DONE
46,63964,2023-08-31T05:00:00,TAX_CERT,3,106,passed,2023-09-28T05:00:00,147.31,
47,39154,2023-10-01T05:00:00,TAX_CERT,12,28,passed,2023-11-07T05:00:00,7.74,
48,53025,2024-04-16T11:00:00,FAMILY_STATUS,5,59,passed,2024-05-18T11:00:00,132.01,
49,80282,2023-03-13T08:00:00,FAMILY_STATUS,6,165,passed,2023-05-12T08:00:00,135.9,
50,24208,2023-01-29T03:00:00,BIRTH_CERT,5,46,passed,2023-02-07T03:00:00,196.71,
51,60488,2024-03-20T11:00:00,BIRTH_CERT,12,81,passed,2024-04-03T11:00:00,196.85,
52,97900,2023-07-14T08:00:00,TAX_CERT,1,112,passed,2023-08-24T08:00:00,185.12,
53,26334,2024-01-08T13:00:00,FAMILY_STATUS,2,171,rejected,2024-02-26T13:00:00,31.16,AUDIT_DONE
54,26683,2024-06-03T09:00:00,TAX_CERT,11,105,passed,2024-07-15T09:00:00,139.44,
55,49446,2024-03-06T21:00:00,BUSINESS_PERMIT,7,174,flagged,2024-04-18T21:00:00,1008.83,AUDIT_DONE
56,52237,2023-01-01T09:00:00,BUSINESS_PERMIT,5,54,passed,2023-02-18T09:00:00,116.0,
57,32241,2024-03-28T14:00:00,ID_RENEWAL,11,55,passed,2024-05-24T14:00:00,158.75,
58,40784,2023-10-18T16:00:00,FAMILY_STATUS,11,163,passed,2023-12-12T16:00:00,18.68,
59,19545,2023-08-19T06:00:00,BUSINESS_PERMIT,3,7,passed,2023-10-04T06:00:00,196.79,
60,41979,2024-02-29T20:00:00,TAX_CERT,10,50,flagged,2024-04-01T20:00:00,1260.77,AUDIT_DONE
61,70889,2023-01-06T03:00:00,ID_RENEWAL,7,57,passed,2023-02-15T03:00:00,191.59,
62,88047,2023-09-13T03:00:00,FAMILY_STATUS,8,35,flagged,2023-10-25T03:00:00,1601.09,AUDIT_DONE
63,30861,2024-03-29T19:00:00,BUSINESS_PERMIT,12,130,passed,2024-05-03T19:00:00,181.37,
64,92149,2024-04-05T08:00:00,TAX_CERT,4,164,passed,2024-05-13T08:00:00,155.53,
65,20561,2023-10-09T14:00:00,TAX_CERT,2,74,passed,2023-11-19T14:00:00,67.17,
66,63424,2023-06-04T07:00:00,FAMILY_STATUS,7,178,passed,2023-07-07T07:00:00,42.79,
67,86556,2024-04-22T13:00:00,ID_RENEWAL,1,53,flagged,2024-06-17T13:00:00,1267.37,AUDIT_DONE
68,64921,2024-01-25T15:00:00,BIRTH_CERT,1,91,passed,2024-03-25T15:00:00,78.0,
69,97670,2023-08-14T15:00:00,BUSINESS_PERMIT,4,70,passed,2023-09-11T15:00:00,5.8,
70,83975,2023-06-19T14:00:00,ID_RENEWAL,3,160,passed,2023-08-02T14:00:00,181.39,
71,59689,2023-03-27T20:00:00,FAMILY_STATUS,7,35,flagged,2023-04-19T20:00:00,1018.07,AUDIT_DONE
72,65255,2023-08-05T14:00:00,FAMILY_STATUS,6,87,flagged,2023-09-29T14:00:00,1254.95,AUDIT_DONE
73,95215,2023-03-25T15:00:00,ID_RENEWAL,1,139,passed,2023-04-15T15:00:00,190.38,
74,26544,2023-02-11T00:00:00,BUSINESS_PERMIT,4,52,flagged,2023-03-05T00:00:00,1545.6,AUDIT_DONE
75,89415,2023-04-28T18:00:00,BIRTH_CERT,4,120,passed,2023-05-15T18:00:00,153.38,
76,98781,2023-04-28T05:00:00,BUSINESS_PERMIT,5,28,passed,2023-06-10T05:00:00,185.78,
77,23356,2024-02-11T22:00:00,FAMILY_STATUS,4,20,passed,2024-03-04T22:00:00,166.11,
78,76317,2023-05-04T18:00:00,FAMILY_STATUS,1,89,passed,2023-05-15T18:00:00,132.3,
79,70258,2023-01-13T13:00:00,TAX_CERT,8,28,passed,2023-03-14T13:00:00,72.44,
80,80539,2024-03-21T05:00:00,BUSINESS_PERMIT,12,134,rejected,2024-05-18T05:00:00,13.5,AUDIT_DONE
81,21359,2024-04-21T13:00:00,FAMILY_STATUS,12,152,passed,2024-06-20T13:00:00,170.34,
82,74789,2024-04-06T07:00:00,FAMILY_STATUS,8,146,passed,2024-04-14T07:00:00,75.8,
83,46211,2023-07-06T15:00:00,BIRTH_CERT,4,91,flagged,2023-08-20T15:00:00,1208.41,AUDIT_DONE
84,41499,2023-01-11T16:00:00,BUSINESS_PERMIT,4,22,passed,2023-02-22T16:00:00,81.29,
85,50135,2024-05-17T14:00:00,BIRTH_CERT,1,24,passed,2024-06-08T14:00:00,80.88,
86,53357,2024-01-13T15:00:00,FAMILY_STATUS,9,136,passed,2024-02-24T15:00:00,199.33,
87,25670,2024-04-09T08:00:00,BIRTH_CERT,5,65,passed,2024-05-06T08:00:00,144.26,
88,78765,2023-07-09T06:00:00,BIRTH_CERT,4,124,passed,2023-09-02T06:00:00,117.92,
89,80010,2023-10-17T03:00:00,TAX_CERT,4,76,passed,2023-10-24T03:00:00,35.89,
90,74340,2023-10-08T01:00:00,ID_RENEWAL,1,142,passed,2023-11-24T01:00:00,188.82,
91,43092,2023-01-13T18:00:00,BUSINESS_PERMIT,5,121,passed,2023-01-23T18:00:00,68.14,
92,29887,2023-04-27T02:00:00,TAX_CERT,7,126,passed,2023-05-07T02:00:00,125.89,
93,91057,2023-11-08T02:00:00,TAX_CERT,4,31,passed,2023-12-23T02:00:00,83.23,
94,50026,2024-06-19T12:00:00,BIRTH_CERT,8,114,passed,2024-07-23T12:00:00,117.71,
95,44687,2023-03-03T19:00:00,ID_RENEWAL,12,26,rejected,2023-03-23T19:00:00,10.39,AUDIT_DONE
96,87832,2023-06-10T07:00:00,BUSINESS_PERMIT,3,142,passed,2023-07-15T07:00:00,0.54,
97,19329,2023-10-26T01:00:00,TAX_CERT,4,74,flagged,2023-12-01T01:00:00,1643.59,AUDIT_DONE
98,81376,2023-09-28T20:00:00,TAX_CERT,10,170,flagged,2023-10-12T20:00:00,1037.38,AUDIT_DONE
99,84607,2023-06-02T08:00:00,FAMILY_STATUS,3,19,passed,2023-07-17T08:00:00,158.53,
100,75597,2024-03-25T03:00:00,BIRTH_CERT,8,177,passed,2024-04-18T03:00:00,80.5,
101,89129,2024-05-20T14:00:00,FAMILY_STATUS,2,154,passed,2024-06-16T14:00:00,86.41,
102,98117,2023-01-27T02:00:00,FAMILY_STATUS,4,173,flagged,2023-02-04T02:00:00,1490.24,AUDIT_DONE
103,86720,2023-02-11T05:00:00,BUSINESS_PERMIT,8,133,passed,2023-03-01T05:00:00,183.21,
104,31079,2024-05-18T02:00:00,FAMILY_STATUS,8,90,passed,2024-05-31T02:00:00,64.21,
105,82102,2024-02-26T22:00:00,ID_RENEWAL,8,74,passed,2024-04-21T22:00:00,80.09,
106,77449,2024-04-10T02:00:00,ID_RENEWAL,6,65,passed,2024-05-12T02:00:00,194.04,
107,91973,2024-04-18T13:00:00,BUSINESS_PERMIT,1,49,passed,2024-05-26T13:00:00,124.53,
108,73532,2023-02-22T06:00:00,ID_RENEWAL,5,141,passed,2023-04-14T06:00:00,57.61,
109,82384,2023-01-30T20:00:00,BUSINESS_PERMIT,10,62,flagged,2023-02-06T20:00:00,1172.9,AUDIT_DONE
110,75323,2023-04-06T07:00:00,FAMILY_STATUS,2,119,rejected,2023-04-22T07:00:00,32.39,AUDIT_DONE
111,69871,2024-06-05T22:00:00,BIRTH_CERT,5,107,flagged,2024-06-27T22:00:00,1976.29,AUDIT_DONE
112,46208,2023-05-29T12:00:00,BUSINESS_PERMIT,4,154,passed,2023-06-09T12:00:00,175.87,
113,86011,2023-12-15T16:00:00,BUSINESS_PERMIT,5,1,passed,2024-01-28T16:00:00,59.71,
114,59441,2023-06-02T14:00:00,BUSINESS_PERMIT,9,124,passed,2023-07-13T14:00:00,110.38,
115,63841,2023-11-26T06:00:00,ID_RENEWAL,12,62,passed,2024-01-21T06:00:00,46.71,
116,95461,2023-11-22T23:00:00,TAX_CERT,8,98,passed,2024-01-20T23:00:00,132.74,
117,67711,2024-05-22T01:00:00,ID_RENEWAL,3,129,rejected,2024-06-04T01:00:00,16.6,AUDIT_DONE
118,19807,2024-06-22T14:00:00,BUSINESS_PERMIT,1,37,passed,2024-07-08T14:00:00,130.96,
119,98389,2023-09-29T10:00:00,BIRTH_CERT,10,178,passed,2023-10-27T10:00:00,16.06,
120,40771,2024-01-25T10:00:00,FAMILY_STATUS,11,125,flagged,2024-02-05T10:00:00,843.08,AUDIT_DONE
121,23173,2023-08-21T23:00:00,BUSINESS_PERMIT,2,112,rejected,2023-10-12T23:00:00,38.02,AUDIT_DONE
122,56984,2023-06-20T22:00:00,FAMILY_STATUS,5,8,passed,2023-07-15T22:00:00,159.23,
123,32280,2024-03-17T04:00:00,TAX_CERT,4,136,passed,2024-04-04T04:00:00,136.36,
124,28758,2023-03-22T19:00:00,TAX_CERT,7,159,passed,2023-05-05T19:00:00,99.53,
125,70981,2024-04-17T20:00:00,FAMILY_STATUS,5,118,passed,2024-06-14T20:00:00,1.88,
126,42780,2023-06-11T02:00:00,BUSINESS_PERMIT,8,89,rejected,2023-07-15T02:00:00,14.96,AUDIT_DONE
127,85341,2023-11-06T06:00:00,FAMILY_STATUS,7,124,passed,2023-12-05T06:00:00,76.27,
128,16428,2023-10-30T00:00:00,BIRTH_CERT,11,102,passed,2023-12-19T00:00:00,113.19,
129,91381,2024-05-23T09:00:00,FAMILY_STATUS,4,156,flagged,2024-06-11T09:00:00,1062.81,AUDIT_DONE
130,14373,2023-05-21T20:00:00,BIRTH_CERT,2,161,passed,2023-06-25T20:00:00,61.79,
131,33021,2024-01-09T23:00:00,TAX_CERT,3,24,rejected,2024-02-11T23:00:00,16.34,AUDIT_DONE
132,43681,2023-05-16T17:00:00,BUSINESS_PERMIT,6,136,passed,2023-06-02T17:00:00,54.51,
133,39571,2023-10-30T23:00:00,BUSINESS_PERMIT,6,30,passed,2023-12-24T23:00:00,15.06,
134,98188,2024-01-10T02:00:00,FAMILY_STATUS,7,4,passed,2024-02-09T02:00:00,24.72,
135,83584,2024-01-26T20:00:00,FAMILY_STATUS,6,28,passed,2024-03-12T20:00:00,94.3,
136,95097,2023-08-15T20:00:00,BUSINESS_PERMIT,2,163,flagged,2023-09-10T20:00:00,1891.27,AUDIT_DONE
137,40775,2023-04-30T04:00:00,BIRTH_CERT,1,10,passed,2023-05-13T04:00:00,98.52,
138,64935,2023-05-19T12:00:00,BIRTH_CERT,8,95,passed,2023-06-29T12:00:00,148.63,
139,14288,2023-06-08T13:00:00,FAMILY_STATUS,11,26,flagged,2023-07-02T13:00:00,1538.78,AUDIT_DONE
140,58147,2023-08-11T14:00:00,BIRTH_CERT,8,61,flagged,2023-09-30T14:00:00,919.23,AUDIT_DONE
141,69600,2024-01-03T01:00:00,ID_RENEWAL,7,71,passed,2024-03-02T01:00:00,24.43,
142,41925,2023-08-06T20:00:00,TAX_CERT,11,153,rejected,2023-09-03T20:00:00,2.53,AUDIT_DONE
143,53064,2023-07-30T02:00:00,TAX_CERT,9,54,passed,2023-08-20T02:00:00,162.61,
144,96646,2023-01-03T08:00:00,ID_RENEWAL,3,34,passed,2023-01-17T08:00:00,159.7,
145,16868,2023-05-15T00:00:00,TAX_CERT,6,61,passed,2023-06-07T00:00:00,3.16,
146,87812,2024-03-07T16:00:00,ID_RENEWAL,2,17,passed,2024-04-15T16:00:00,155.6,
147,78347,2024-04-07T16:00:00,FAMILY_STATUS,4,158,passed,2024-05-26T16:00:00,156.65,
148,99928,2024-04-14T20:00:00,ID_RENEWAL,1,16,rejected,2024-05-18T20:00:00,42.36,AUDIT_DONE
149,18609,2024-05-17T22:00:00,TAX_CERT,8,19,flagged,2024-06-02T22:00:00,1186.53,AUDIT_DONE
150,79541,2023-10-09T19:00:00,FAMILY_STATUS,11,150,passed,2023-11-23T19:00:00,65.04,
151,95316,2024-04-09T16:00:00,BIRTH_CERT,10,111,passed,2024-05-27T16:00:00,140.36,
152,64524,2023-08-09T13:00:00,ID_RENEWAL,8,59,passed,2023-09-10T13:00:00,165.48,
153,72163,2023-11-17T13:00:00,ID_RENEWAL,6,171,passed,2024-01-06T13:00:00,190.72,
154,27054,2023-04-04T02:00:00,BIRTH_CERT,2,111,passed,2023-06-01T02:00:00,147.76,
155,97207,2023-03-03T18:00:00,BUSINESS_PERMIT,9,144,passed,2023-04-01T18:00:00,24.45,
156,30280,2023-02-22T09:00:00,BUSINESS_PERMIT,10,80,passed,2023-03-14T09:00:00,115.58,
157,39643,2023-08-18T03:00:00,BUSINESS_PERMIT,6,143,passed,2023-09-30T03:00:00,152.52,
158,50499,2023-01-27T19:00:00,FAMILY_STATUS,11,178,passed,2023-03-19T19:00:00,36.08,
159,92991,2023-12-26T00:00:00,ID_RENEWAL,3,37,passed,2024-01-11T00:00:00,80.16,
160,58503,2023-04-04T23:00:00,FAMILY_STATUS,9,56,passed,2023-04-21T23:00:00,90.73,
161,90981,2023-11-29T18:00:00,ID_RENEWAL,10,22,flagged,2024-01-23T18:00:00,986.7,AUDIT_DONE
162,45804,2023-03-25T08:00:00,TAX_CERT,8,170,passed,2023-04-27T08:00:00,121.42,
163,73783,2024-06-08T03:00:00,BIRTH_CERT,6,111,passed,2024-07-22T03:00:00,135.64,
164,49507,2023-11-12T01:00:00,TAX_CERT,4,102,rejected,2023-12-02T01:00:00,2.74,AUDIT_DONE
165,33028,2023-05-21T08:00:00,TAX_CERT,5,84,passed,2023-06-24T08:00:00,99.48,
166,56421,2024-01-25T17:00:00,ID_RENEWAL,12,59,passed,2024-03-23T17:00:00,166.67,
167,85465,2024-02-11T23:00:00,BUSINESS_PERMIT,1,112,passed,2024-03-09T23:00:00,184.23,
168,32527,2024-02-19T22:00:00,BIRTH_CERT,11,107,passed,2024-03-17T22:00:00,81.01,
169,87184,2024-04-16T22:00:00,BUSINESS_PERMIT,6,23,passed,2024-05-20T22:00:00,21.17,
170,32037,2024-06-20T02:00:00,ID_RENEWAL,7,80,flagged,2024-08-15T02:00:00,1065.89,AUDIT_DONE
171,56019,2024-06-06T20:00:00,TAX_CERT,2,136,passed,2024-07-05T20:00:00,181.18,
172,95918,2023-08-30T03:00:00,ID_RENEWAL,3,66,passed,2023-10-24T03:00:00,120.48,
173,99277,2023-07-01T20:00:00,BIRTH_CERT,8,119,flagged,2023-08-05T20:00:00,1711.85,AUDIT_DONE
174,49691,2023-11-27T20:00:00,FAMILY_STATUS,6,39,passed,2024-01-13T20:00:00,93.78,
175,58331,2023-02-27T11:00:00,FAMILY_STATUS,9,19,passed,2023-03-09T11:00:00,90.38,
176,82655,2023-03-20T20:00:00,ID_RENEWAL,2,158,passed,2023-05-03T20:00:00,76.9,
177,18109,2024-04-05T18:00:00,BUSINESS_PERMIT,11,49,passed,2024-04-21T18:00:00,95.13,
178,67377,2023-04-16T10:00:00,BUSINESS_PERMIT,12,22,passed,2023-05-08T10:00:00,34.51,
179,63578,2024-06-20T16:00:00,FAMILY_STATUS,10,41,passed,2024-07-21T16:00:00,183.59,
180,60667,2023-02-23T20:00:00,FAMILY_STATUS,11,86,passed,2023-04-14T20:00:00,18.9,
181,96980,2023-09-16T23:00:00,TAX_CERT,11,155,flagged,2023-10-30T23:00:00,1200.03,AUDIT_DONE
182,21104,2023-12-25T09:00:00,FAMILY_STATUS,11,179,passed,2024-02-15T09:00:00,25.79,
183,99838,2024-01-21T20:00:00,BIRTH_CERT,6,33,passed,2024-03-15T20:00:00,165.79,
184,33627,2023-04-06T20:00:00,TAX_CERT,11,109,passed,2023-05-02T20:00:00,3.65,
185,23256,2023-12-16T15:00:00,BIRTH_CERT,4,58,rejected,2024-01-10T15:00:00,7.75,AUDIT_DONE
186,59377,2024-06-23T01:00:00,TAX_CERT,11,87,flagged,2024-08-07T01:00:00,1541.64,AUDIT_DONE
187,15726,2023-06-16T05:00:00,BUSINESS_PERMIT,12,160,flagged,2023-07-21T05:00:00,998.65,AUDIT_DONE
188,68841,2024-01-09T21:00:00,TAX_CERT,12,61,rejected,2024-03-04T21:00:00,30.53,AUDIT_DONE
189,70513,2023-09-02T09:00:00,FAMILY_STATUS,8,50,passed,2023-10-07T09:00:00,189.43,
190,89254,2024-01-27T16:00:00,TAX_CERT,9,108,rejected,2024-03-25T16:00:00,40.84,AUDIT_DONE
191,77621,2023-09-14T01:00:00,ID_RENEWAL,11,124,flagged,2023-09-27T01:00:00,1465.45,AUDIT_DONE
192,67340,2023-10-19T02:00:00,ID_RENEWAL,3,70,passed,2023-12-18T02:00:00,102.67,
193,40903,2023-08-16T14:00:00,BUSINESS_PERMIT,6,7,passed,2023-09-15T14:00:00,79.29,
194,95191,2023-03-25T11:00:00,FAMILY_STATUS,4,8,passed,2023-05-16T11:00:00,19.82,
195,28191,2023-05-30T04:00:00,BUSINESS_PERMIT,1,74,rejected,2023-07-29T04:00:00,23.62,AUDIT_DONE
196,81932,2024-04-04T19:00:00,BIRTH_CERT,1,21,passed,2024-04-20T19:00:00,43.13,
197,65027,2024-06-24T13:00:00,BIRTH_CERT,2,74,passed,2024-07-16T13:00:00,24.37,
198,85372,2024-04-13T02:00:00,TAX_CERT,2,128,passed,2024-05-22T02:00:00,3.29,
199,34551,2023-05-28T09:00:00,ID_RENEWAL,7,1,passed,2023-06-30T09:00:00,48.11,
200,82633,2024-06-20T11:00:00,ID_RENEWAL,2,135,passed,2024-07-29T11:00:00,157.28,
201,12128,2024-02-04T15:00:00,FAMILY_STATUS,1,163,passed,2024-03-29T15:00:00,74.66,
202,53583,2023-03-11T11:00:00,TAX_CERT,4,169,passed,2023-05-04T11:00:00,154.3,
203,99742,2023-02-15T11:00:00,BUSINESS_PERMIT,9,87,flagged,2023-04-12T11:00:00,1010.11,AUDIT_DONE
204,14847,2024-05-05T20:00:00,FAMILY_STATUS,3,35,passed,2024-06-10T20:00:00,155.24,
205,81176,2023-07-26T01:00:00,BUSINESS_PERMIT,4,11,passed,2023-08-27T01:00:00,62.02,
206,95948,2023-09-17T01:00:00,FAMILY_STATUS,11,49,passed,2023-09-27T01:00:00,172.43,
207,54438,2023-10-07T03:00:00,TAX_CERT,6,112,flagged,2023-11-07T03:00:00,1691.97,AUDIT_DONE
208,20828,2024-05-23T22:00:00,BUSINESS_PERMIT,8,95,rejected,2024-07-20T22:00:00,25.96,AUDIT_DONE
209,52981,2023-03-22T13:00:00,FAMILY_STATUS,10,47,passed,2023-04-03T13:00:00,64.24,
210,15551,2023-11-10T14:00:00,FAMILY_STATUS,10,110,passed,2023-12-15T14:00:00,88.78,
211,77251,2024-03-21T08:00:00,TAX_CERT,11,15,passed,2024-04-20T08:00:00,127.5,
212,40932,2023-02-01T04:00:00,FAMILY_STATUS,10,174,flagged,2023-02-12T04:00:00,841.76,AUDIT_DONE
213,58760,2024-01-06T12:00:00,BUSINESS_PERMIT,10,9,passed,2024-02-05T12:00:00,135.81,
214,42717,2023-03-20T18:00:00,ID_RENEWAL,3,136,passed,2023-04-13T18:00:00,62.88,
215,44311,2023-01-27T23:00:00,FAMILY_STATUS,3,128,passed,2023-02-10T23:00:00,182.71,
216,26074,2024-04-01T06:00:00,TAX_CERT,10,74,passed,2024-04-20T06:00:00,199.73,
217,97535,2023-03-17T14:00:00,FAMILY_STATUS,3,114,rejected,2023-04-13T14:00:00,40.53,AUDIT_DONE
218,93584,2023-03-08T17:00:00,TAX_CERT,9,75,flagged,2023-04-29T17:00:00,1821.63,AUDIT_DONE
219,74752,2024-01-06T16:00:00,ID_RENEWAL,4,32,rejected,2024-01-28T16:00:00,39.6,AUDIT_DONE
220,90209,2024-01-05T17:00:00,ID_RENEWAL,10,95,passed,2024-01-20T17:00:00,196.6,
221,85353,2023-03-09T09:00:00,ID_RENEWAL,7,123,passed,2023-05-07T09:00:00,153.83,
222,26821,2023-05-09T10:00:00,BIRTH_CERT,11,19,passed,2023-06-07T10:00:00,136.02,
223,77908,2023-07-06T04:00:00,TAX_CERT,7,129,rejected,2023-07-20T04:00:00,2.77,AUDIT_DONE
224,47230,2023-11-08T05:00:00,ID_RENEWAL,3,83,rejected,2023-12-18T05:00:00,11.27,AUDIT_DONE
225,79924,2023-09-14T06:00:00,ID_RENEWAL,11,142,passed,2023-10-30T06:00:00,125.0,
226,91851,2024-05-29T20:00:00,BIRTH_CERT,3,152,rejected,2024-07-17T20:00:00,7.71,AUDIT_DONE
227,85598,2023-12-12T18:00:00,FAMILY_STATUS,1,8,passed,2024-02-06T18:00:00,189.71,
228,81509,2023-08-04T18:00:00,FAMILY_STATUS,7,159,passed,2023-09-20T18:00:00,99.61,
229,17852,2023-11-06T15:00:00,TAX_CERT,4,176,passed,2023-12-27T15:00:00,90.71,
230,51853,2024-03-26T13:00:00,FAMILY_STATUS,8,119,passed,2024-04-22T13:00:00,121.33,
231,26059,2024-02-13T04:00:00,FAMILY_STATUS,6,132,passed,2024-03-20T04:00:00,63.82,
232,64805,2024-04-05T07:00:00,TAX_CERT,3,25,passed,2024-05-21T07:00:00,189.08,
233,71186,2023-06-13T10:00:00,BUSINESS_PERMIT,10,81,passed,2023-07-22T10:00:00,31.87,
234,38199,2023-11-12T15:00:00,BIRTH_CERT,1,24,rejected,2023-12-04T15:00:00,25.27,AUDIT_DONE
235,98148,2023-12-28T01:00:00,BUSINESS_PERMIT,1,73,passed,2024-02-14T01:00:00,176.47,
236,57943,2023-10-20T17:00:00,BUSINESS_PERMIT,1,28,passed,2023-12-12T17:00:00,176.49,
237,47827,2024-01-10T01:00:00,ID_RENEWAL,7,14,passed,2024-02-21T01:00:00,38.93,
238,90090,2024-01-31T16:00:00,ID_RENEWAL,8,141,passed,2024-03-21T16:00:00,197.82,
239,28909,2023-05-12T03:00:00,TAX_CERT,7,96,flagged,2023-06-11T03:00:00,1206.9,AUDIT_DONE
240,72094,2024-06-05T12:00:00,BIRTH_CERT,9,11,passed,2024-07-03T12:00:00,27.41,
241,31299,2024-04-12T04:00:00,BUSINESS_PERMIT,10,132,passed,2024-05-09T04:00:00,186.27,
242,83783,2023-11-03T18:00:00,FAMILY_STATUS,6,130,flagged,2023-12-25T18:00:00,1438.81,AUDIT_DONE
243,50327,2024-05-01T00:00:00,ID_RENEWAL,6,85,passed,2024-06-14T00:00:00,195.98,
244,72973,2024-04-30T08:00:00,TAX_CERT,11,149,passed,2024-06-13T08:00:00,144.28,
245,99224,2024-06-20T20:00:00,TAX_CERT,12,159,flagged,2024-08-18T20:00:00,1256.23,AUDIT_DONE
246,29848,2023-02-02T18:00:00,BUSINESS_PERMIT,12,29,passed,2023-03-07T18:00:00,88.21,
247,18163,2023-07-28T13:00:00,TAX_CERT,9,157,rejected,2023-09-20T13:00:00,43.64,AUDIT_DONE
248,51124,2024-06-15T06:00:00,TAX_CERT,9,84,rejected,2024-07-16T06:00:00,23.92,AUDIT_DONE
249,99226,2024-04-15T17:00:00,FAMILY_STATUS,6,140,passed,2024-06-07T17:00:00,154.4,
250,47880,2024-05-10T06:00:00,TAX_CERT,4,72,passed,2024-06-05T06:00:00,44.97,
251,45842,2024-05-15T10:00:00,FAMILY_STATUS,8,90,passed,2024-07-07T10:00:00,186.9,
252,55237,2023-05-05T18:00:00,TAX_CERT,11,140,passed,2023-07-03T18:00:00,196.03,
253,72793,2023-10-25T01:00:00,TAX_CERT,5,21,passed,2023-11-17T01:00:00,88.48,
254,86917,2023-07-26T17:00:00,TAX_CERT,5,144,passed,2023-09-10T17:00:00,27.45,
255,64172,2023-09-06T01:00:00,FAMILY_STATUS,11,136,passed,2023-09-19T01:00:00,46.57,
256,63334,2024-04-28T03:00:00,BUSINESS_PERMIT,11,36,passed,2024-05-15T03:00:00,110.07,
257,21725,2024-05-03T20:00:00,BIRTH_CERT,4,74,passed,2024-06-28T20:00:00,129.18,
258,33040,2023-08-26T17:00:00,ID_RENEWAL,12,10,rejected,2023-10-25T17:00:00,8.75,AUDIT_DONE
259,89007,2024-02-11T15:00:00,ID_RENEWAL,3,75,flagged,2024-03-25T15:00:00,811.12,AUDIT_DONE
260,76088,2023-12-10T09:00:00,BUSINESS_PERMIT,8,165,passed,2023-12-25T09:00:00,98.78,
261,34405,2023-10-07T06:00:00,ID_RENEWAL,2,85,passed,2023-10-30T06:00:00,91.78,
262,63148,2023-12-12T09:00:00,BUSINESS_PERMIT,10,173,flagged,2024-01-28T09:00:00,1010.59,AUDIT_DONE
263,72580,2024-06-11T10:00:00,FAMILY_STATUS,2,103,passed,2024-06-26T10:00:00,36.96,
264,49576,2023-09-12T00:00:00,BIRTH_CERT,5,99,passed,2023-10-10T00:00:00,150.75,
265,71000,2023-01-12T08:00:00,FAMILY_STATUS,11,93,passed,2023-01-26T08:00:00,12.42,
266,50760,2023-06-13T12:00:00,ID_RENEWAL,11,129,rejected,2023-08-08T12:00:00,44.39,AUDIT_DONE
267,69634,2023-10-30T11:00:00,BIRTH_CERT,10,57,passed,2023-11-15T11:00:00,26.71,
268,97044,2024-01-18T13:00:00,TAX_CERT,12,141,rejected,2024-03-16T13:00:00,37.87,AUDIT_DONE
269,20237,2023-09-11T21:00:00,BIRTH_CERT,10,21,passed,2023-10-11T21:00:00,105.63,
270,53007,2023-04-25T01:00:00,BIRTH_CERT,9,130,passed,2023-05-12T01:00:00,107.33,
271,68390,2024-03-28T03:00:00,ID_RENEWAL,11,53,flagged,2024-05-06T03:00:00,1386.59,AUDIT_DONE
272,98181,2024-04-09T04:00:00,FAMILY_STATUS,9,107,passed,2024-05-15T04:00:00,11.55,
273,65534,2023-01-23T12:00:00,FAMILY_STATUS,5,1,flagged,2023-02-01T12:00:00,1493.97,AUDIT_DONE
274,63591,2023-03-07T17:00:00,TAX_CERT,1,18,rejected,2023-04-01T17:00:00,23.6,AUDIT_DONE
275,68790,2023-05-19T20:00:00,BUSINESS_PERMIT,12,166,rejected,2023-06-19T20:00:00,18.72,AUDIT_DONE
276,25549,2024-01-20T02:00:00,TAX_CERT,11,170,flagged,2024-02-18T02:00:00,959.59,AUDIT_DONE
277,70686,2024-02-07T16:00:00,BIRTH_CERT,3,58,flagged,2024-03-04T16:00:00,1707.42,AUDIT_DONE
278,34704,2024-03-10T17:00:00,ID_RENEWAL,7,59,passed,2024-04-03T17:00:00,69.23,
279,41544,2023-02-02T21:00:00,TAX_CERT,7,158,flagged,2023-02-10T21:00:00,1860.51,AUDIT_DONE
280,42077,2023-03-10T03:00:00,ID_RENEWAL,10,9,passed,2023-03-20T03:00:00,134.4,
281,28367,2024-02-16T14:00:00,BIRTH_CERT,4,139,passed,2024-02-26T14:00:00,172.75,
282,52030,2023-10-24T07:00:00,TAX_CERT,12,148,passed,2023-12-13T07:00:00,119.58,
283,82970,2023-11-06T04:00:00,BIRTH_CERT,11,134,passed,2023-11-16T04:00:00,60.1,
284,94320,2023-06-29T20:00:00,BUSINESS_PERMIT,11,110,passed,2023-07-28T20:00:00,9.38,
285,80507,2024-06-21T10:00:00,BUSINESS_PERMIT,12,107,passed,2024-07-09T10:00:00,59.98,
286,64090,2023-09-04T07:00:00,BUSINESS_PERMIT,5,37,flagged,2023-10-16T07:00:00,1897.69,AUDIT_DONE
287,58637,2023-05-18T12:00:00,ID_RENEWAL,4,66,passed,2023-06-22T12:00:00,129.34,
288,34662,2023-07-15T01:00:00,BIRTH_CERT,5,97,passed,2023-07-26T01:00:00,120.58,
289,34906,2023-08-11T15:00:00,ID_RENEWAL,4,86,passed,2023-08-31T15:00:00,181.8,
290,82362,2024-05-05T07:00:00,FAMILY_STATUS,12,155,flagged,2024-05-27T07:00:00,1275.96,AUDIT_DONE
291,77215,2023-10-17T12:00:00,BUSINESS_PERMIT,8,137,passed,2023-11-16T12:00:00,61.68,
292,58589,2024-04-22T03:00:00,FAMILY_STATUS,12,121,flagged,2024-05-12T03:00:00,1184.28,AUDIT_DONE
293,86550,2024-02-28T01:00:00,BIRTH_CERT,10,57,flagged,2024-04-10T01:00:00,819.46,AUDIT_DONE
294,42208,2024-03-03T09:00:00,BUSINESS_PERMIT,3,51,passed,2024-05-02T09:00:00,75.97,
295,56160,2023-12-12T08:00:00,TAX_CERT,8,165,flagged,2024-02-03T08:00:00,1352.99,AUDIT_DONE
296,17698,2023-05-24T23:00:00,BIRTH_CERT,9,126,passed,2023-07-11T23:00:00,177.87,
297,92667,2023-02-04T02:00:00,TAX_CERT,11,13,flagged,2023-04-05T02:00:00,1294.87,AUDIT_DONE
298,90980,2023-03-11T22:00:00,BIRTH_CERT,3,3,passed,2023-03-21T22:00:00,91.2,
299,12192,2024-05-09T21:00:00,BIRTH_CERT,8,5,passed,2024-05-16T21:00:00,110.33,
300,33496,2023-10-09T17:00:00,ID_RENEWAL,5,5,passed,2023-11-12T17:00:00,139.57,
301,56457,2023-04-09T16:00:00,FAMILY_STATUS,3,62,passed,2023-06-07T16:00:00,105.29,
302,39603,2024-02-11T02:00:00,FAMILY_STATUS,6,104,passed,2024-04-02T02:00:00,48.64,
303,72390,2023-03-24T20:00:00,ID_RENEWAL,11,9,passed,2023-05-05T20:00:00,75.85,
304,53420,2023-01-10T22:00:00,BIRTH_CERT,3,22,passed,2023-03-08T22:00:00,86.78,
305,72324,2023-04-08T16:00:00,FAMILY_STATUS,1,59,passed,2023-05-21T16:00:00,173.62,
306,33508,2023-02-17T02:00:00,FAMILY_STATUS,11,72,flagged,2023-02-26T02:00:00,1476.21,AUDIT_DONE
307,20084,2023-01-17T06:00:00,FAMILY_STATUS,10,37,flagged,2023-02-18T06:00:00,1655.25,AUDIT_DONE
308,53480,2023-06-16T18:00:00,BUSINESS_PERMIT,4,146,flagged,2023-07-27T18:00:00,1266.99,AUDIT_DONE
309,22803,2023-05-24T22:00:00,BUSINESS_PERMIT,12,21,passed,2023-06-03T22:00:00,194.86,
310,52778,2023-08-26T02:00:00,ID_RENEWAL,6,155,flagged,2023-09-27T02:00:00,1945.83,AUDIT_DONE
311,34345,2023-10-07T14:00:00,BIRTH_CERT,8,59,passed,2023-11-10T14:00:00,188.23,
312,45123,2024-01-25T02:00:00,TAX_CERT,10,76,flagged,2024-02-06T02:00:00,1655.73,AUDIT_DONE
313,21995,2024-01-25T22:00:00,ID_RENEWAL,11,40,flagged,2024-02-07T22:00:00,1180.01,AUDIT_DONE
314,68830,2023-11-12T14:00:00,BIRTH_CERT,6,70,passed,2023-12-16T14:00:00,17.46,
315,88386,2024-06-08T13:00:00,FAMILY_STATUS,2,7,passed,2024-07-23T13:00:00,110.84,
316,41816,2024-01-30T00:00:00,BIRTH_CERT,5,106,passed,2024-03-12T00:00:00,16.94,
317,74634,2024-06-17T05:00:00,TAX_CERT,11,98,passed,2024-07-11T05:00:00,53.78,
318,57333,2023-03-06T05:00:00,FAMILY_STATUS,7,71,passed,2023-03-17T05:00:00,96.85,
319,27758,2023-09-10T23:00:00,FAMILY_STATUS,11,127,passed,2023-09-23T23:00:00,39.11,
320,53874,2023-01-07T12:00:00,BUSINESS_PERMIT,6,159,passed,2023-02-11T12:00:00,172.44,
321,33283,2023-05-20T09:00:00,BUSINESS_PERMIT,6,155,rejected,2023-06-16T09:00:00,10.04,AUDIT_DONE
322,41775,2023-11-23T09:00:00,FAMILY_STATUS,12,178,passed,2024-01-19T09:00:00,193.55,
323,81516,2024-01-21T08:00:00,TAX_CERT,7,94,passed,2024-03-05T08:00:00,112.77,
324,19064,2023-01-28T23:00:00,BUSINESS_PERMIT,8,54,passed,2023-03-20T23:00:00,58.27,
325,65460,2024-05-26T04:00:00,BUSINESS_PERMIT,11,78,passed,2024-07-17T04:00:00,131.73,
326,64827,2023-03-17T14:00:00,BIRTH_CERT,10,123,passed,2023-05-07T14:00:00,106.87,
327,42536,2023-02-07T11:00:00,FAMILY_STATUS,12,138,passed,2023-02-20T11:00:00,182.88,
328,62378,2023-06-20T20:00:00,FAMILY_STATUS,10,12,passed,2023-08-07T20:00:00,129.01,
329,83137,2024-03-16T03:00:00,BIRTH_CERT,1,26,passed,2024-04-25T03:00:00,102.14,
330,75597,2023-08-15T14:00:00,TAX_CERT,6,101,passed,2023-10-05T14:00:00,135.91,
331,25213,2023-12-20T00:00:00,TAX_CERT,8,27,passed,2024-01-01T00:00:00,184.11,
332,72411,2023-12-23T09:00:00,ID_RENEWAL,6,117,flagged,2024-01-21T09:00:00,1425.34,AUDIT_DONE
333,25084,2024-03-24T23:00:00,ID_RENEWAL,12,116,passed,2024-05-21T23:00:00,60.05,
334,41970,2023-12-18T20:00:00,BIRTH_CERT,2,174,flagged,2024-02-10T20:00:00,1915.91,AUDIT_DONE
335,63090,2023-06-28T17:00:00,TAX_CERT,3,85,passed,2023-07-19T17:00:00,191.69,
336,68926,2023-07-10T20:00:00,BIRTH_CERT,11,111,passed,2023-07-29T20:00:00,147.48,
337,18200,2024-03-15T12:00:00,BIRTH_CERT,1,55,passed,2024-05-12T12:00:00,150.47,
338,97910,2023-04-15T17:00:00,BUSINESS_PERMIT,3,94,passed,2023-05-08T17:00:00,91.51,
339,55603,2024-06-24T20:00:00,FAMILY_STATUS,6,153,passed,2024-07-08T20:00:00,78.51,
340,87354,2024-04-13T19:00:00,ID_RENEWAL,3,173,flagged,2024-05-29T19:00:00,1156.93,AUDIT_DONE
341,28528,2023-05-18T10:00:00,BIRTH_CERT,2,62,passed,2023-07-08T10:00:00,36.61,
342,93296,2024-02-02T13:00:00,BIRTH_CERT,10,36,passed,2024-03-11T13:00:00,84.61,
343,69113,2023-06-27T17:00:00,BIRTH_CERT,3,126,passed,2023-08-26T17:00:00,37.42,
344,76248,2023-02-24T11:00:00,BUSINESS_PERMIT,1,125,passed,2023-04-07T11:00:00,163.04,
345,20835,2024-02-23T21:00:00,BIRTH_CERT,8,107,flagged,2024-03-11T21:00:00,1332.62,AUDIT_DONE
346,69942,2023-02-01T07:00:00,BIRTH_CERT,5,9,passed,2023-02-18T07:00:00,107.52,
347,58085,2024-05-22T17:00:00,BIRTH_CERT,9,29,passed,2024-07-02T17:00:00,53.58,
348,95678,2023-02-12T23:00:00,TAX_CERT,8,140,passed,2023-04-07T23:00:00,85.03,
349,25386,2023-11-01T01:00:00,TAX_CERT,8,68,passed,2023-12-06T01:00:00,163.35,
350,66120,2023-08-03T23:00:00,TAX_CERT,10,177,passed,2023-09-19T23:00:00,142.15,
351,80617,2023-05-23T06:00:00,TAX_CERT,4,16,passed,2023-07-07T06:00:00,106.46,
352,99037,2023-11-28T22:00:00,ID_RENEWAL,5,75,passed,2024-01-06T22:00:00,190.48,
353,42725,2023-05-19T13:00:00,TAX_CERT,1,71,flagged,2023-06-03T13:00:00,952.27,AUDIT_DONE
354,92288,2023-11-26T07:00:00,BUSINESS_PERMIT,11,101,passed,2023-12-20T07:00:00,115.49,
355,77582,2024-01-20T14:00:00,FAMILY_STATUS,2,163,flagged,2024-02-21T14:00:00,1722.66,AUDIT_DONE
356,22208,2024-01-13T14:00:00,BUSINESS_PERMIT,8,84,passed,2024-03-06T14:00:00,173.78,
357,74843,2024-01-02T02:00:00,FAMILY_STATUS,9,102,passed,2024-01-22T02:00:00,85.93,
358,55054,2023-11-27T09:00:00,ID_RENEWAL,6,141,passed,2024-01-04T09:00:00,113.23,
359,67840,2023-02-17T03:00:00,BUSINESS_PERMIT,11,118,passed,2023-03-06T03:00:00,185.89,
360,30837,2023-01-01T13:00:00,FAMILY_STATUS,4,177,rejected,2023-01-27T13:00:00,44.11,AUDIT_DONE
361,31695,2023-04-06T20:00:00,ID_RENEWAL,6,65,passed,2023-05-24T20:00:00,132.9,
362,22475,2024-02-10T20:00:00,ID_RENEWAL,5,180,flagged,2024-02-22T20:00:00,1315.08,AUDIT_DONE
363,11217,2023-08-07T15:00:00,ID_RENEWAL,2,34,passed,2023-09-11T15:00:00,103.89,
364,21708,2023-12-18T03:00:00,ID_RENEWAL,7,178,passed,2024-01-18T03:00:00,14.17,
365,27451,2023-04-16T10:00:00,TAX_CERT,6,77,passed,2023-06-10T10:00:00,154.69,
366,37925,2023-03-12T16:00:00,TAX_CERT,10,3,passed,2023-04-10T16:00:00,32.82,
367,28351,2024-02-26T19:00:00,ID_RENEWAL,11,114,flagged,2024-03-10T19:00:00,904.03,AUDIT_DONE
368,21042,2024-01-29T11:00:00,TAX_CERT,7,81,flagged,2024-03-17T11:00:00,1097.34,AUDIT_DONE
369,76784,2023-10-19T22:00:00,TAX_CERT,1,169,flagged,2023-12-03T22:00:00,1046.53,AUDIT_DONE
370,74865,2024-02-06T09:00:00,BUSINESS_PERMIT,11,14,flagged,2024-02-28T09:00:00,1752.53,AUDIT_DONE
371,57329,2023-04-26T07:00:00,FAMILY_STATUS,8,164,passed,2023-05-03T07:00:00,105.66,
372,71736,2023-05-16T12:00:00,ID_RENEWAL,10,108,passed,2023-07-10T12:00:00,136.59,
373,62163,2023-01-18T18:00:00,BIRTH_CERT,2,4,passed,2023-01-28T18:00:00,7.97,
374,20803,2023-10-21T20:00:00,BIRTH_CERT,12,129,flagged,2023-11-22T20:00:00,1308.29,AUDIT_DONE
375,30365,2023-06-06T08:00:00,BIRTH_CERT,2,80,passed,2023-08-03T08:00:00,184.18,
376,18665,2023-12-01T12:00:00,FAMILY_STATUS,10,163,flagged,2024-01-18T12:00:00,1579.81,AUDIT_DONE
377,69424,2024-03-23T23:00:00,BIRTH_CERT,4,15,passed,2024-04-06T23:00:00,184.93,
378,27984,2023-02-26T09:00:00,ID_RENEWAL,11,169,flagged,2023-04-19T09:00:00,943.33,AUDIT_DONE
379,31884,2023-06-17T15:00:00,FAMILY_STATUS,6,134,passed,2023-07-10T15:00:00,164.5,
380,66272,2023-05-10T23:00:00,FAMILY_STATUS,5,31,flagged,2023-07-07T23:00:00,835.23,AUDIT_DONE
381,57202,2024-06-20T02:00:00,ID_RENEWAL,5,148,passed,2024-07-29T02:00:00,99.23,
382,98358,2024-05-26T18:00:00,ID_RENEWAL,3,95,passed,2024-07-08T18:00:00,154.67,
383,16026,2023-08-22T23:00:00,BUSINESS_PERMIT,9,1,passed,2023-09-13T23:00:00,172.59,
384,95944,2024-01-08T12:00:00,BUSINESS_PERMIT,3,46,rejected,2024-02-19T12:00:00,42.87,AUDIT_DONE
385,20208,2023-08-18T10:00:00,BIRTH_CERT,4,107,rejected,2023-10-16T10:00:00,16.0,AUDIT_DONE
386,77603,2024-01-17T03:00:00,ID_RENEWAL,9,173,rejected,2024-03-15T03:00:00,8.97,AUDIT_DONE
387,82494,2024-02-15T02:00:00,BUSINESS_PERMIT,8,73,flagged,2024-02-27T02:00:00,1172.84,AUDIT_DONE
388,41795,2023-01-09T11:00:00,BUSINESS_PERMIT,4,75,passed,2023-02-24T11:00:00,60.78,
389,42129,2024-01-13T18:00:00,TAX_CERT,8,51,flagged,2024-03-10T18:00:00,1455.87,AUDIT_DONE
390,11257,2023-01-07T13:00:00,FAMILY_STATUS,1,60,passed,2023-02-27T13:00:00,127.19,
391,65026,2023-01-02T21:00:00,BUSINESS_PERMIT,7,79,passed,2023-01-24T21:00:00,105.96,
392,64140,2023-03-03T04:00:00,FAMILY_STATUS,12,72,passed,2023-04-12T04:00:00,184.25,
393,61688,2024-04-14T23:00:00,ID_RENEWAL,2,149,passed,2024-06-12T23:00:00,26.7,
394,61505,2023-03-05T13:00:00,FAMILY_STATUS,11,34,passed,2023-04-01T13:00:00,52.2,
395,86638,2023-11-22T14:00:00,ID_RENEWAL,5,60,passed,2024-01-17T14:00:00,40.54,
396,56961,2023-06-09T03:00:00,TAX_CERT,3,116,passed,2023-07-20T03:00:00,81.3,
397,99922,2024-04-07T09:00:00,FAMILY_STATUS,8,68,flagged,2024-06-04T09:00:00,908.51,AUDIT_DONE
398,61936,2023-02-11T06:00:00,BIRTH_CERT,6,38,passed,2023-03-12T06:00:00,49.64,
399,69270,2023-02-20T21:00:00,BIRTH_CERT,5,67,flagged,2023-03-24T21:00:00,1008.64,AUDIT_DONE
400,18083,2023-09-13T03:00:00,TAX_CERT,8,27,flagged,2023-09-20T03:00:00,967.75,AUDIT_DONE
401,86326,2023-05-14T06:00:00,BIRTH_CERT,7,96,passed,2023-05-26T06:00:00,187.51,
402,26880,2023-09-23T02:00:00,ID_RENEWAL,1,17,passed,2023-11-20T02:00:00,129.2,
403,61773,2023-12-06T03:00:00,BUSINESS_PERMIT,1,119,passed,2024-01-09T03:00:00,184.83,
404,46042,2023-01-31T12:00:00,FAMILY_STATUS,11,110,passed,2023-02-18T12:00:00,42.94,
405,75390,2024-04-01T04:00:00,BUSINESS_PERMIT,1,158,passed,2024-04-26T04:00:00,49.16,
406,78919,2024-05-05T01:00:00,TAX_CERT,2,72,passed,2024-06-22T01:00:00,83.85,
407,84141,2023-01-20T12:00:00,BIRTH_CERT,12,92,passed,2023-02-18T12:00:00,156.29,
408,46822,2023-11-26T12:00:00,ID_RENEWAL,5,47,passed,2023-12-04T12:00:00,119.42,
409,42487,2024-04-28T16:00:00,TAX_CERT,6,150,rejected,2024-05-11T16:00:00,48.7,AUDIT_DONE
410,60911,2023-09-30T17:00:00,FAMILY_STATUS,12,15,flagged,2023-11-12T17:00:00,1937.36,AUDIT_DONE
411,87537,2023-06-27T05:00:00,ID_RENEWAL,4,152,passed,2023-07-26T05:00:00,147.62,
412,74517,2023-12-27T18:00:00,BIRTH_CERT,10,37,passed,2024-02-23T18:00:00,37.65,
413,12612,2023-11-13T05:00:00,BIRTH_CERT,8,10,passed,2023-12-04T05:00:00,46.52,
414,33260,2024-05-04T00:00:00,FAMILY_STATUS,6,158,passed,2024-06-25T00:00:00,26.1,
415,78982,2023-03-02T00:00:00,FAMILY_STATUS,3,151,flagged,2023-03-16T00:00:00,969.98,AUDIT_DONE
416,52284,2023-03-16T11:00:00,TAX_CERT,12,170,passed,2023-04-11T11:00:00,20.21,
417,83659,2023-06-11T23:00:00,BIRTH_CERT,7,164,rejected,2023-06-29T23:00:00,32.46,AUDIT_DONE
418,48602,2024-01-01T07:00:00,TAX_CERT,11,151,flagged,2024-02-23T07:00:00,1254.06,AUDIT_DONE
419,84381,2023-07-01T23:00:00,ID_RENEWAL,1,180,rejected,2023-08-26T23:00:00,19.58,AUDIT_DONE
420,28434,2023-07-06T19:00:00,FAMILY_STATUS,6,157,passed,2023-08-13T19:00:00,113.11,
421,97821,2023-03-21T07:00:00,FAMILY_STATUS,6,82,passed,2023-04-02T07:00:00,177.06,
422,24160,2024-04-02T00:00:00,ID_RENEWAL,5,54,passed,2024-04-25T00:00:00,13.56,
423,59638,2023-02-19T12:00:00,FAMILY_STATUS,8,108,rejected,2023-03-29T12:00:00,44.23,AUDIT_DONE
424,69151,2024-01-20T03:00:00,ID_RENEWAL,8,148,passed,2024-02-06T03:00:00,137.43,
425,32296,2023-02-04T09:00:00,BUSINESS_PERMIT,1,82,passed,2023-03-04T09:00:00,20.95,
426,87860,2023-06-14T23:00:00,BIRTH_CERT,2,141,rejected,2023-07-12T23:00:00,48.9,AUDIT_DONE
427,30591,2024-05-09T22:00:00,ID_RENEWAL,1,111,rejected,2024-06-12T22:00:00,8.25,AUDIT_DONE
428,80795,2023-04-14T10:00:00,FAMILY_STATUS,4,49,passed,2023-06-06T10:00:00,110.82,
429,74349,2023-10-16T09:00:00,TAX_CERT,4,25,passed,2023-12-15T09:00:00,114.35,
430,88671,2023-02-25T11:00:00,BUSINESS_PERMIT,1,110,passed,2023-04-13T11:00:00,164.78,
431,72071,2023-07-24T03:00:00,ID_RENEWAL,1,53,passed,2023-08-05T03:00:00,58.36,
432,81319,2023-11-12T12:00:00,BUSINESS_PERMIT,8,126,flagged,2023-12-30T12:00:00,1118.01,AUDIT_DONE
433,70956,2023-07-09T11:00:00,FAMILY_STATUS,7,95,passed,2023-08-13T11:00:00,8.92,
434,21233,2023-08-20T08:00:00,FAMILY_STATUS,10,16,passed,2023-09-02T08:00:00,139.29,
435,64870,2024-02-28T18:00:00,BIRTH_CERT,4,142,passed,2024-04-08T18:00:00,77.42,
436,14551,2024-05-01T18:00:00,BIRTH_CERT,4,122,passed,2024-06-22T18:00:00,78.96,
437,32659,2024-06-13T18:00:00,TAX_CERT,11,159,passed,2024-07-18T18:00:00,189.85,
438,36465,2023-08-05T06:00:00,TAX_CERT,3,11,passed,2023-09-08T06:00:00,197.66,
439,52746,2023-09-22T10:00:00,FAMILY_STATUS,12,18,passed,2023-11-03T10:00:00,111.27,
440,24748,2024-06-16T14:00:00,BUSINESS_PERMIT,1,180,passed,2024-07-19T14:00:00,104.51,
441,23845,2023-06-03T04:00:00,BIRTH_CERT,10,151,passed,2023-06-16T04:00:00,192.97,
442,73646,2023-04-14T09:00:00,BIRTH_CERT,9,89,flagged,2023-06-01T09:00:00,1116.96,AUDIT_DONE
443,62654,2024-04-29T01:00:00,ID_RENEWAL,3,71,passed,2024-06-18T01:00:00,123.65,
444,58816,2024-02-10T10:00:00,ID_RENEWAL,12,61,passed,2024-03-05T10:00:00,95.04,
445,22873,2023-12-12T09:00:00,TAX_CERT,5,72,flagged,2024-01-31T09:00:00,1829.88,AUDIT_DONE
446,64627,2023-05-18T09:00:00,BIRTH_CERT,12,114,flagged,2023-07-10T09:00:00,1185.04,AUDIT_DONE
447,77698,2023-04-02T06:00:00,FAMILY_STATUS,8,55,rejected,2023-05-10T06:00:00,20.36,AUDIT_DONE
448,78719,2023-02-27T16:00:00,BIRTH_CERT,3,17,passed,2023-03-14T16:00:00,101.36,
449,16626,2023-01-30T05:00:00,FAMILY_STATUS,4,52,flagged,2023-03-07T05:00:00,1099.39,AUDIT_DONE
450,99282,2023-07-23T08:00:00,ID_RENEWAL,6,119,passed,2023-08-06T08:00:00,127.08,
451,86923,2023-09-05T11:00:00,BIRTH_CERT,8,153,passed,2023-10-12T11:00:00,192.1,
452,13597,2023-12-25T11:00:00,BUSINESS_PERMIT,3,67,flagged,2024-01-19T11:00:00,1626.62,AUDIT_DONE
453,37096,2023-02-20T05:00:00,FAMILY_STATUS,10,55,flagged,2023-04-11T05:00:00,1576.86,AUDIT_DONE
454,32701,2024-02-24T16:00:00,BIRTH_CERT,1,175,passed,2024-04-12T16:00:00,182.3,
455,94245,2023-01-09T07:00:00,FAMILY_STATUS,5,156,flagged,2023-03-02T07:00:00,1166.55,AUDIT_DONE
456,78241,2024-03-09T12:00:00,BIRTH_CERT,6,118,passed,2024-04-28T12:00:00,93.34,
457,59051,2024-02-11T18:00:00,BIRTH_CERT,2,2,passed,2024-04-11T18:00:00,132.47,
458,93964,2023-10-17T09:00:00,FAMILY_STATUS,11,28,passed,2023-11-10T09:00:00,67.26,
459,41496,2023-10-11T08:00:00,ID_RENEWAL,11,167,passed,2023-12-05T08:00:00,29.99,
460,48745,2024-02-18T21:00:00,FAMILY_STATUS,6,175,passed,2024-03-27T21:00:00,5.09,
461,34892,2024-03-04T12:00:00,FAMILY_STATUS,7,10,passed,2024-05-02T12:00:00,198.95,
462,56988,2023-08-16T21:00:00,BIRTH_CERT,9,164,flagged,2023-10-04T21:00:00,1887.83,AUDIT_DONE
463,43902,2023-11-04T05:00:00,BIRTH_CERT,11,143,passed,2023-11-19T05:00:00,19.52,
464,50250,2023-07-07T21:00:00,BUSINESS_PERMIT,6,168,passed,2023-08-30T21:00:00,71.06,
465,17035,2023-12-06T11:00:00,BIRTH_CERT,5,150,passed,2024-01-12T11:00:00,170.24,
466,49106,2023-03-14T15:00:00,BUSINESS_PERMIT,4,129,passed,2023-04-23T15:00:00,136.14,
467,28772,2023-02-25T04:00:00,FAMILY_STATUS,3,52,passed,2023-04-02T04:00:00,197.44,
468,17603,2023-07-04T02:00:00,ID_RENEWAL,8,86,passed,2023-08-20T02:00:00,35.36,
469,21539,2024-04-07T08:00:00,TAX_CERT,4,44,passed,2024-06-03T08:00:00,31.69,
470,14944,2024-03-20T20:00:00,BIRTH_CERT,7,104,passed,2024-03-27T20:00:00,95.48,
471,34979,2023-07-24T23:00:00,ID_RENEWAL,6,4,flagged,2023-09-02T23:00:00,1708.22,AUDIT_DONE
472,26899,2023-01-05T20:00:00,ID_RENEWAL,12,64,passed,2023-01-31T20:00:00,175.4,
473,48119,2024-01-28T16:00:00,BUSINESS_PERMIT,10,79,passed,2024-02-23T16:00:00,164.77,
474,54922,2024-06-16T19:00:00,BUSINESS_PERMIT,9,87,passed,2024-07-01T19:00:00,137.36,
475,37681,2024-01-03T06:00:00,ID_RENEWAL,3,104,passed,2024-01-18T06:00:00,44.86,
476,93928,2024-05-31T05:00:00,FAMILY_STATUS,2,94,flagged,2024-07-01T05:00:00,1750.55,AUDIT_DONE
477,25176,2023-02-19T19:00:00,BUSINESS_PERMIT,1,170,passed,2023-03-01T19:00:00,167.22,
478,99881,2024-03-30T12:00:00,ID_RENEWAL,2,141,passed,2024-04-19T12:00:00,140.37,
479,27978,2023-11-05T13:00:00,BUSINESS_PERMIT,11,26,passed,2023-12-20T13:00:00,54.0,
480,75239,2023-04-18T16:00:00,TAX_CERT,12,159,passed,2023-05-01T16:00:00,22.8,
481,15164,2023-07-24T08:00:00,BIRTH_CERT,9,52,passed,2023-08-10T08:00:00,81.95,
482,21665,2024-05-23T06:00:00,ID_RENEWAL,12,124,passed,2024-07-11T06:00:00,0.55,
483,94454,2024-05-20T04:00:00,TAX_CERT,2,131,passed,2024-06-12T04:00:00,144.72,
484,48085,2024-04-12T09:00:00,FAMILY_STATUS,5,119,passed,2024-04-21T09:00:00,162.64,
485,11267,2023-11-17T13:00:00,TAX_CERT,12,30,passed,2023-11-26T13:00:00,151.64,
486,22183,2023-06-24T10:00:00,FAMILY_STATUS,6,113,rejected,2023-08-16T10:00:00,13.42,AUDIT_DONE
487,60556,2023-12-17T05:00:00,BUSINESS_PERMIT,2,103,passed,2024-02-15T05:00:00,91.31,
488,23593,2024-03-07T20:00:00,BUSINESS_PERMIT,3,29,passed,2024-03-24T20:00:00,145.28,
489,90131,2024-05-09T18:00:00,ID_RENEWAL,11,113,passed,2024-06-07T18:00:00,75.95,
490,44290,2023-05-14T15:00:00,FAMILY_STATUS,8,29,flagged,2023-05-25T15:00:00,1328.83,AUDIT_DONE
491,39358,2023-01-13T22:00:00,FAMILY_STATUS,11,135,flagged,2023-02-25T22:00:00,1491.98,AUDIT_DONE
492,42581,2024-06-15T16:00:00,BUSINESS_PERMIT,12,180,passed,2024-08-07T16:00:00,86.57,
493,90335,2023-12-21T21:00:00,ID_RENEWAL,11,165,passed,2024-02-01T21:00:00,167.81,
494,19812,2023-01-12T20:00:00,BUSINESS_PERMIT,3,130,flagged,2023-01-29T20:00:00,1822.25,AUDIT_DONE
495,59628,2023-11-25T07:00:00,BUSINESS_PERMIT,6,72,passed,2024-01-12T07:00:00,44.54,
496,68598,2023-08-29T02:00:00,FAMILY_STATUS,8,114,flagged,2023-10-06T02:00:00,1337.72,AUDIT_DONE
497,83024,2023-05-02T15:00:00,BIRTH_CERT,12,168,passed,2023-05-11T15:00:00,80.69,
498,37112,2023-01-01T02:00:00,BUSINESS_PERMIT,10,159,passed,2023-02-12T02:00:00,178.02,
499,91232,2023-12-16T11:00:00,BIRTH_CERT,1,58,flagged,2024-02-10T11:00:00,1198.37,AUDIT_DONE
500,96364,2024-04-29T22:00:00,TAX_CERT,11,94,flagged,2024-06-23T22:00:00,936.83,AUDIT_DONE
501,59006,2023-01-03T10:00:00,ID_RENEWAL,6,163,rejected,2023-02-12T10:00:00,14.6,AUDIT_DONE
502,24019,2023-02-16T05:00:00,FAMILY_STATUS,8,36,flagged,2023-03-21T05:00:00,1691.01,AUDIT_DONE
503,54293,2023-07-20T06:00:00,ID_RENEWAL,2,101,passed,2023-08-08T06:00:00,164.91,
504,69950,2024-02-29T01:00:00,BIRTH_CERT,11,173,passed,2024-04-04T01:00:00,154.43,
505,86692,2024-05-31T04:00:00,BUSINESS_PERMIT,8,2,passed,2024-07-04T04:00:00,9.71,
506,60778,2024-06-04T05:00:00,BIRTH_CERT,12,149,passed,2024-06-17T05:00:00,163.05,
507,42537,2023-11-26T16:00:00,FAMILY_STATUS,7,108,rejected,2024-01-20T16:00:00,45.8,AUDIT_DONE
508,77147,2024-02-12T10:00:00,FAMILY_STATUS,5,116,flagged,2024-03-28T10:00:00,965.82,AUDIT_DONE
509,48086,2023-11-18T22:00:00,FAMILY_STATUS,12,142,passed,2024-01-03T22:00:00,40.18,
510,25126,2023-05-16T22:00:00,FAMILY_STATUS,11,46,passed,2023-06-12T22:00:00,138.86,
511,79979,2024-05-06T18:00:00,FAMILY_STATUS,10,171,flagged,2024-07-05T18:00:00,1609.09,AUDIT_DONE
512,17419,2024-03-08T00:00:00,TAX_CERT,9,28,passed,2024-04-26T00:00:00,29.07,
513,48684,2023-10-01T05:00:00,TAX_CERT,5,175,passed,2023-11-21T05:00:00,167.88,
514,39400,2023-02-03T11:00:00,BIRTH_CERT,8,27,passed,2023-03-17T11:00:00,135.11,
515,60797,2024-02-03T07:00:00,BUSINESS_PERMIT,9,179,passed,2024-03-05T07:00:00,132.9,
516,68073,2023-11-17T17:00:00,TAX_CERT,1,4,flagged,2024-01-12T17:00:00,1043.7,AUDIT_DONE
517,48558,2024-01-12T18:00:00,BUSINESS_PERMIT,9,155,passed,2024-01-31T18:00:00,144.98,
518,59440,2023-07-01T21:00:00,ID_RENEWAL,2,48,rejected,2023-07-15T21:00:00,36.75,AUDIT_DONE
519,10739,2024-03-14T08:00:00,FAMILY_STATUS,9,68,passed,2024-04-06T08:00:00,116.8,
520,91968,2024-04-22T22:00:00,BIRTH_CERT,3,11,passed,2024-05-02T22:00:00,64.53,
521,78864,2023-11-05T15:00:00,TAX_CERT,10,141,passed,2023-12-02T15:00:00,156.81,
522,22051,2023-07-08T16:00:00,FAMILY_STATUS,2,130,passed,2023-08-09T16:00:00,108.62,
523,91039,2023-08-15T06:00:00,BIRTH_CERT,11,85,passed,2023-10-09T06:00:00,58.71,
524,94182,2024-05-01T17:00:00,BIRTH_CERT,11,3,passed,2024-05-23T17:00:00,69.2,
525,60577,2023-09-07T01:00:00,FAMILY_STATUS,11,83,passed,2023-09-21T01:00:00,159.24,
526,15747,2023-10-17T00:00:00,FAMILY_STATUS,9,96,passed,2023-11-24T00:00:00,101.75,
527,80513,2023-07-17T10:00:00,BIRTH_CERT,9,22,rejected,2023-09-11T10:00:00,8.37,AUDIT_DONE
528,65601,2023-01-08T20:00:00,ID_RENEWAL,2,54,passed,2023-02-27T20:00:00,154.72,
529,99921,2023-07-30T17:00:00,TAX_CERT,12,112,passed,2023-09-22T17:00:00,187.95,
530,43018,2023-01-25T14:00:00,BIRTH_CERT,12,85,passed,2023-02-12T14:00:00,14.65,
531,66757,2023-03-14T18:00:00,FAMILY_STATUS,4,67,passed,2023-04-15T18:00:00,90.23,
532,18288,2023-01-18T12:00:00,BIRTH_CERT,11,31,passed,2023-03-05T12:00:00,128.28,
533,99899,2023-02-16T22:00:00,FAMILY_STATUS,2,92,rejected,2023-04-14T22:00:00,5.31,AUDIT_DONE
534,30489,2023-03-30T09:00:00,BIRTH_CERT,8,98,passed,2023-05-06T09:00:00,132.14,
535,93105,2023-08-14T04:00:00,TAX_CERT,12,101,flagged,2023-09-08T04:00:00,1819.36,AUDIT_DONE
536,82754,2023-11-02T21:00:00,TAX_CERT,12,166,passed,2023-12-14T21:00:00,189.89,
537,49936,2023-05-07T01:00:00,TAX_CERT,1,147,passed,2023-05-19T01:00:00,107.43,
538,38939,2023-12-19T06:00:00,BIRTH_CERT,7,166,flagged,2024-01-06T06:00:00,970.95,AUDIT_DONE
539,81939,2023-09-16T06:00:00,BUSINESS_PERMIT,2,47,passed,2023-09-26T06:00:00,113.46,
540,73857,2023-03-16T09:00:00,FAMILY_STATUS,11,18,passed,2023-04-29T09:00:00,39.48,
541,35362,2024-01-01T04:00:00,FAMILY_STATUS,11,168,passed,2024-01-12T04:00:00,57.03,
542,84128,2024-05-12T14:00:00,BIRTH_CERT,6,158,passed,2024-05-28T14:00:00,138.69,
543,93995,2024-01-09T10:00:00,BUSINESS_PERMIT,7,44,passed,2024-01-30T10:00:00,49.24,
544,68373,2023-10-11T11:00:00,FAMILY_STATUS,3,174,flagged,2023-11-16T11:00:00,1853.46,AUDIT_DONE
545,46780,2023-11-09T15:00:00,TAX_CERT,9,28,passed,2024-01-08T15:00:00,121.33,
546,76476,2023-07-21T08:00:00,ID_RENEWAL,12,161,passed,2023-07-29T08:00:00,15.08,
547,71879,2024-02-19T18:00:00,TAX_CERT,4,10,passed,2024-03-31T18:00:00,108.69,
548,75683,2024-01-10T12:00:00,BIRTH_CERT,4,151,flagged,2024-02-15T12:00:00,1149.2,AUDIT_DONE
549,90482,2023-04-03T12:00:00,TAX_CERT,6,129,passed,2023-05-31T12:00:00,47.78,
550,29162,2024-06-10T04:00:00,BUSINESS_PERMIT,8,41,passed,2024-07-29T04:00:00,189.74,
551,15610,2024-01-03T01:00:00,TAX_CERT,4,125,passed,2024-01-24T01:00:00,52.87,
552,95003,2024-06-14T11:00:00,FAMILY_STATUS,7,121,rejected,2024-06-23T11:00:00,44.08,AUDIT_DONE
553,85842,2023-04-16T22:00:00,BIRTH_CERT,9,163,flagged,2023-05-09T22:00:00,1801.85,AUDIT_DONE
554,20202,2023-06-28T12:00:00,BIRTH_CERT,11,97,passed,2023-08-27T12:00:00,130.67,
555,73813,2023-09-15T12:00:00,BUSINESS_PERMIT,4,133,passed,2023-10-14T12:00:00,163.45,
556,46806,2023-01-07T16:00:00,TAX_CERT,3,113,passed,2023-02-24T16:00:00,15.42,
557,40191,2023-06-03T05:00:00,BUSINESS_PERMIT,3,93,passed,2023-07-22T05:00:00,163.39,
558,31134,2023-12-05T23:00:00,BUSINESS_PERMIT,2,124,passed,2024-01-18T23:00:00,95.8,
559,77193,2023-01-23T07:00:00,ID_RENEWAL,1,33,passed,2023-03-11T07:00:00,32.23,
560,88558,2023-05-31T01:00:00,BIRTH_CERT,3,67,rejected,2023-07-02T01:00:00,25.83,AUDIT_DONE
561,68877,2023-01-20T23:00:00,BIRTH_CERT,12,170,flagged,2023-02-09T23:00:00,1936.7,AUDIT_DONE
562,86368,2024-04-27T15:00:00,TAX_CERT,3,57,flagged,2024-06-23T15:00:00,1521.01,AUDIT_DONE
563,19023,2024-06-07T08:00:00,TAX_CERT,3,176,passed,2024-07-21T08:00:00,90.69,
564,99701,2024-01-23T12:00:00,BUSINESS_PERMIT,3,28,passed,2024-03-02T12:00:00,104.54,
565,79655,2023-06-03T19:00:00,BIRTH_CERT,2,46,passed,2023-06-12T19:00:00,122.95,
566,10157,2023-05-01T02:00:00,BUSINESS_PERMIT,8,169,passed,2023-06-29T02:00:00,120.69,
567,73192,2024-06-18T13:00:00,BUSINESS_PERMIT,6,12,passed,2024-08-15T13:00:00,85.79,
568,72539,2023-12-25T18:00:00,TAX_CERT,12,179,passed,2024-01-17T18:00:00,85.1,
569,10932,2023-03-27T09:00:00,BIRTH_CERT,10,140,passed,2023-05-18T09:00:00,37.8,
570,51405,2024-06-19T03:00:00,BUSINESS_PERMIT,9,2,passed,2024-08-16T03:00:00,41.08,
571,65517,2024-01-06T03:00:00,BIRTH_CERT,3,110,passed,2024-02-16T03:00:00,50.73,
572,83080,2024-01-10T19:00:00,BUSINESS_PERMIT,5,175,passed,2024-02-21T19:00:00,40.74,
573,55135,2023-07-03T11:00:00,BUSINESS_PERMIT,9,143,passed,2023-08-15T11:00:00,197.7,
574,23143,2023-05-22T21:00:00,TAX_CERT,2,59,passed,2023-06-08T21:00:00,139.86,
575,31068,2024-06-04T12:00:00,BUSINESS_PERMIT,6,141,passed,2024-06-14T12:00:00,136.91,
576,44483,2023-01-06T02:00:00,TAX_CERT,3,121,rejected,2023-01-17T02:00:00,21.77,AUDIT_DONE
577,90473,2024-01-15T02:00:00,BIRTH_CERT,10,10,flagged,2024-02-16T02:00:00,1916.82,AUDIT_DONE
578,74797,2023-10-21T22:00:00,BUSINESS_PERMIT,10,15,rejected,2023-12-07T22:00:00,41.01,AUDIT_DONE
579,76918,2023-01-11T06:00:00,BIRTH_CERT,11,133,passed,2023-02-25T06:00:00,6.72,
580,30636,2023-08-26T19:00:00,ID_RENEWAL,3,173,passed,2023-09-02T19:00:00,47.85,
581,12014,2023-10-10T12:00:00,ID_RENEWAL,6,172,passed,2023-11-19T12:00:00,117.22,
582,46242,2023-04-03T17:00:00,TAX_CERT,5,144,rejected,2023-06-01T17:00:00,17.4,AUDIT_DONE
583,23954,2023-07-19T14:00:00,BIRTH_CERT,7,148,passed,2023-08-27T14:00:00,35.01,
584,80504,2023-03-16T16:00:00,BIRTH_CERT,5,88,rejected,2023-04-08T16:00:00,40.15,AUDIT_DONE
585,54520,2023-09-14T22:00:00,BUSINESS_PERMIT,8,97,passed,2023-11-08T22:00:00,153.99,
586,38885,2024-04-16T18:00:00,TAX_CERT,1,124,passed,2024-06-02T18:00:00,13.51,
587,42539,2023-11-20T13:00:00,FAMILY_STATUS,6,133,passed,2023-12-13T13:00:00,140.16,
588,51139,2023-04-06T12:00:00,FAMILY_STATUS,11,88,passed,2023-05-13T12:00:00,186.28,
589,75404,2023-08-12T18:00:00,TAX_CERT,5,47,rejected,2023-08-31T18:00:00,34.16,AUDIT_DONE
590,91080,2023-08-29T23:00:00,FAMILY_STATUS,4,68,passed,2023-09-20T23:00:00,40.55,
591,10868,2023-06-09T03:00:00,BIRTH_CERT,2,21,passed,2023-07-25T03:00:00,132.68,
592,46009,2023-02-13T15:00:00,BUSINESS_PERMIT,6,159,passed,2023-03-28T15:00:00,179.62,
593,78909,2023-07-07T16:00:00,BUSINESS_PERMIT,5,102,passed,2023-07-17T16:00:00,115.33,
594,32911,2024-05-04T17:00:00,BUSINESS_PERMIT,1,129,passed,2024-06-29T17:00:00,172.08,
595,37623,2023-05-04T22:00:00,BUSINESS_PERMIT,9,118,passed,2023-06-23T22:00:00,1.68,
596,41082,2023-04-14T10:00:00,FAMILY_STATUS,6,157,flagged,2023-05-07T10:00:00,1024.58,AUDIT_DONE
597,58799,2024-04-27T19:00:00,FAMILY_STATUS,6,94,passed,2024-05-30T19:00:00,84.79,
598,39958,2024-02-15T08:00:00,ID_RENEWAL,8,47,passed,2024-04-05T08:00:00,195.85,
599,29601,2023-10-04T07:00:00,BUSINESS_PERMIT,9,111,flagged,2023-12-01T07:00:00,1035.28,AUDIT_DONE
600,77765,2023-01-10T05:00:00,BIRTH_CERT,7,128,passed,2023-02-26T05:00:00,178.65,
601,22972,2023-11-20T15:00:00,TAX_CERT,5,65,passed,2023-12-22T15:00:00,113.57,
602,53864,2023-03-03T06:00:00,FAMILY_STATUS,5,122,flagged,2023-04-26T06:00:00,915.56,AUDIT_DONE
603,63970,2024-01-05T11:00:00,ID_RENEWAL,9,143,rejected,2024-01-13T11:00:00,12.89,AUDIT_DONE
604,32877,2023-12-26T21:00:00,FAMILY_STATUS,10,51,passed,2024-02-05T21:00:00,129.97,
605,59947,2023-12-30T10:00:00,BIRTH_CERT,11,131,passed,2024-01-11T10:00:00,147.31,
606,65288,2023-10-21T14:00:00,BIRTH_CERT,11,38,flagged,2023-11-18T14:00:00,1568.7,AUDIT_DONE
607,48188,2024-02-19T02:00:00,FAMILY_STATUS,2,42,passed,2024-04-07T02:00:00,62.7,
608,64262,2024-02-09T08:00:00,TAX_CERT,8,93,flagged,2024-03-15T08:00:00,1425.12,AUDIT_DONE
609,20494,2023-07-08T00:00:00,TAX_CERT,3,61,passed,2023-08-28T00:00:00,188.09,
610,17055,2023-06-20T12:00:00,ID_RENEWAL,2,25,passed,2023-08-01T12:00:00,175.74,
611,61097,2024-02-11T16:00:00,FAMILY_STATUS,2,27,passed,2024-03-30T16:00:00,31.05,
612,32361,2023-08-23T07:00:00,ID_RENEWAL,12,73,passed,2023-10-02T07:00:00,25.28,
613,45705,2023-02-05T21:00:00,BIRTH_CERT,6,84,flagged,2023-03-18T21:00:00,1360.63,AUDIT_DONE
614,93342,2024-03-31T04:00:00,BIRTH_CERT,12,139,passed,2024-05-17T04:00:00,119.52,
615,80735,2024-03-21T16:00:00,TAX_CERT,11,164,passed,2024-04-27T16:00:00,181.78,
616,10012,2023-04-02T14:00:00,BIRTH_CERT,5,94,passed,2023-04-09T14:00:00,31.14,
617,72530,2023-05-20T11:00:00,FAMILY_STATUS,5,121,passed,2023-06-27T11:00:00,137.55,
618,34716,2023-01-10T13:00:00,BUSINESS_PERMIT,5,153,passed,2023-02-09T13:00:00,1.44,
619,59592,2024-03-23T12:00:00,TAX_CERT,4,42,flagged,2024-05-22T12:00:00,1575.19,AUDIT_DONE
620,99737,2023-09-27T02:00:00,FAMILY_STATUS,7,161,passed,2023-11-12T02:00:00,152.91,
621,33908,2023-10-19T20:00:00,TAX_CERT,12,137,flagged,2023-10-30T20:00:00,1295.48,AUDIT_DONE
622,74486,2023-10-24T03:00:00,TAX_CERT,11,117,passed,2023-12-09T03:00:00,54.43,
623,46977,2023-11-25T00:00:00,FAMILY_STATUS,3,13,rejected,2023-12-08T00:00:00,1.11,AUDIT_DONE
624,38467,2023-05-09T22:00:00,FAMILY_STATUS,8,3,passed,2023-06-16T22:00:00,30.14,
625,20515,2024-03-06T09:00:00,TAX_CERT,8,96,passed,2024-04-03T09:00:00,158.28,
626,42778,2023-02-27T08:00:00,BUSINESS_PERMIT,7,19,passed,2023-04-28T08:00:00,36.32,
627,14392,2023-01-13T03:00:00,TAX_CERT,12,64,passed,2023-02-04T03:00:00,194.99,
628,99318,2024-04-16T23:00:00,FAMILY_STATUS,2,134,passed,2024-05-17T23:00:00,41.69,
629,43202,2023-11-27T05:00:00,BUSINESS_PERMIT,11,11,flagged,2023-12-11T05:00:00,1459.5,AUDIT_DONE
630,40928,2023-11-02T06:00:00,BUSINESS_PERMIT,6,14,flagged,2023-11-16T06:00:00,1061.35,AUDIT_DONE
631,11170,2023-11-29T00:00:00,ID_RENEWAL,3,71,passed,2023-12-21T00:00:00,79.16,
632,75525,2024-05-01T22:00:00,ID_RENEWAL,10,40,passed,2024-05-18T22:00:00,17.9,
633,24076,2023-12-13T20:00:00,TAX_CERT,1,16,passed,2024-01-23T20:00:00,30.78,
634,67503,2024-05-14T07:00:00,TAX_CERT,6,143,flagged,2024-07-11T07:00:00,1708.04,AUDIT_DONE
635,73609,2023-01-22T22:00:00,BUSINESS_PERMIT,7,92,flagged,2023-01-31T22:00:00,1100.84,AUDIT_DONE
636,52425,2023-10-29T17:00:00,BUSINESS_PERMIT,12,126,passed,2023-11-27T17:00:00,37.33,
637,44517,2023-10-09T19:00:00,BIRTH_CERT,9,42,passed,2023-11-03T19:00:00,31.01,
638,91229,2024-01-11T14:00:00,FAMILY_STATUS,1,164,passed,2024-01-19T14:00:00,146.73,
639,34886,2023-09-02T10:00:00,BIRTH_CERT,12,17,passed,2023-10-03T10:00:00,107.79,
640,24478,2024-05-24T17:00:00,ID_RENEWAL,3,157,passed,2024-06-20T17:00:00,81.96,
641,36486,2024-06-19T21:00:00,ID_RENEWAL,2,12,flagged,2024-06-28T21:00:00,955.73,AUDIT_DONE
642,74213,2024-05-12T06:00:00,BIRTH_CERT,2,9,passed,2024-06-30T06:00:00,167.26,
643,95950,2023-09-20T01:00:00,BUSINESS_PERMIT,6,57,passed,2023-10-10T01:00:00,14.17,
644,58374,2023-03-23T14:00:00,ID_RENEWAL,11,16,passed,2023-04-25T14:00:00,148.7,
645,78089,2023-09-30T16:00:00,ID_RENEWAL,1,19,flagged,2023-10-20T16:00:00,893.52,AUDIT_DONE
646,42605,2023-04-14T23:00:00,BIRTH_CERT,4,137,passed,2023-06-02T23:00:00,38.62,
647,85571,2023-07-03T17:00:00,FAMILY_STATUS,12,143,passed,2023-08-19T17:00:00,21.1,
648,82085,2024-04-14T22:00:00,BUSINESS_PERMIT,11,110,flagged,2024-05-02T22:00:00,1000.17,AUDIT_DONE
649,51307,2024-05-31T10:00:00,BIRTH_CERT,11,41,passed,2024-06-29T10:00:00,119.98,
650,41551,2023-11-29T11:00:00,BIRTH_CERT,7,163,passed,2024-01-13T11:00:00,145.17,
651,10025,2023-08-08T12:00:00,ID_RENEWAL,9,66,passed,2023-09-09T12:00:00,90.48,
652,49365,2023-10-19T19:00:00,TAX_CERT,1,133,passed,2023-10-26T19:00:00,178.06,
653,82918,2023-08-08T10:00:00,BIRTH_CERT,1,177,flagged,2023-09-16T10:00:00,1902.93,AUDIT_DONE
654,86304,2023-06-08T03:00:00,TAX_CERT,1,118,passed,2023-07-08T03:00:00,27.68,
655,20118,2023-08-27T08:00:00,FAMILY_STATUS,5,24,passed,2023-09-16T08:00:00,113.81,
656,88018,2024-05-09T05:00:00,FAMILY_STATUS,8,177,flagged,2024-05-22T05:00:00,1783.42,AUDIT_DONE
657,53829,2023-02-08T23:00:00,FAMILY_STATUS,10,98,passed,2023-04-05T23:00:00,11.18,
658,93084,2024-03-20T13:00:00,BUSINESS_PERMIT,2,59,flagged,2024-03-27T13:00:00,1819.37,AUDIT_DONE
659,75850,2023-02-25T09:00:00,TAX_CERT,9,11,passed,2023-03-24T09:00:00,112.98,
660,76155,2023-06-06T01:00:00,ID_RENEWAL,11,101,rejected,2023-07-19T01:00:00,37.64,AUDIT_DONE
661,84899,2023-08-16T13:00:00,ID_RENEWAL,5,101,passed,2023-09-22T13:00:00,67.23,
662,27677,2024-02-13T08:00:00,BUSINESS_PERMIT,2,103,passed,2024-02-28T08:00:00,154.77,
663,78714,2023-07-22T15:00:00,TAX_CERT,7,167,passed,2023-09-14T15:00:00,112.23,
664,24749,2023-09-06T02:00:00,BUSINESS_PERMIT,5,111,passed,2023-09-18T02:00:00,184.83,
665,49953,2024-03-09T11:00:00,TAX_CERT,6,49,passed,2024-03-17T11:00:00,118.78,
666,40603,2023-12-25T19:00:00,TAX_CERT,8,160,passed,2024-02-22T19:00:00,8.98,
667,29356,2024-01-18T04:00:00,FAMILY_STATUS,12,22,passed,2024-03-04T04:00:00,10.91,
668,37395,2023-01-15T10:00:00,BIRTH_CERT,12,29,passed,2023-02-12T10:00:00,94.24,
669,28526,2023-08-05T06:00:00,ID_RENEWAL,9,134,flagged,2023-09-20T06:00:00,1458.56,AUDIT_DONE
670,36305,2024-01-21T18:00:00,BIRTH_CERT,11,135,passed,2024-02-15T18:00:00,34.06,
671,45561,2023-10-05T01:00:00,FAMILY_STATUS,8,168,rejected,2023-11-23T01:00:00,3.33,AUDIT_DONE
672,23055,2023-04-21T00:00:00,FAMILY_STATUS,5,167,passed,2023-05-30T00:00:00,195.96,
673,83490,2024-05-11T19:00:00,ID_RENEWAL,9,23,passed,2024-06-16T19:00:00,100.13,
674,12408,2023-02-10T07:00:00,FAMILY_STATUS,9,79,passed,2023-02-27T07:00:00,78.68,
675,46159,2023-12-27T11:00:00,ID_RENEWAL,11,78,passed,2024-02-04T11:00:00,195.65,
676,61491,2023-09-21T12:00:00,TAX_CERT,1,143,rejected,2023-10-19T12:00:00,11.28,AUDIT_DONE
677,99983,2023-03-31T23:00:00,TAX_CERT,7,134,rejected,2023-05-17T23:00:00,30.62,AUDIT_DONE
678,53160,2024-03-03T07:00:00,BUSINESS_PERMIT,10,40,passed,2024-04-17T07:00:00,62.48,
679,28102,2023-05-15T06:00:00,FAMILY_STATUS,11,36,passed,2023-06-03T06:00:00,136.81,
680,51614,2024-06-20T04:00:00,ID_RENEWAL,7,38,passed,2024-07-07T04:00:00,112.97,
681,63903,2023-05-02T05:00:00,FAMILY_STATUS,6,38,flagged,2023-06-04T05:00:00,1718.52,AUDIT_DONE
682,34215,2024-03-29T23:00:00,ID_RENEWAL,11,71,passed,2024-04-13T23:00:00,37.59,
683,13418,2023-10-01T19:00:00,FAMILY_STATUS,10,157,passed,2023-11-20T19:00:00,46.44,
684,95140,2023-03-23T22:00:00,FAMILY_STATUS,8,35,passed,2023-05-14T22:00:00,120.94,
685,63554,2023-07-08T12:00:00,ID_RENEWAL,8,122,passed,2023-07-17T12:00:00,38.65,
686,33209,2023-10-04T13:00:00,BUSINESS_PERMIT,4,172,rejected,2023-10-15T13:00:00,37.89,AUDIT_DONE
687,15482,2024-05-16T22:00:00,BIRTH_CERT,6,118,flagged,2024-07-11T22:00:00,1313.07,AUDIT_DONE
688,80275,2024-01-25T23:00:00,BIRTH_CERT,6,101,passed,2024-03-10T23:00:00,148.49,
689,77987,2023-02-09T16:00:00,BIRTH_CERT,2,116,passed,2023-03-03T16:00:00,175.55,
690,34884,2024-02-10T23:00:00,FAMILY_STATUS,1,143,passed,2024-02-20T23:00:00,153.03,
691,17149,2024-03-26T12:00:00,BIRTH_CERT,5,74,passed,2024-05-11T12:00:00,84.49,
692,86735,2023-05-26T14:00:00,BIRTH_CERT,11,116,passed,2023-06-13T14:00:00,100.13,
693,36467,2023-05-19T12:00:00,BUSINESS_PERMIT,7,83,passed,2023-07-02T12:00:00,35.78,
694,26193,2023-04-03T08:00:00,ID_RENEWAL,6,178,passed,2023-04-20T08:00:00,142.29,
695,77065,2023-04-27T22:00:00,BIRTH_CERT,8,163,passed,2023-05-28T22:00:00,104.76,
696,84120,2023-06-13T12:00:00,TAX_CERT,9,98,passed,2023-07-11T12:00:00,34.18,
697,68491,2023-06-16T04:00:00,FAMILY_STATUS,3,14,passed,2023-08-11T04:00:00,61.9,
698,70115,2023-07-05T03:00:00,BUSINESS_PERMIT,3,52,passed,2023-07-12T03:00:00,153.08,
699,96438,2024-05-25T17:00:00,BUSINESS_PERMIT,1,156,flagged,2024-07-08T17:00:00,1085.45,AUDIT_DONE
700,46452,2024-04-09T13:00:00,BIRTH_CERT,8,21,passed,2024-05-21T13:00:00,1.31,
701,14250,2023-08-01T01:00:00,BIRTH_CERT,3,38,passed,2023-08-17T01:00:00,69.8,
702,98092,2023-11-02T10:00:00,FAMILY_STATUS,2,13,passed,2023-11-19T10:00:00,198.75,
703,49229,2023-07-01T14:00:00,FAMILY_STATUS,12,149,passed,2023-08-26T14:00:00,7.17,
704,27635,2024-01-13T12:00:00,ID_RENEWAL,2,110,flagged,2024-02-19T12:00:00,877.91,AUDIT_DONE
705,17626,2023-10-09T10:00:00,ID_RENEWAL,9,106,passed,2023-11-24T10:00:00,139.17,
706,47642,2023-03-31T15:00:00,BUSINESS_PERMIT,12,177,passed,2023-05-22T15:00:00,157.64,
707,90516,2023-11-21T08:00:00,BIRTH_CERT,9,148,rejected,2023-12-06T08:00:00,17.69,AUDIT_DONE
708,40503,2024-05-23T16:00:00,FAMILY_STATUS,12,162,passed,2024-07-08T16:00:00,161.6,
709,37175,2023-07-18T00:00:00,BIRTH_CERT,2,7,passed,2023-09-10T00:00:00,159.35,
710,11480,2024-02-29T13:00:00,TAX_CERT,1,86,passed,2024-03-20T13:00:00,161.21,
711,10803,2023-10-16T08:00:00,ID_RENEWAL,2,79,passed,2023-12-11T08:00:00,110.0,
712,35430,2023-12-08T10:00:00,FAMILY_STATUS,7,146,passed,2023-12-26T10:00:00,5.82,
713,30366,2023-12-13T21:00:00,BUSINESS_PERMIT,8,122,flagged,2024-01-19T21:00:00,1574.78,AUDIT_DONE
714,98892,2023-12-10T14:00:00,FAMILY_STATUS,7,15,flagged,2024-02-01T14:00:00,1159.21,AUDIT_DONE
715,56346,2023-01-20T06:00:00,ID_RENEWAL,10,176,passed,2023-03-18T06:00:00,183.24,
716,31753,2023-06-02T08:00:00,BIRTH_CERT,1,87,rejected,2023-08-01T08:00:00,31.33,AUDIT_DONE
717,51222,2024-02-03T05:00:00,ID_RENEWAL,10,30,flagged,2024-03-26T05:00:00,1701.85,AUDIT_DONE
718,49666,2023-10-06T13:00:00,TAX_CERT,2,128,flagged,2023-12-05T13:00:00,1245.9,AUDIT_DONE
719,22137,2024-06-21T09:00:00,BUSINESS_PERMIT,3,29,passed,2024-07-10T09:00:00,7.48,
720,78632,2024-06-02T00:00:00,FAMILY_STATUS,8,129,passed,2024-07-09T00:00:00,68.02,
721,14791,2023-12-02T04:00:00,BUSINESS_PERMIT,2,133,passed,2024-01-24T04:00:00,26.54,
722,87894,2024-02-01T22:00:00,ID_RENEWAL,9,30,passed,2024-03-22T22:00:00,186.47,
723,12946,2023-12-08T14:00:00,BIRTH_CERT,1,27,passed,2024-01-03T14:00:00,131.8,
724,51831,2023-11-16T20:00:00,BUSINESS_PERMIT,4,83,passed,2023-12-27T20:00:00,57.31,
725,83351,2023-05-01T08:00:00,BIRTH_CERT,3,41,passed,2023-06-16T08:00:00,3.05,
726,47128,2023-04-15T06:00:00,BIRTH_CERT,9,90,passed,2023-06-06T06:00:00,54.21,
727,16648,2023-09-08T05:00:00,TAX_CERT,2,80,passed,2023-10-13T05:00:00,67.75,
728,61369,2023-01-30T15:00:00,TAX_CERT,11,13,passed,2023-03-05T15:00:00,10.76,
729,97932,2024-04-01T19:00:00,BIRTH_CERT,6,80,passed,2024-05-26T19:00:00,39.63,
730,71377,2023-03-22T14:00:00,ID_RENEWAL,10,34,passed,2023-05-12T14:00:00,160.47,
731,39333,2024-04-11T09:00:00,TAX_CERT,11,165,flagged,2024-05-02T09:00:00,1358.48,AUDIT_DONE
732,52567,2023-09-22T11:00:00,BUSINESS_PERMIT,7,47,passed,2023-11-18T11:00:00,133.04,
733,46996,2024-05-14T00:00:00,FAMILY_STATUS,2,122,passed,2024-05-31T00:00:00,95.73,
734,82895,2023-05-11T16:00:00,ID_RENEWAL,2,104,flagged,2023-06-07T16:00:00,1756.11,AUDIT_DONE
735,81820,2023-11-06T17:00:00,TAX_CERT,8,103,passed,2023-11-28T17:00:00,47.72,
736,67062,2024-05-08T12:00:00,BIRTH_CERT,2,88,passed,2024-06-11T12:00:00,138.81,
737,85260,2023-12-17T17:00:00,BUSINESS_PERMIT,12,61,passed,2024-02-09T17:00:00,133.92,
738,33091,2023-04-28T18:00:00,FAMILY_STATUS,10,119,passed,2023-06-02T18:00:00,19.53,
739,59664,2024-02-20T02:00:00,FAMILY_STATUS,10,28,passed,2024-04-19T02:00:00,119.28,
740,93379,2024-05-21T20:00:00,ID_RENEWAL,11,16,passed,2024-07-04T20:00:00,163.41,
741,68610,2023-05-31T21:00:00,TAX_CERT,3,116,passed,2023-07-13T21:00:00,78.0,
742,66980,2023-07-30T21:00:00,FAMILY_STATUS,6,77,passed,2023-08-25T21:00:00,182.64,
743,48559,2023-04-02T18:00:00,ID_RENEWAL,1,157,rejected,2023-04-17T18:00:00,20.21,AUDIT_DONE
744,24378,2024-01-14T17:00:00,FAMILY_STATUS,1,1,flagged,2024-02-12T17:00:00,1784.9,AUDIT_DONE
745,60173,2023-02-01T07:00:00,BUSINESS_PERMIT,7,180,passed,2023-03-25T07:00:00,125.04,
746,82800,2024-01-26T13:00:00,BUSINESS_PERMIT,9,55,passed,2024-02-14T13:00:00,94.97,
747,11520,2024-01-04T13:00:00,ID_RENEWAL,3,74,rejected,2024-01-19T13:00:00,33.5,AUDIT_DONE
748,21097,2023-01-17T04:00:00,TAX_CERT,12,125,passed,2023-02-01T04:00:00,195.0,
749,76770,2024-03-01T14:00:00,BUSINESS_PERMIT,12,155,rejected,2024-04-06T14:00:00,31.16,AUDIT_DONE
750,75294,2024-04-05T12:00:00,TAX_CERT,6,58,passed,2024-05-18T12:00:00,120.91,
751,84468,2024-05-28T08:00:00,BUSINESS_PERMIT,7,140,passed,2024-06-06T08:00:00,6.69,
752,78997,2024-01-13T03:00:00,FAMILY_STATUS,10,124,rejected,2024-03-06T03:00:00,4.0,AUDIT_DONE
753,92662,2024-04-21T16:00:00,ID_RENEWAL,2,134,flagged,2024-05-28T16:00:00,906.14,AUDIT_DONE
754,77195,2023-11-16T19:00:00,BUSINESS_PERMIT,1,88,passed,2023-12-22T19:00:00,2.16,
755,49855,2023-12-06T13:00:00,BIRTH_CERT,6,76,passed,2024-01-20T13:00:00,7.07,
756,48240,2023-09-24T01:00:00,BIRTH_CERT,11,122,passed,2023-11-12T01:00:00,114.57,
757,46418,2023-01-28T09:00:00,FAMILY_STATUS,8,22,passed,2023-03-26T09:00:00,15.37,
758,89144,2023-05-16T19:00:00,TAX_CERT,5,71,flagged,2023-05-30T19:00:00,817.04,AUDIT_DONE
759,40958,2023-06-04T21:00:00,BUSINESS_PERMIT,8,95,flagged,2023-07-25T21:00:00,1113.5,AUDIT_DONE
760,30204,2023-07-05T16:00:00,BUSINESS_PERMIT,1,88,rejected,2023-08-19T16:00:00,48.37,AUDIT_DONE
761,85727,2024-02-27T12:00:00,FAMILY_STATUS,4,170,passed,2024-03-18T12:00:00,127.51,
762,49500,2023-02-25T20:00:00,BUSINESS_PERMIT,5,30,passed,2023-04-03T20:00:00,92.8,
763,11554,2023-08-28T12:00:00,FAMILY_STATUS,11,100,passed,2023-10-01T12:00:00,29.03,
764,22761,2024-04-04T12:00:00,BIRTH_CERT,11,81,rejected,2024-04-13T12:00:00,34.14,AUDIT_DONE
765,22881,2023-12-29T13:00:00,FAMILY_STATUS,10,167,flagged,2024-01-22T13:00:00,1201.96,AUDIT_DONE
766,78151,2024-02-05T14:00:00,FAMILY_STATUS,11,62,flagged,2024-02-24T14:00:00,1506.47,AUDIT_DONE
767,63903,2023-07-04T10:00:00,ID_RENEWAL,9,3,passed,2023-07-11T10:00:00,166.34,
768,35307,2024-06-21T03:00:00,ID_RENEWAL,11,115,passed,2024-07-14T03:00:00,145.05,
769,38419,2023-01-25T19:00:00,BIRTH_CERT,2,15,rejected,2023-03-26T19:00:00,32.83,AUDIT_DONE
770,94922,2023-05-05T22:00:00,BIRTH_CERT,2,23,flagged,2023-06-23T22:00:00,955.89,AUDIT_DONE
771,93726,2023-07-09T03:00:00,BUSINESS_PERMIT,12,48,passed,2023-07-20T03:00:00,93.39,
772,19698,2023-10-11T13:00:00,FAMILY_STATUS,12,171,flagged,2023-10-28T13:00:00,1188.08,AUDIT_DONE
773,44690,2023-03-05T12:00:00,TAX_CERT,7,86,rejected,2023-05-03T12:00:00,12.91,AUDIT_DONE
774,24212,2024-03-27T02:00:00,TAX_CERT,8,52,passed,2024-05-04T02:00:00,35.69,
775,23538,2024-03-17T06:00:00,ID_RENEWAL,10,165,passed,2024-04-09T06:00:00,88.32,
776,29510,2023-03-16T02:00:00,ID_RENEWAL,10,65,flagged,2023-04-23T02:00:00,822.52,AUDIT_DONE
777,85319,2023-02-08T21:00:00,ID_RENEWAL,7,69,passed,2023-03-12T21:00:00,65.97,
778,19188,2024-06-11T22:00:00,BIRTH_CERT,8,123,passed,2024-08-06T22:00:00,168.81,
779,80163,2023-08-20T00:00:00,FAMILY_STATUS,7,177,flagged,2023-10-02T00:00:00,1378.48,AUDIT_DONE
780,21883,2023-12-08T21:00:00,FAMILY_STATUS,5,103,passed,2024-01-25T21:00:00,199.4,
781,60353,2023-12-15T02:00:00,TAX_CERT,8,75,passed,2023-12-24T02:00:00,35.32,
782,92941,2023-11-03T22:00:00,BUSINESS_PERMIT,7,28,passed,2023-11-15T22:00:00,71.85,
783,74124,2023-07-14T04:00:00,BUSINESS_PERMIT,1,50,passed,2023-08-05T04:00:00,199.28,
784,68891,2023-03-06T17:00:00,ID_RENEWAL,11,79,passed,2023-05-03T17:00:00,192.99,
785,37745,2023-02-07T10:00:00,BIRTH_CERT,1,87,flagged,2023-02-21T10:00:00,851.38,AUDIT_DONE
786,14833,2024-04-14T21:00:00,TAX_CERT,9,39,flagged,2024-04-25T21:00:00,1079.58,AUDIT_DONE
787,95037,2024-05-15T20:00:00,TAX_CERT,1,121,rejected,2024-06-06T20:00:00,30.92,AUDIT_DONE
788,69793,2023-01-15T05:00:00,BIRTH_CERT,11,13,rejected,2023-01-28T05:00:00,41.04,AUDIT_DONE
789,38910,2023-06-24T18:00:00,ID_RENEWAL,2,28,passed,2023-08-09T18:00:00,119.0,
790,85493,2023-07-27T13:00:00,BIRTH_CERT,6,174,passed,2023-09-15T13:00:00,24.16,
791,45899,2023-05-21T10:00:00,TAX_CERT,4,12,passed,2023-06-04T10:00:00,67.1,
792,15334,2024-03-01T05:00:00,TAX_CERT,12,95,passed,2024-04-14T05:00:00,87.73,
793,20580,2023-04-13T20:00:00,ID_RENEWAL,10,97,flagged,2023-05-21T20:00:00,818.76,AUDIT_DONE
794,72391,2023-01-08T05:00:00,TAX_CERT,2,167,passed,2023-02-28T05:00:00,56.75,
795,90024,2023-07-31T04:00:00,ID_RENEWAL,11,70,passed,2023-08-18T04:00:00,82.41,
796,49478,2023-07-04T22:00:00,FAMILY_STATUS,8,157,rejected,2023-08-30T22:00:00,31.36,AUDIT_DONE
797,91123,2024-03-04T00:00:00,FAMILY_STATUS,9,61,passed,2024-03-17T00:00:00,197.32,
798,24769,2024-06-03T07:00:00,TAX_CERT,8,161,passed,2024-06-22T07:00:00,55.29,
799,57735,2024-04-30T15:00:00,FAMILY_STATUS,3,41,passed,2024-06-17T15:00:00,8.62,
800,15677,2023-08-03T13:00:00,ID_RENEWAL,5,86,passed,2023-09-08T13:00:00,178.02,
801,19287,2023-02-23T17:00:00,TAX_CERT,3,41,flagged,2023-03-09T17:00:00,1382.07,AUDIT_DONE
802,40154,2024-03-31T18:00:00,ID_RENEWAL,10,84,passed,2024-04-27T18:00:00,149.42,
803,38922,2023-11-30T07:00:00,ID_RENEWAL,2,61,flagged,2023-12-31T07:00:00,1843.86,AUDIT_DONE
804,69636,2024-04-27T18:00:00,TAX_CERT,8,14,flagged,2024-06-12T18:00:00,973.93,AUDIT_DONE
805,36504,2024-02-01T11:00:00,FAMILY_STATUS,3,118,flagged,2024-02-25T11:00:00,1558.43,AUDIT_DONE
806,70106,2023-05-11T01:00:00,BUSINESS_PERMIT,12,146,passed,2023-06-16T01:00:00,27.3,
807,90154,2023-06-25T10:00:00,TAX_CERT,4,76,passed,2023-08-11T10:00:00,157.91,
808,72061,2023-08-24T02:00:00,BUSINESS_PERMIT,7,134,passed,2023-10-07T02:00:00,199.13,
809,66917,2023-10-13T00:00:00,BIRTH_CERT,12,110,flagged,2023-11-09T00:00:00,1095.99,AUDIT_DONE
810,15250,2023-08-16T18:00:00,BUSINESS_PERMIT,3,147,flagged,2023-08-25T18:00:00,1301.33,AUDIT_DONE
811,22844,2024-05-31T01:00:00,BUSINESS_PERMIT,7,136,passed,2024-07-21T01:00:00,161.94,
812,38574,2024-05-22T07:00:00,TAX_CERT,2,143,flagged,2024-06-24T07:00:00,1631.79,AUDIT_DONE
813,49955,2024-01-03T09:00:00,TAX_CERT,4,166,rejected,2024-02-21T09:00:00,0.8,AUDIT_DONE
814,28169,2024-04-15T18:00:00,BUSINESS_PERMIT,12,150,passed,2024-06-10T18:00:00,90.97,
815,19266,2023-07-09T11:00:00,BUSINESS_PERMIT,11,119,flagged,2023-08-25T11:00:00,801.64,AUDIT_DONE
816,81098,2023-12-07T16:00:00,BIRTH_CERT,1,76,passed,2024-01-22T16:00:00,53.96,
817,77467,2023-08-01T21:00:00,FAMILY_STATUS,2,159,flagged,2023-08-11T21:00:00,1682.91,AUDIT_DONE
818,32972,2023-02-22T03:00:00,BIRTH_CERT,7,94,passed,2023-03-24T03:00:00,8.17,
819,24884,2023-03-10T17:00:00,BUSINESS_PERMIT,12,53,passed,2023-04-20T17:00:00,66.99,
820,65434,2023-08-03T23:00:00,FAMILY_STATUS,4,83,passed,2023-09-22T23:00:00,53.47,
821,26083,2023-02-25T02:00:00,BUSINESS_PERMIT,6,89,passed,2023-04-26T02:00:00,100.29,
822,18601,2023-10-27T14:00:00,TAX_CERT,10,95,flagged,2023-12-24T14:00:00,1934.44,AUDIT_DONE
823,24334,2024-04-13T02:00:00,TAX_CERT,2,101,flagged,2024-04-24T02:00:00,1146.05,AUDIT_DONE
824,92218,2023-10-10T03:00:00,ID_RENEWAL,12,38,passed,2023-11-19T03:00:00,175.0,
825,68177,2023-10-28T13:00:00,ID_RENEWAL,11,139,rejected,2023-11-30T13:00:00,23.7,AUDIT_DONE
826,94498,2023-10-26T06:00:00,FAMILY_STATUS,2,6,flagged,2023-12-05T06:00:00,1078.79,AUDIT_DONE
827,97274,2024-02-26T18:00:00,BIRTH_CERT,6,168,passed,2024-04-10T18:00:00,65.26,
828,44079,2024-03-31T14:00:00,TAX_CERT,5,146,passed,2024-04-17T14:00:00,157.87,
829,91085,2024-05-10T11:00:00,TAX_CERT,5,13,passed,2024-05-27T11:00:00,56.88,
830,41182,2023-10-20T05:00:00,ID_RENEWAL,3,178,rejected,2023-11-06T05:00:00,39.72,AUDIT_DONE
831,83726,2023-02-12T10:00:00,ID_RENEWAL,10,33,passed,2023-03-04T10:00:00,73.93,
832,49526,2023-11-21T11:00:00,ID_RENEWAL,3,96,passed,2024-01-01T11:00:00,195.09,
833,10562,2023-01-26T12:00:00,BIRTH_CERT,8,38,rejected,2023-02-11T12:00:00,46.39,AUDIT_DONE
834,85199,2024-06-03T10:00:00,TAX_CERT,11,76,passed,2024-07-28T10:00:00,57.97,
835,98867,2024-03-28T10:00:00,BIRTH_CERT,12,29,flagged,2024-04-12T10:00:00,1880.21,AUDIT_DONE
836,22121,2023-04-30T09:00:00,FAMILY_STATUS,1,103,passed,2023-05-29T09:00:00,44.07,
837,46428,2023-02-26T19:00:00,TAX_CERT,11,50,passed,2023-04-23T19:00:00,44.43,
838,61697,2023-01-24T02:00:00,TAX_CERT,9,115,passed,2023-03-04T02:00:00,191.52,
839,57325,2024-05-17T10:00:00,BUSINESS_PERMIT,10,155,passed,2024-07-05T10:00:00,11.21,
840,56052,2023-06-01T22:00:00,FAMILY_STATUS,7,95,passed,2023-06-30T22:00:00,2.44,
841,67999,2024-04-01T17:00:00,FAMILY_STATUS,2,56,flagged,2024-05-04T17:00:00,1333.06,AUDIT_DONE
842,28827,2023-06-17T23:00:00,TAX_CERT,7,107,passed,2023-06-29T23:00:00,117.44,
843,59253,2023-11-07T15:00:00,ID_RENEWAL,9,86,passed,2024-01-01T15:00:00,192.02,
844,84437,2023-01-07T13:00:00,TAX_CERT,11,70,passed,2023-02-28T13:00:00,111.16,
845,49582,2023-07-24T05:00:00,BIRTH_CERT,7,75,passed,2023-09-21T05:00:00,8.45,
846,44429,2023-11-08T15:00:00,FAMILY_STATUS,9,119,passed,2023-11-24T15:00:00,158.24,
847,94513,2024-04-28T03:00:00,TAX_CERT,11,171,flagged,2024-06-05T03:00:00,1300.59,AUDIT_DONE
848,57416,2023-01-30T03:00:00,BIRTH_CERT,5,127,rejected,2023-03-25T03:00:00,3.34,AUDIT_DONE
849,25674,2024-05-07T18:00:00,FAMILY_STATUS,7,67,passed,2024-06-27T18:00:00,95.21,
850,29154,2024-06-08T23:00:00,FAMILY_STATUS,10,5,flagged,2024-06-18T23:00:00,995.42,AUDIT_DONE
851,93394,2024-04-17T22:00:00,FAMILY_STATUS,3,92,passed,2024-05-20T22:00:00,54.53,
852,92317,2023-02-19T09:00:00,TAX_CERT,5,136,passed,2023-03-10T09:00:00,15.37,
853,49462,2023-04-07T19:00:00,FAMILY_STATUS,3,140,passed,2023-05-27T19:00:00,63.24,
854,77917,2024-01-07T03:00:00,FAMILY_STATUS,9,149,passed,2024-01-22T03:00:00,28.74,
855,30257,2024-01-17T15:00:00,BIRTH_CERT,7,88,rejected,2024-02-06T15:00:00,8.15,AUDIT_DONE
856,82235,2023-08-15T06:00:00,ID_RENEWAL,9,158,passed,2023-09-25T06:00:00,190.5,
857,55640,2024-03-03T14:00:00,FAMILY_STATUS,2,30,flagged,2024-04-09T14:00:00,1908.09,AUDIT_DONE
858,49935,2024-01-07T04:00:00,ID_RENEWAL,8,153,passed,2024-01-25T04:00:00,194.02,
859,37504,2023-05-02T07:00:00,TAX_CERT,3,178,passed,2023-05-17T07:00:00,45.31,
860,66524,2023-03-22T13:00:00,ID_RENEWAL,12,29,passed,2023-05-16T13:00:00,154.94,
861,43162,2023-07-21T03:00:00,ID_RENEWAL,1,169,passed,2023-08-04T03:00:00,11.85,
862,36922,2023-03-09T09:00:00,BIRTH_CERT,11,3,flagged,2023-04-23T09:00:00,1738.84,AUDIT_DONE
863,46356,2023-07-24T05:00:00,BIRTH_CERT,11,90,passed,2023-09-16T05:00:00,29.11,
864,84741,2023-12-23T11:00:00,ID_RENEWAL,3,129,flagged,2024-01-31T11:00:00,1535.55,AUDIT_DONE
865,32514,2023-04-12T18:00:00,BIRTH_CERT,1,136,passed,2023-05-07T18:00:00,38.31,
866,58033,2023-01-05T23:00:00,BIRTH_CERT,2,55,rejected,2023-02-11T23:00:00,42.56,AUDIT_DONE
867,65586,2023-07-09T14:00:00,TAX_CERT,11,28,passed,2023-08-09T14:00:00,70.96,
868,24459,2024-06-10T07:00:00,BIRTH_CERT,7,29,flagged,2024-07-16T07:00:00,1177.14,AUDIT_DONE
869,74711,2023-05-20T15:00:00,ID_RENEWAL,6,74,passed,2023-06-16T15:00:00,8.12,
870,68190,2024-01-30T09:00:00,TAX_CERT,8,154,flagged,2024-03-30T09:00:00,1624.46,AUDIT_DONE
871,72347,2024-02-22T09:00:00,FAMILY_STATUS,7,49,flagged,2024-04-20T09:00:00,1873.71,AUDIT_DONE
872,96317,2023-07-03T00:00:00,ID_RENEWAL,11,126,passed,2023-08-12T00:00:00,79.27,
873,32114,2023-05-03T04:00:00,ID_RENEWAL,7,103,passed,2023-06-26T04:00:00,195.51,
874,40522,2024-01-08T06:00:00,BUSINESS_PERMIT,6,52,passed,2024-01-22T06:00:00,198.13,
875,94388,2024-05-26T08:00:00,BUSINESS_PERMIT,12,149,passed,2024-07-23T08:00:00,151.26,
876,46554,2023-12-31T15:00:00,TAX_CERT,11,155,rejected,2024-02-08T15:00:00,49.38,AUDIT_DONE
877,13895,2024-04-10T03:00:00,ID_RENEWAL,2,65,passed,2024-04-25T03:00:00,46.16,
878,99024,2023-02-24T02:00:00,FAMILY_STATUS,8,174,passed,2023-04-10T02:00:00,35.82,
879,78150,2023-06-06T09:00:00,BUSINESS_PERMIT,10,160,passed,2023-07-31T09:00:00,15.3,
880,55038,2024-04-22T06:00:00,BIRTH_CERT,5,170,passed,2024-06-02T06:00:00,100.96,
881,68006,2023-01-19T01:00:00,BUSINESS_PERMIT,7,31,passed,2023-02-19T01:00:00,62.91,
882,31514,2023-02-06T01:00:00,BUSINESS_PERMIT,3,143,passed,2023-03-30T01:00:00,155.88,
883,74297,2024-03-17T04:00:00,BIRTH_CERT,5,100,passed,2024-05-06T04:00:00,21.88,
884,87469,2024-04-26T15:00:00,BUSINESS_PERMIT,9,41,passed,2024-06-03T15:00:00,78.28,
885,58026,2023-12-28T09:00:00,FAMILY_STATUS,6,16,passed,2024-02-26T09:00:00,9.02,
886,63992,2023-01-28T20:00:00,FAMILY_STATUS,6,98,passed,2023-02-26T20:00:00,69.03,
887,18585,2023-02-27T21:00:00,FAMILY_STATUS,4,64,passed,2023-03-11T21:00:00,62.42,
888,65374,2023-04-28T10:00:00,BIRTH_CERT,3,6,passed,2023-06-16T10:00:00,7.48,
889,59510,2024-06-11T13:00:00,BIRTH_CERT,5,6,passed,2024-07-08T13:00:00,117.6,
890,36988,2024-02-04T10:00:00,FAMILY_STATUS,10,26,flagged,2024-03-25T10:00:00,920.07,AUDIT_DONE
891,36444,2024-05-23T16:00:00,BUSINESS_PERMIT,11,87,passed,2024-06-26T16:00:00,59.9,
892,62694,2023-03-19T17:00:00,TAX_CERT,4,74,passed,2023-05-01T17:00:00,59.46,
893,79607,2023-04-05T22:00:00,BUSINESS_PERMIT,10,25,passed,2023-05-18T22:00:00,54.67,
894,49309,2024-03-13T06:00:00,BUSINESS_PERMIT,6,20,passed,2024-05-10T06:00:00,60.37,
895,81770,2023-11-17T06:00:00,TAX_CERT,7,103,passed,2024-01-05T06:00:00,103.07,
896,96613,2023-01-20T20:00:00,BUSINESS_PERMIT,12,133,flagged,2023-02-09T20:00:00,1492.21,AUDIT_DONE
897,92150,2023-10-02T20:00:00,ID_RENEWAL,9,158,flagged,2023-11-14T20:00:00,1888.2,AUDIT_DONE
898,49357,2024-06-18T06:00:00,BUSINESS_PERMIT,6,119,passed,2024-08-07T06:00:00,30.09,
899,47623,2024-02-25T10:00:00,TAX_CERT,2,163,passed,2024-04-24T10:00:00,82.49,
900,13631,2023-09-20T21:00:00,TAX_CERT,10,61,passed,2023-10-09T21:00:00,22.71,
901,36475,2023-11-14T14:00:00,TAX_CERT,8,144,rejected,2023-11-23T14:00:00,21.1,AUDIT_DONE
902,33066,2023-10-07T04:00:00,ID_RENEWAL,1,67,flagged,2023-11-18T04:00:00,1133.33,AUDIT_DONE
903,63347,2024-05-12T00:00:00,FAMILY_STATUS,1,22,passed,2024-05-23T00:00:00,59.6,
904,25812,2023-04-03T12:00:00,BIRTH_CERT,12,36,passed,2023-05-12T12:00:00,114.19,
905,51079,2024-06-21T08:00:00,FAMILY_STATUS,8,24,passed,2024-08-18T08:00:00,24.46,
906,32957,2024-02-04T23:00:00,TAX_CERT,12,61,rejected,2024-02-17T23:00:00,10.9,AUDIT_DONE
907,59113,2023-10-09T14:00:00,ID_RENEWAL,7,66,flagged,2023-11-19T14:00:00,867.11,AUDIT_DONE
908,28993,2023-11-21T17:00:00,FAMILY_STATUS,7,122,passed,2024-01-17T17:00:00,192.66,
909,14562,2024-05-01T22:00:00,ID_RENEWAL,6,79,passed,2024-06-15T22:00:00,193.36,
910,99816,2023-09-03T08:00:00,ID_RENEWAL,9,99,passed,2023-10-03T08:00:00,191.7,
911,49438,2023-08-31T14:00:00,ID_RENEWAL,7,3,rejected,2023-09-23T14:00:00,19.65,AUDIT_DONE
912,94466,2023-08-30T09:00:00,BUSINESS_PERMIT,4,42,rejected,2023-10-27T09:00:00,31.57,AUDIT_DONE
913,53610,2023-02-04T08:00:00,BUSINESS_PERMIT,2,126,passed,2023-04-05T08:00:00,82.59,
914,81791,2023-04-13T05:00:00,FAMILY_STATUS,12,67,passed,2023-05-28T05:00:00,70.37,
915,94030,2024-04-09T22:00:00,TAX_CERT,1,14,passed,2024-05-14T22:00:00,36.75,
916,30686,2023-01-04T12:00:00,TAX_CERT,4,161,passed,2023-01-18T12:00:00,115.16,
917,51864,2024-06-12T22:00:00,BUSINESS_PERMIT,11,34,flagged,2024-08-08T22:00:00,1622.9,AUDIT_DONE
918,46935,2024-05-04T23:00:00,TAX_CERT,3,67,passed,2024-05-31T23:00:00,118.6,
919,84762,2023-03-28T13:00:00,TAX_CERT,6,47,passed,2023-05-27T13:00:00,75.46,
920,70610,2023-01-22T00:00:00,TAX_CERT,9,166,passed,2023-02-03T00:00:00,45.74,
921,29562,2023-09-26T22:00:00,ID_RENEWAL,3,13,passed,2023-10-19T22:00:00,85.78,
922,69468,2024-01-12T05:00:00,BUSINESS_PERMIT,10,31,passed,2024-03-08T05:00:00,105.17,
923,44891,2023-05-02T07:00:00,FAMILY_STATUS,12,53,passed,2023-06-28T07:00:00,172.39,
924,47089,2024-05-21T12:00:00,TAX_CERT,3,111,flagged,2024-07-19T12:00:00,1520.1,AUDIT_DONE
925,90960,2024-03-04T05:00:00,BUSINESS_PERMIT,7,38,passed,2024-03-26T05:00:00,195.23,
926,27459,2023-09-12T11:00:00,FAMILY_STATUS,10,176,passed,2023-10-19T11:00:00,17.15,
927,19575,2024-02-12T21:00:00,ID_RENEWAL,4,99,flagged,2024-03-06T21:00:00,1683.32,AUDIT_DONE
928,97921,2023-03-02T01:00:00,BIRTH_CERT,6,61,passed,2023-04-16T01:00:00,70.86,
929,97983,2023-02-16T00:00:00,FAMILY_STATUS,5,130,passed,2023-03-20T00:00:00,60.5,
930,54456,2023-05-16T17:00:00,BUSINESS_PERMIT,1,149,passed,2023-06-23T17:00:00,33.97,
931,15788,2023-05-16T02:00:00,TAX_CERT,6,136,passed,2023-06-12T02:00:00,52.08,
932,90338,2024-05-26T08:00:00,FAMILY_STATUS,12,93,rejected,2024-06-18T08:00:00,14.15,AUDIT_DONE
933,29826,2024-06-13T10:00:00,BIRTH_CERT,7,43,passed,2024-08-07T10:00:00,198.91,
934,44108,2024-03-26T01:00:00,TAX_CERT,4,39,passed,2024-05-02T01:00:00,36.63,
935,83512,2024-04-23T13:00:00,BUSINESS_PERMIT,2,127,passed,2024-06-14T13:00:00,71.3,
936,33678,2024-04-13T15:00:00,TAX_CERT,2,38,passed,2024-05-08T15:00:00,18.72,
937,78945,2024-06-04T08:00:00,BIRTH_CERT,10,170,passed,2024-06-11T08:00:00,116.71,
938,13402,2023-07-04T13:00:00,FAMILY_STATUS,2,64,flagged,2023-08-01T13:00:00,1612.29,AUDIT_DONE
939,30155,2023-05-05T12:00:00,ID_RENEWAL,6,152,rejected,2023-06-01T12:00:00,5.3,AUDIT_DONE
940,87883,2023-03-25T14:00:00,ID_RENEWAL,12,169,passed,2023-04-18T14:00:00,125.67,
941,84600,2023-12-04T01:00:00,TAX_CERT,11,160,rejected,2024-01-26T01:00:00,16.25,AUDIT_DONE
942,81716,2023-08-05T01:00:00,BIRTH_CERT,11,73,passed,2023-08-16T01:00:00,11.11,
943,21690,2024-01-26T02:00:00,ID_RENEWAL,7,66,passed,2024-02-27T02:00:00,193.01,
944,30202,2023-08-02T05:00:00,ID_RENEWAL,7,104,passed,2023-09-19T05:00:00,150.51,
945,97231,2023-11-02T15:00:00,ID_RENEWAL,7,80,rejected,2023-12-01T15:00:00,30.18,AUDIT_DONE
946,83801,2024-01-12T16:00:00,BIRTH_CERT,4,126,passed,2024-02-05T16:00:00,77.62,
947,22182,2024-03-09T02:00:00,ID_RENEWAL,7,95,passed,2024-04-12T02:00:00,86.82,
948,74922,2024-06-09T10:00:00,BIRTH_CERT,8,174,passed,2024-06-25T10:00:00,137.25,
949,49373,2024-06-21T02:00:00,TAX_CERT,5,120,passed,2024-07-28T02:00:00,181.44,
950,82219,2023-05-11T21:00:00,ID_RENEWAL,5,64,passed,2023-05-21T21:00:00,59.1,
951,84511,2023-02-16T16:00:00,FAMILY_STATUS,2,131,passed,2023-04-06T16:00:00,18.9,
952,96714,2023-12-30T08:00:00,BUSINESS_PERMIT,10,21,flagged,2024-02-22T08:00:00,819.52,AUDIT_DONE
953,51149,2023-07-03T05:00:00,BIRTH_CERT,7,12,passed,2023-07-29T05:00:00,175.35,
954,34535,2024-04-10T21:00:00,TAX_CERT,8,160,flagged,2024-06-07T21:00:00,1209.6,AUDIT_DONE
955,80041,2023-07-09T02:00:00,ID_RENEWAL,12,155,passed,2023-08-12T02:00:00,134.68,
956,63096,2023-01-06T12:00:00,BIRTH_CERT,2,4,passed,2023-02-26T12:00:00,95.42,
957,98487,2024-05-13T09:00:00,BUSINESS_PERMIT,10,158,passed,2024-07-03T09:00:00,134.76,
958,34670,2023-11-06T02:00:00,ID_RENEWAL,3,35,passed,2023-11-14T02:00:00,22.38,
959,80593,2023-08-03T15:00:00,TAX_CERT,11,38,passed,2023-09-19T15:00:00,87.16,
960,29978,2023-03-30T09:00:00,BUSINESS_PERMIT,8,38,passed,2023-04-16T09:00:00,4.36,
961,61345,2024-05-11T15:00:00,ID_RENEWAL,1,116,passed,2024-06-23T15:00:00,40.27,
962,74972,2023-12-08T00:00:00,BIRTH_CERT,2,162,flagged,2024-01-10T00:00:00,1318.15,AUDIT_DONE
963,98954,2023-10-25T01:00:00,BUSINESS_PERMIT,8,103,passed,2023-12-10T01:00:00,118.21,
964,18324,2023-08-26T22:00:00,FAMILY_STATUS,1,136,passed,2023-10-07T22:00:00,115.28,
965,67177,2024-03-03T15:00:00,ID_RENEWAL,2,127,passed,2024-04-07T15:00:00,129.24,
966,38796,2023-06-15T09:00:00,BIRTH_CERT,12,50,passed,2023-07-24T09:00:00,87.62,
967,61166,2023-12-14T19:00:00,BUSINESS_PERMIT,12,169,passed,2024-02-05T19:00:00,176.63,
968,97432,2024-01-04T15:00:00,BUSINESS_PERMIT,3,160,passed,2024-01-16T15:00:00,138.14,
969,74713,2023-05-13T05:00:00,FAMILY_STATUS,4,41,passed,2023-06-15T05:00:00,20.18,
970,56798,2023-08-29T06:00:00,TAX_CERT,9,13,rejected,2023-09-21T06:00:00,17.94,AUDIT_DONE
971,25818,2023-06-28T16:00:00,BIRTH_CERT,1,17,passed,2023-07-19T16:00:00,22.79,
972,83010,2023-08-18T15:00:00,FAMILY_STATUS,5,88,flagged,2023-10-13T15:00:00,1723.25,AUDIT_DONE
973,69917,2023-06-04T22:00:00,ID_RENEWAL,9,155,passed,2023-07-09T22:00:00,141.28,
974,31895,2023-04-19T19:00:00,ID_RENEWAL,10,27,flagged,2023-05-02T19:00:00,850.36,AUDIT_DONE
975,23014,2023-07-30T11:00:00,TAX_CERT,3,75,flagged,2023-09-06T11:00:00,1714.36,AUDIT_DONE
976,10863,2024-01-08T10:00:00,TAX_CERT,3,32,flagged,2024-02-10T10:00:00,1326.93,AUDIT_DONE
977,64396,2024-04-30T10:00:00,FAMILY_STATUS,5,130,passed,2024-06-21T10:00:00,53.2,
978,64186,2023-09-09T04:00:00,BUSINESS_PERMIT,9,108,flagged,2023-10-13T04:00:00,965.59,AUDIT_DONE
979,11303,2024-04-14T16:00:00,BIRTH_CERT,11,93,rejected,2024-06-09T16:00:00,22.13,AUDIT_DONE
980,18056,2023-03-13T02:00:00,BUSINESS_PERMIT,6,81,passed,2023-04-16T02:00:00,154.47,
981,96554,2023-02-07T21:00:00,BIRTH_CERT,11,39,rejected,2023-03-26T21:00:00,2.89,AUDIT_DONE
982,51116,2023-10-30T13:00:00,FAMILY_STATUS,7,175,flagged,2023-12-22T13:00:00,1848.26,AUDIT_DONE
983,94394,2023-01-09T08:00:00,TAX_CERT,9,157,rejected,2023-02-13T08:00:00,35.01,AUDIT_DONE
984,21046,2024-03-28T22:00:00,ID_RENEWAL,6,167,passed,2024-04-23T22:00:00,39.46,
985,22166,2023-12-09T12:00:00,BIRTH_CERT,12,33,passed,2023-12-29T12:00:00,108.16,
986,80770,2023-11-16T16:00:00,BIRTH_CERT,6,163,passed,2024-01-12T16:00:00,5.58,
987,58887,2023-09-22T07:00:00,FAMILY_STATUS,5,109,rejected,2023-10-02T07:00:00,5.52,AUDIT_DONE
988,49054,2024-06-03T11:00:00,BIRTH_CERT,2,13,flagged,2024-07-08T11:00:00,1929.61,AUDIT_DONE
989,92279,2023-01-06T14:00:00,BIRTH_CERT,6,61,flagged,2023-02-18T14:00:00,1986.8,AUDIT_DONE
990,98137,2023-08-28T11:00:00,TAX_CERT,5,73,passed,2023-10-10T11:00:00,163.02,
991,57352,2024-01-22T16:00:00,BUSINESS_PERMIT,12,64,passed,2024-02-10T16:00:00,103.29,
992,65690,2023-04-11T04:00:00,TAX_CERT,12,109,flagged,2023-04-21T04:00:00,898.34,AUDIT_DONE
993,83265,2024-05-02T06:00:00,BIRTH_CERT,8,20,passed,2024-06-15T06:00:00,105.25,
994,74165,2024-02-09T08:00:00,BUSINESS_PERMIT,10,128,passed,2024-03-31T08:00:00,199.3,
995,77264,2023-06-16T04:00:00,BIRTH_CERT,9,33,passed,2023-08-07T04:00:00,91.54,
996,58409,2023-05-01T22:00:00,ID_RENEWAL,4,117,passed,2023-06-12T22:00:00,149.3,
997,25432,2024-02-23T03:00:00,FAMILY_STATUS,2,95,passed,2024-03-10T03:00:00,8.06,
998,87283,2023-11-09T11:00:00,BUSINESS_PERMIT,5,76,passed,2023-11-25T11:00:00,158.24,
999,26033,2023-02-19T09:00:00,BIRTH_CERT,5,56,passed,2023-02-26T09:00:00,147.93,
1000,54279,2023-12-24T02:00:00,BUSINESS_PERMIT,1,107,passed,2024-01-28T02:00:00,61.94,
1001,68973,2024-05-01T23:00:00,BUSINESS_PERMIT,10,34,flagged,2024-06-06T23:00:00,1405.72,AUDIT_DONE
1002,60755,2023-06-02T23:00:00,TAX_CERT,6,23,flagged,2023-07-05T23:00:00,1597.4,AUDIT_DONE
1003,46356,2024-02-09T10:00:00,ID_RENEWAL,9,12,rejected,2024-04-03T10:00:00,44.5,AUDIT_DONE
1004,83537,2023-06-19T22:00:00,ID_RENEWAL,1,147,passed,2023-07-15T22:00:00,154.32,
1005,78387,2023-03-29T06:00:00,TAX_CERT,10,139,passed,2023-05-11T06:00:00,10.57,
1006,46039,2024-05-02T16:00:00,TAX_CERT,1,31,passed,2024-05-10T16:00:00,106.37,
1007,62664,2023-09-09T22:00:00,BIRTH_CERT,10,114,passed,2023-10-06T22:00:00,106.71,
1008,51599,2023-02-16T15:00:00,BUSINESS_PERMIT,1,88,passed,2023-03-28T15:00:00,82.99,
1009,43496,2023-09-21T02:00:00,ID_RENEWAL,2,26,passed,2023-10-09T02:00:00,57.07,
1010,33784,2023-06-07T09:00:00,ID_RENEWAL,7,174,passed,2023-07-04T09:00:00,122.9,
1011,43807,2023-03-01T09:00:00,BUSINESS_PERMIT,7,26,passed,2023-03-28T09:00:00,82.56,
1012,76666,2023-05-04T01:00:00,BIRTH_CERT,4,62,flagged,2023-06-11T01:00:00,1503.23,AUDIT_DONE
1013,73461,2024-01-30T03:00:00,ID_RENEWAL,5,16,passed,2024-02-10T03:00:00,110.62,
1014,23305,2024-02-22T20:00:00,TAX_CERT,4,5,passed,2024-04-12T20:00:00,192.69,
1015,36667,2023-05-09T09:00:00,TAX_CERT,10,105,passed,2023-06-17T09:00:00,169.26,
1016,69210,2024-01-18T17:00:00,ID_RENEWAL,3,63,passed,2024-02-29T17:00:00,84.75,
1017,73201,2023-01-02T14:00:00,FAMILY_STATUS,10,75,passed,2023-01-12T14:00:00,33.48,
1018,76889,2023-09-14T21:00:00,FAMILY_STATUS,7,90,flagged,2023-11-13T21:00:00,1055.3,AUDIT_DONE
1019,26118,2023-02-16T05:00:00,TAX_CERT,12,137,passed,2023-03-20T05:00:00,60.13,
1020,54909,2023-10-14T13:00:00,FAMILY_STATUS,4,157,passed,2023-12-03T13:00:00,160.41,
1021,88579,2024-04-08T08:00:00,FAMILY_STATUS,4,170,rejected,2024-05-14T08:00:00,17.08,AUDIT_DONE
1022,11255,2023-01-17T22:00:00,TAX_CERT,3,166,rejected,2023-01-24T22:00:00,30.44,AUDIT_DONE
1023,95078,2024-02-28T17:00:00,ID_RENEWAL,12,126,flagged,2024-04-25T17:00:00,1445.76,AUDIT_DONE
1024,88815,2023-02-01T21:00:00,FAMILY_STATUS,8,173,passed,2023-03-04T21:00:00,194.41,
1025,68271,2024-02-01T05:00:00,ID_RENEWAL,12,3,passed,2024-02-20T05:00:00,74.1,
1026,21792,2023-08-15T23:00:00,BIRTH_CERT,1,72,passed,2023-09-03T23:00:00,141.84,
1027,46799,2023-11-07T22:00:00,BUSINESS_PERMIT,4,60,rejected,2023-11-16T22:00:00,48.36,AUDIT_DONE
1028,75578,2023-08-03T00:00:00,BUSINESS_PERMIT,4,164,passed,2023-09-15T00:00:00,173.98,
1029,84074,2023-06-24T17:00:00,TAX_CERT,4,169,flagged,2023-08-08T17:00:00,1606.61,AUDIT_DONE
1030,78561,2023-03-08T18:00:00,FAMILY_STATUS,3,17,passed,2023-03-29T18:00:00,186.71,
1031,83415,2023-07-16T21:00:00,BUSINESS_PERMIT,1,178,passed,2023-09-04T21:00:00,122.89,
1032,66694,2023-01-03T13:00:00,BUSINESS_PERMIT,11,173,rejected,2023-01-30T13:00:00,2.59,AUDIT_DONE
1033,15697,2023-10-08T03:00:00,TAX_CERT,11,133,passed,2023-12-02T03:00:00,72.29,
1034,53870,2023-02-18T08:00:00,ID_RENEWAL,7,137,passed,2023-03-09T08:00:00,1.03,
1035,35805,2023-01-26T23:00:00,TAX_CERT,4,177,passed,2023-02-17T23:00:00,14.89,
1036,13148,2023-12-04T09:00:00,BIRTH_CERT,2,161,passed,2024-01-07T09:00:00,5.57,
1037,17134,2023-12-09T08:00:00,FAMILY_STATUS,4,28,passed,2024-02-07T08:00:00,191.76,
1038,68517,2024-06-16T07:00:00,BIRTH_CERT,2,154,passed,2024-08-02T07:00:00,152.82,
1039,18523,2023-05-08T02:00:00,TAX_CERT,1,9,passed,2023-06-28T02:00:00,178.02,
1040,98809,2023-03-05T14:00:00,ID_RENEWAL,1,78,passed,2023-03-18T14:00:00,86.37,
1041,88587,2023-02-23T09:00:00,BIRTH_CERT,7,103,passed,2023-03-16T09:00:00,150.39,
1042,23274,2023-01-11T14:00:00,FAMILY_STATUS,7,119,flagged,2023-02-26T14:00:00,1855.93,AUDIT_DONE
1043,88010,2023-01-27T14:00:00,ID_RENEWAL,9,85,passed,2023-02-03T14:00:00,21.6,
1044,91376,2023-07-18T18:00:00,BUSINESS_PERMIT,3,164,passed,2023-08-24T18:00:00,71.08,
1045,77256,2023-07-10T07:00:00,FAMILY_STATUS,3,12,passed,2023-08-13T07:00:00,62.33,
1046,48150,2023-11-15T18:00:00,FAMILY_STATUS,9,38,passed,2023-12-13T18:00:00,61.73,
1047,83328,2023-01-09T16:00:00,ID_RENEWAL,10,169,passed,2023-02-17T16:00:00,11.46,
1048,54767,2024-03-08T11:00:00,TAX_CERT,4,52,passed,2024-03-19T11:00:00,40.25,
1049,84199,2024-05-02T22:00:00,FAMILY_STATUS,12,120,passed,2024-06-15T22:00:00,66.23,
1050,75002,2023-11-03T13:00:00,TAX_CERT,6,42,passed,2023-11-12T13:00:00,175.22,
1051,73012,2023-01-04T20:00:00,FAMILY_STATUS,4,178,passed,2023-01-26T20:00:00,124.78,
1052,19664,2024-01-20T06:00:00,FAMILY_STATUS,7,48,flagged,2024-01-27T06:00:00,808.07,AUDIT_DONE
1053,57174,2023-01-31T17:00:00,ID_RENEWAL,2,37,passed,2023-03-16T17:00:00,38.88,
1054,32843,2023-01-31T06:00:00,FAMILY_STATUS,4,73,passed,2023-03-25T06:00:00,177.08,
1055,12751,2023-09-09T05:00:00,TAX_CERT,4,6,passed,2023-09-22T05:00:00,52.36,
1056,58449,2024-01-24T20:00:00,FAMILY_STATUS,2,87,rejected,2024-02-15T20:00:00,15.25,AUDIT_DONE
1057,27143,2023-06-25T16:00:00,TAX_CERT,10,112,flagged,2023-07-11T16:00:00,878.45,AUDIT_DONE
1058,42053,2023-07-16T17:00:00,ID_RENEWAL,7,178,passed,2023-09-01T17:00:00,119.91,
1059,46709,2023-07-13T17:00:00,TAX_CERT,5,39,passed,2023-09-08T17:00:00,10.65,
1060,96966,2024-06-04T18:00:00,BIRTH_CERT,8,54,flagged,2024-07-31T18:00:00,1741.6,AUDIT_DONE
1061,59055,2023-03-08T05:00:00,BUSINESS_PERMIT,9,100,flagged,2023-04-16T05:00:00,1574.09,AUDIT_DONE
1062,74853,2024-06-15T14:00:00,BUSINESS_PERMIT,3,83,flagged,2024-07-22T14:00:00,1430.57,AUDIT_DONE
1063,37158,2023-10-02T18:00:00,TAX_CERT,7,164,rejected,2023-10-11T18:00:00,29.2,AUDIT_DONE
1064,84890,2023-07-27T14:00:00,TAX_CERT,4,102,passed,2023-08-27T14:00:00,85.0,
1065,78002,2024-01-19T08:00:00,FAMILY_STATUS,9,22,passed,2024-02-23T08:00:00,16.81,
1066,71282,2023-08-24T18:00:00,BUSINESS_PERMIT,1,120,passed,2023-09-28T18:00:00,67.27,
1067,40643,2024-02-23T11:00:00,FAMILY_STATUS,8,82,passed,2024-03-29T11:00:00,4.94,
1068,20244,2023-03-19T11:00:00,FAMILY_STATUS,2,76,flagged,2023-05-06T11:00:00,1415.35,AUDIT_DONE
1069,35774,2023-08-22T03:00:00,FAMILY_STATUS,2,19,passed,2023-09-19T03:00:00,109.21,
1070,28070,2023-09-14T09:00:00,BIRTH_CERT,12,175,flagged,2023-10-29T09:00:00,1028.77,AUDIT_DONE
1071,63183,2023-09-25T00:00:00,BIRTH_CERT,5,73,flagged,2023-10-27T00:00:00,1739.75,AUDIT_DONE
1072,39829,2023-01-13T15:00:00,TAX_CERT,11,132,rejected,2023-02-14T15:00:00,47.57,AUDIT_DONE
1073,70476,2023-08-03T15:00:00,FAMILY_STATUS,4,133,passed,2023-09-08T15:00:00,110.52,
1074,67498,2023-03-29T10:00:00,BUSINESS_PERMIT,4,110,flagged,2023-04-18T10:00:00,1637.53,AUDIT_DONE
1075,11268,2023-01-31T11:00:00,BUSINESS_PERMIT,3,148,flagged,2023-03-26T11:00:00,1166.69,AUDIT_DONE
1076,80464,2023-12-30T10:00:00,FAMILY_STATUS,4,108,passed,2024-02-23T10:00:00,150.53,
1077,53286,2023-11-30T18:00:00,BIRTH_CERT,1,146,flagged,2023-12-16T18:00:00,1906.57,AUDIT_DONE
1078,24239,2024-02-05T12:00:00,FAMILY_STATUS,4,101,passed,2024-03-13T12:00:00,77.29,
1079,14202,2024-04-07T20:00:00,BIRTH_CERT,5,24,passed,2024-04-25T20:00:00,134.98,
1080,36986,2024-05-15T00:00:00,TAX_CERT,3,51,passed,2024-06-09T00:00:00,192.6,
1081,32521,2023-10-26T21:00:00,FAMILY_STATUS,9,18,passed,2023-11-02T21:00:00,73.73,
1082,19012,2024-02-25T12:00:00,BUSINESS_PERMIT,3,29,passed,2024-04-19T12:00:00,83.68,
1083,30811,2023-07-31T04:00:00,BIRTH_CERT,4,80,passed,2023-09-06T04:00:00,141.93,
1084,10975,2023-11-14T18:00:00,TAX_CERT,4,129,flagged,2023-12-03T18:00:00,1350.75,AUDIT_DONE
1085,74350,2024-04-01T02:00:00,BUSINESS_PERMIT,7,155,flagged,2024-05-14T02:00:00,1431.03,AUDIT_DONE
1086,55453,2024-04-18T18:00:00,FAMILY_STATUS,1,24,passed,2024-05-24T18:00:00,176.2,
1087,66633,2024-02-05T19:00:00,BUSINESS_PERMIT,3,107,passed,2024-03-29T19:00:00,179.99,
1088,41417,2024-01-29T21:00:00,TAX_CERT,3,179,passed,2024-02-07T21:00:00,78.71,
1089,38476,2023-10-08T20:00:00,BUSINESS_PERMIT,9,75,passed,2023-11-30T20:00:00,13.35,
1090,52731,2024-02-26T17:00:00,BUSINESS_PERMIT,2,95,passed,2024-04-22T17:00:00,21.04,
1091,93737,2024-04-06T05:00:00,BUSINESS_PERMIT,5,54,passed,2024-04-17T05:00:00,92.43,
1092,42847,2024-01-26T10:00:00,ID_RENEWAL,12,103,flagged,2024-02-02T10:00:00,1276.01,AUDIT_DONE
1093,96117,2023-05-20T10:00:00,TAX_CERT,11,119,passed,2023-07-01T10:00:00,13.65,
1094,89559,2024-03-24T04:00:00,ID_RENEWAL,8,72,flagged,2024-04-01T04:00:00,1004.71,AUDIT_DONE
1095,11469,2023-07-01T09:00:00,FAMILY_STATUS,2,137,flagged,2023-08-19T09:00:00,1002.14,AUDIT_DONE
1096,79769,2023-06-07T14:00:00,TAX_CERT,6,46,passed,2023-07-27T14:00:00,6.89,
1097,96512,2024-03-28T22:00:00,ID_RENEWAL,1,163,flagged,2024-05-19T22:00:00,1569.21,AUDIT_DONE
1098,59465,2024-02-04T22:00:00,TAX_CERT,5,114,passed,2024-03-31T22:00:00,0.93,
1099,54186,2023-09-13T11:00:00,TAX_CERT,4,52,passed,2023-09-20T11:00:00,84.34,
1100,77174,2023-03-06T07:00:00,ID_RENEWAL,2,171,passed,2023-04-08T07:00:00,33.41,
1101,61781,2023-12-01T10:00:00,BUSINESS_PERMIT,9,161,passed,2024-01-11T10:00:00,41.42,
1102,95720,2023-05-04T07:00:00,FAMILY_STATUS,4,28,passed,2023-06-05T07:00:00,34.72,
1103,95189,2023-01-13T12:00:00,BIRTH_CERT,4,118,passed,2023-02-06T12:00:00,131.59,
1104,23344,2024-01-13T01:00:00,BIRTH_CERT,2,56,passed,2024-02-20T01:00:00,153.51,
1105,98853,2023-06-25T08:00:00,TAX_CERT,2,154,passed,2023-07-26T08:00:00,126.17,
1106,18849,2023-12-07T05:00:00,FAMILY_STATUS,11,177,passed,2024-01-13T05:00:00,170.31,
1107,75984,2023-01-19T19:00:00,BIRTH_CERT,10,115,passed,2023-02-09T19:00:00,128.12,
1108,66164,2023-01-14T07:00:00,TAX_CERT,1,158,flagged,2023-02-05T07:00:00,948.87,AUDIT_DONE
1109,36789,2023-03-23T01:00:00,ID_RENEWAL,3,96,passed,2023-04-23T01:00:00,40.4,
1110,51620,2023-09-01T23:00:00,ID_RENEWAL,10,114,flagged,2023-09-25T23:00:00,1194.43,AUDIT_DONE
1111,53420,2024-06-17T13:00:00,FAMILY_STATUS,11,74,flagged,2024-08-09T13:00:00,1074.81,AUDIT_DONE
1112,39156,2023-09-06T06:00:00,BIRTH_CERT,9,14,rejected,2023-09-28T06:00:00,33.25,AUDIT_DONE
1113,19173,2024-01-26T16:00:00,TAX_CERT,6,47,passed,2024-03-04T16:00:00,1.21,
1114,36787,2023-02-23T20:00:00,TAX_CERT,3,53,passed,2023-04-06T20:00:00,34.74,
1115,65576,2024-06-03T02:00:00,TAX_CERT,7,120,passed,2024-06-25T02:00:00,144.33,
1116,73068,2023-09-12T09:00:00,ID_RENEWAL,5,148,passed,2023-10-06T09:00:00,127.12,
1117,66810,2024-01-04T12:00:00,TAX_CERT,7,43,passed,2024-02-19T12:00:00,84.54,
1118,88011,2024-05-08T00:00:00,BIRTH_CERT,7,110,flagged,2024-06-03T00:00:00,1710.63,AUDIT_DONE
1119,47122,2023-06-06T17:00:00,BUSINESS_PERMIT,12,45,passed,2023-07-12T17:00:00,92.73,
1120,10547,2024-05-07T02:00:00,ID_RENEWAL,6,35,flagged,2024-05-26T02:00:00,1034.86,AUDIT_DONE
1121,58908,2024-05-27T23:00:00,BUSINESS_PERMIT,12,96,passed,2024-06-28T23:00:00,185.14,
1122,60439,2024-05-16T09:00:00,BIRTH_CERT,11,151,passed,2024-05-30T09:00:00,177.0,
1123,76795,2023-06-16T06:00:00,BUSINESS_PERMIT,7,66,flagged,2023-07-15T06:00:00,1701.89,AUDIT_DONE
1124,41765,2024-01-13T22:00:00,BUSINESS_PERMIT,1,167,passed,2024-02-04T22:00:00,84.81,
1125,44253,2023-02-05T11:00:00,BIRTH_CERT,11,174,passed,2023-02-21T11:00:00,133.14,
1126,31158,2024-04-11T21:00:00,ID_RENEWAL,3,66,passed,2024-05-30T21:00:00,115.67,
1127,77965,2023-04-30T02:00:00,TAX_CERT,11,99,passed,2023-05-12T02:00:00,117.23,
1128,96309,2024-03-09T05:00:00,BUSINESS_PERMIT,7,65,passed,2024-04-19T05:00:00,100.13,
1129,55140,2023-11-12T23:00:00,TAX_CERT,7,23,passed,2024-01-09T23:00:00,114.52,
1130,74451,2023-10-03T23:00:00,ID_RENEWAL,4,102,passed,2023-10-20T23:00:00,1.28,
1131,66485,2023-04-10T02:00:00,TAX_CERT,12,107,passed,2023-06-02T02:00:00,130.9,
1132,69069,2023-06-30T11:00:00,BIRTH_CERT,3,35,passed,2023-07-14T11:00:00,36.4,
1133,43993,2023-08-06T05:00:00,BUSINESS_PERMIT,4,16,flagged,2023-08-25T05:00:00,1771.01,AUDIT_DONE
1134,21233,2024-03-27T20:00:00,BUSINESS_PERMIT,10,28,flagged,2024-04-21T20:00:00,999.35,AUDIT_DONE
1135,98185,2023-05-08T08:00:00,ID_RENEWAL,2,88,passed,2023-06-15T08:00:00,46.96,
1136,22693,2023-01-10T01:00:00,TAX_CERT,5,2,passed,2023-01-19T01:00:00,157.84,
1137,73691,2024-06-18T00:00:00,BUSINESS_PERMIT,7,155,passed,2024-07-12T00:00:00,192.41,
1138,41404,2023-12-12T19:00:00,FAMILY_STATUS,7,87,passed,2024-01-08T19:00:00,178.03,
1139,23130,2024-02-13T12:00:00,ID_RENEWAL,10,15,rejected,2024-04-11T12:00:00,43.65,AUDIT_DONE
1140,46630,2024-04-12T22:00:00,TAX_CERT,7,36,passed,2024-05-22T22:00:00,24.58,
1141,96537,2024-01-13T14:00:00,TAX_CERT,10,176,passed,2024-02-15T14:00:00,95.04,
1142,52667,2023-01-04T20:00:00,BUSINESS_PERMIT,6,5,passed,2023-03-03T20:00:00,174.69,
1143,66087,2023-08-28T19:00:00,BUSINESS_PERMIT,8,103,flagged,2023-09-26T19:00:00,1752.75,AUDIT_DONE
1144,84959,2023-04-13T23:00:00,BIRTH_CERT,7,76,passed,2023-05-23T23:00:00,142.39,
1145,71184,2023-02-02T04:00:00,TAX_CERT,8,23,passed,2023-03-16T04:00:00,134.61,
1146,96474,2024-04-01T03:00:00,ID_RENEWAL,8,170,passed,2024-04-18T03:00:00,48.67,
1147,46747,2023-04-19T13:00:00,TAX_CERT,12,8,passed,2023-05-20T13:00:00,185.79,
1148,93040,2023-09-21T21:00:00,BUSINESS_PERMIT,8,172,passed,2023-11-01T21:00:00,27.15,
1149,18476,2023-04-03T22:00:00,FAMILY_STATUS,6,58,rejected,2023-05-18T22:00:00,38.32,AUDIT_DONE
1150,40587,2024-01-22T22:00:00,TAX_CERT,12,98,passed,2024-02-25T22:00:00,157.02,
1151,34662,2023-09-23T03:00:00,ID_RENEWAL,5,23,passed,2023-11-06T03:00:00,68.05,
1152,87340,2024-01-12T04:00:00,BIRTH_CERT,6,98,passed,2024-01-22T04:00:00,0.34,
1153,26555,2023-07-14T12:00:00,BIRTH_CERT,7,82,flagged,2023-09-09T12:00:00,1757.02,AUDIT_DONE
1154,48905,2023-08-16T03:00:00,TAX_CERT,7,3,passed,2023-09-01T03:00:00,92.12,
1155,14501,2024-05-26T21:00:00,BIRTH_CERT,8,38,passed,2024-07-14T21:00:00,29.17,
1156,85231,2023-11-24T09:00:00,BUSINESS_PERMIT,9,177,passed,2024-01-15T09:00:00,199.37,
1157,37605,2023-08-09T15:00:00,TAX_CERT,5,97,passed,2023-08-25T15:00:00,162.04,
1158,12826,2023-02-23T05:00:00,BIRTH_CERT,8,101,passed,2023-03-12T05:00:00,163.0,
1159,61257,2024-02-06T10:00:00,ID_RENEWAL,7,174,passed,2024-03-09T10:00:00,69.66,
1160,61612,2024-06-24T23:00:00,ID_RENEWAL,5,73,passed,2024-08-05T23:00:00,39.02,
1161,95804,2023-05-15T10:00:00,TAX_CERT,10,14,flagged,2023-06-20T10:00:00,1651.51,AUDIT_DONE
1162,35644,2023-05-21T14:00:00,ID_RENEWAL,12,124,passed,2023-06-10T14:00:00,28.96,
1163,59355,2024-01-06T23:00:00,BUSINESS_PERMIT,10,27,passed,2024-01-22T23:00:00,197.7,
1164,25380,2023-06-22T01:00:00,BIRTH_CERT,2,92,rejected,2023-07-02T01:00:00,8.98,AUDIT_DONE
1165,25571,2023-12-13T18:00:00,TAX_CERT,7,39,passed,2023-12-22T18:00:00,80.8,
1166,59200,2024-02-11T15:00:00,ID_RENEWAL,5,177,passed,2024-04-05T15:00:00,34.5,
1167,25728,2024-04-19T20:00:00,ID_RENEWAL,7,71,passed,2024-04-26T20:00:00,89.02,
1168,86919,2023-03-26T03:00:00,BIRTH_CERT,8,165,passed,2023-04-03T03:00:00,101.95,
1169,94488,2024-05-06T08:00:00,BUSINESS_PERMIT,12,25,flagged,2024-06-12T08:00:00,1017.32,AUDIT_DONE
1170,80452,2023-11-02T18:00:00,TAX_CERT,3,26,passed,2023-12-29T18:00:00,142.75,
1171,79479,2024-02-20T22:00:00,BUSINESS_PERMIT,1,101,passed,2024-04-18T22:00:00,107.28,
1172,37192,2023-03-07T16:00:00,ID_RENEWAL,10,138,flagged,2023-03-21T16:00:00,1748.08,AUDIT_DONE
1173,26127,2023-07-05T19:00:00,ID_RENEWAL,12,47,passed,2023-08-01T19:00:00,89.45,
1174,14588,2023-05-12T18:00:00,ID_RENEWAL,4,168,passed,2023-07-06T18:00:00,112.5,
1175,10011,2023-05-08T16:00:00,TAX_CERT,5,94,rejected,2023-06-26T16:00:00,8.58,AUDIT_DONE
1176,74283,2023-11-04T01:00:00,FAMILY_STATUS,9,76,passed,2023-12-17T01:00:00,88.98,
1177,15863,2024-06-19T11:00:00,TAX_CERT,10,138,passed,2024-08-07T11:00:00,137.59,
1178,88924,2023-02-07T06:00:00,BIRTH_CERT,3,77,flagged,2023-02-22T06:00:00,1058.26,AUDIT_DONE
1179,82069,2023-08-10T18:00:00,FAMILY_STATUS,6,72,passed,2023-08-21T18:00:00,124.46,
1180,98673,2023-09-24T12:00:00,BUSINESS_PERMIT,11,42,passed,2023-10-17T12:00:00,16.65,
1181,94616,2023-05-27T17:00:00,TAX_CERT,4,19,passed,2023-07-13T17:00:00,53.88,
1182,30118,2024-01-17T18:00:00,FAMILY_STATUS,11,166,flagged,2024-02-19T18:00:00,1525.93,AUDIT_DONE
1183,24416,2024-03-20T12:00:00,BIRTH_CERT,1,155,passed,2024-04-30T12:00:00,54.03,
1184,45815,2024-02-21T02:00:00,TAX_CERT,6,164,passed,2024-04-17T02:00:00,181.85,
1185,23762,2023-08-20T08:00:00,ID_RENEWAL,1,26,passed,2023-09-20T08:00:00,193.75,
1186,79331,2023-06-29T16:00:00,FAMILY_STATUS,12,79,passed,2023-07-12T16:00:00,161.36,
1187,61060,2023-10-16T17:00:00,TAX_CERT,5,156,passed,2023-11-12T17:00:00,9.59,
1188,72503,2023-12-20T23:00:00,BIRTH_CERT,11,137,passed,2024-01-21T23:00:00,176.4,
1189,28700,2023-05-11T08:00:00,BUSINESS_PERMIT,1,176,passed,2023-05-26T08:00:00,31.1,
1190,98895,2023-10-01T01:00:00,BIRTH_CERT,12,164,rejected,2023-10-23T01:00:00,35.38,AUDIT_DONE
1191,75828,2024-03-04T22:00:00,FAMILY_STATUS,8,47,passed,2024-04-09T22:00:00,70.8,
1192,63282,2023-10-10T13:00:00,FAMILY_STATUS,9,59,passed,2023-11-05T13:00:00,171.58,
1193,85407,2023-04-03T20:00:00,ID_RENEWAL,2,20,flagged,2023-04-20T20:00:00,1933.84,AUDIT_DONE
1194,65572,2023-03-28T23:00:00,BIRTH_CERT,5,142,rejected,2023-04-04T23:00:00,40.42,AUDIT_DONE
1195,26343,2023-05-20T15:00:00,BUSINESS_PERMIT,8,132,passed,2023-06-30T15:00:00,135.35,
1196,55227,2023-01-15T19:00:00,TAX_CERT,4,2,flagged,2023-03-10T19:00:00,1643.11,AUDIT_DONE
1197,78618,2024-06-24T21:00:00,TAX_CERT,10,11,passed,2024-08-13T21:00:00,192.93,
1198,74947,2023-06-29T02:00:00,BUSINESS_PERMIT,6,35,passed,2023-08-02T02:00:00,190.5,
1199,25448,2023-06-24T11:00:00,FAMILY_STATUS,2,87,rejected,2023-08-04T11:00:00,12.49,AUDIT_DONE
1200,61592,2023-11-03T15:00:00,TAX_CERT,5,68,passed,2023-12-16T15:00:00,147.61,
1201,17536,2023-11-09T20:00:00,FAMILY_STATUS,9,10,rejected,2023-12-17T20:00:00,44.62,AUDIT_DONE
1202,34400,2023-01-07T19:00:00,BUSINESS_PERMIT,8,85,passed,2023-02-05T19:00:00,21.43,
1203,30147,2023-12-30T00:00:00,BUSINESS_PERMIT,2,111,passed,2024-02-07T00:00:00,16.95,
1204,61820,2023-05-07T15:00:00,FAMILY_STATUS,1,40,flagged,2023-06-13T15:00:00,1100.16,AUDIT_DONE
1205,96019,2023-11-03T11:00:00,BUSINESS_PERMIT,7,47,passed,2023-12-08T11:00:00,53.9,
1206,36013,2023-06-15T04:00:00,ID_RENEWAL,6,112,passed,2023-08-06T04:00:00,176.72,
1207,31012,2023-07-14T09:00:00,TAX_CERT,1,35,passed,2023-07-23T09:00:00,148.78,
1208,99356,2024-05-05T21:00:00,TAX_CERT,5,31,passed,2024-07-02T21:00:00,110.02,
1209,12772,2023-11-29T12:00:00,TAX_CERT,9,100,passed,2024-01-25T12:00:00,191.54,
1210,54845,2023-06-09T11:00:00,BUSINESS_PERMIT,9,4,flagged,2023-07-29T11:00:00,1083.81,AUDIT_DONE
1211,42472,2023-01-09T13:00:00,BIRTH_CERT,8,75,passed,2023-02-12T13:00:00,16.52,
1212,42421,2023-06-06T23:00:00,BUSINESS_PERMIT,9,48,passed,2023-06-29T23:00:00,153.35,
1213,34729,2023-07-23T15:00:00,BIRTH_CERT,12,27,flagged,2023-08-10T15:00:00,1402.8,AUDIT_DONE
1214,29163,2023-06-02T07:00:00,BUSINESS_PERMIT,2,34,passed,2023-06-21T07:00:00,54.77,
1215,50166,2023-01-19T19:00:00,TAX_CERT,4,24,flagged,2023-02-28T19:00:00,1256.42,AUDIT_DONE
1216,49883,2023-08-16T10:00:00,ID_RENEWAL,7,123,passed,2023-08-26T10:00:00,85.41,
1217,33822,2023-10-03T11:00:00,ID_RENEWAL,5,90,flagged,2023-10-13T11:00:00,1096.36,AUDIT_DONE
1218,23207,2023-01-01T01:00:00,BUSINESS_PERMIT,11,83,passed,2023-02-15T01:00:00,94.41,
1219,11790,2023-07-09T08:00:00,BIRTH_CERT,8,94,passed,2023-08-27T08:00:00,22.31,
1220,58705,2023-05-14T10:00:00,TAX_CERT,6,93,flagged,2023-06-28T10:00:00,1506.69,AUDIT_DONE
1221,88883,2023-10-10T06:00:00,ID_RENEWAL,10,99,passed,2023-11-26T06:00:00,21.27,
1222,19814,2023-02-12T18:00:00,BIRTH_CERT,11,49,passed,2023-02-25T18:00:00,89.15,
1223,30142,2023-12-18T09:00:00,ID_RENEWAL,12,122,rejected,2024-02-09T09:00:00,10.1,AUDIT_DONE
1224,83445,2023-05-11T06:00:00,FAMILY_STATUS,7,141,flagged,2023-07-05T06:00:00,1869.9,AUDIT_DONE
1225,78650,2024-01-10T14:00:00,BIRTH_CERT,11,31,rejected,2024-02-12T14:00:00,3.39,AUDIT_DONE
1226,84209,2023-01-23T05:00:00,ID_RENEWAL,10,71,passed,2023-02-01T05:00:00,25.79,
1227,31694,2023-07-14T23:00:00,BUSINESS_PERMIT,7,127,passed,2023-07-25T23:00:00,174.05,
1228,10471,2024-06-05T12:00:00,TAX_CERT,9,100,passed,2024-06-23T12:00:00,54.3,
1229,76036,2023-08-12T18:00:00,BIRTH_CERT,12,3,flagged,2023-09-17T18:00:00,1748.78,AUDIT_DONE
1230,39350,2023-09-23T09:00:00,ID_RENEWAL,4,76,flagged,2023-10-10T09:00:00,1462.58,AUDIT_DONE
1231,45446,2023-09-01T09:00:00,ID_RENEWAL,1,164,passed,2023-09-16T09:00:00,176.72,
1232,58380,2023-09-12T06:00:00,FAMILY_STATUS,9,30,passed,2023-10-27T06:00:00,69.49,
1233,48652,2023-03-27T22:00:00,FAMILY_STATUS,9,68,flagged,2023-05-12T22:00:00,1290.01,AUDIT_DONE
1234,43552,2023-02-28T20:00:00,ID_RENEWAL,1,92,passed,2023-03-18T20:00:00,193.05,
1235,93139,2023-04-19T23:00:00,BIRTH_CERT,12,177,passed,2023-06-05T23:00:00,130.76,
1236,61834,2023-07-31T14:00:00,TAX_CERT,4,84,passed,2023-09-27T14:00:00,116.33,
1237,75006,2024-04-01T07:00:00,TAX_CERT,12,112,passed,2024-04-13T07:00:00,180.43,
1238,94877,2024-04-15T05:00:00,FAMILY_STATUS,3,49,passed,2024-05-03T05:00:00,188.67,
1239,19103,2023-01-22T09:00:00,TAX_CERT,3,46,flagged,2023-02-10T09:00:00,1624.84,AUDIT_DONE
1240,79045,2023-03-15T13:00:00,TAX_CERT,4,117,rejected,2023-03-28T13:00:00,48.52,AUDIT_DONE
1241,94473,2023-01-13T19:00:00,ID_RENEWAL,2,97,passed,2023-01-20T19:00:00,22.01,
1242,11231,2023-05-16T07:00:00,ID_RENEWAL,2,69,passed,2023-05-23T07:00:00,125.48,
1243,31383,2023-12-13T22:00:00,FAMILY_STATUS,2,52,passed,2024-01-17T22:00:00,151.93,
1244,81252,2023-12-06T15:00:00,ID_RENEWAL,3,63,passed,2024-01-22T15:00:00,138.41,
1245,64432,2023-01-22T01:00:00,TAX_CERT,2,140,passed,2023-03-23T01:00:00,102.31,
1246,47597,2023-01-02T07:00:00,TAX_CERT,1,59,passed,2023-02-19T07:00:00,29.48,
1247,23334,2024-01-29T21:00:00,FAMILY_STATUS,12,29,passed,2024-02-19T21:00:00,198.15,
1248,15681,2024-01-01T02:00:00,BIRTH_CERT,10,86,passed,2024-01-13T02:00:00,184.66,
1249,29689,2023-06-04T05:00:00,FAMILY_STATUS,7,136,passed,2023-07-08T05:00:00,36.27,
1250,20009,2023-10-21T11:00:00,ID_RENEWAL,2,70,rejected,2023-11-13T11:00:00,33.09,AUDIT_DONE
1251,72709,2023-06-02T20:00:00,ID_RENEWAL,3,82,passed,2023-07-29T20:00:00,89.34,
1252,33838,2023-04-26T18:00:00,BUSINESS_PERMIT,7,72,passed,2023-05-11T18:00:00,64.61,
1253,93440,2023-12-28T10:00:00,FAMILY_STATUS,8,109,passed,2024-02-11T10:00:00,194.57,
1254,74566,2023-05-22T20:00:00,BIRTH_CERT,4,99,passed,2023-07-02T20:00:00,99.42,
1255,38748,2023-08-24T12:00:00,ID_RENEWAL,2,149,flagged,2023-10-19T12:00:00,1432.34,AUDIT_DONE
1256,72118,2023-08-29T11:00:00,TAX_CERT,1,53,rejected,2023-10-10T11:00:00,0.86,AUDIT_DONE
1257,28264,2023-04-23T01:00:00,FAMILY_STATUS,6,93,flagged,2023-06-21T01:00:00,1840.13,AUDIT_DONE
1258,28061,2024-04-16T04:00:00,ID_RENEWAL,9,108,passed,2024-04-26T04:00:00,165.56,
1259,23894,2023-05-27T12:00:00,BIRTH_CERT,12,7,passed,2023-06-06T12:00:00,84.94,
1260,42118,2023-03-17T15:00:00,ID_RENEWAL,10,41,passed,2023-03-29T15:00:00,73.05,
1261,79133,2023-01-13T18:00:00,FAMILY_STATUS,7,39,flagged,2023-01-28T18:00:00,1363.72,AUDIT_DONE
1262,47587,2024-04-26T13:00:00,ID_RENEWAL,12,87,passed,2024-05-03T13:00:00,128.97,
1263,11424,2023-06-09T01:00:00,BUSINESS_PERMIT,11,9,passed,2023-06-26T01:00:00,34.72,
1264,75781,2024-03-09T21:00:00,FAMILY_STATUS,8,142,flagged,2024-04-21T21:00:00,1109.67,AUDIT_DONE
1265,37769,2023-08-21T13:00:00,BUSINESS_PERMIT,3,70,rejected,2023-09-05T13:00:00,26.08,AUDIT_DONE
1266,20119,2023-02-27T07:00:00,BUSINESS_PERMIT,7,48,flagged,2023-04-13T07:00:00,1971.18,AUDIT_DONE
1267,58690,2024-05-03T10:00:00,BUSINESS_PERMIT,11,165,passed,2024-05-13T10:00:00,76.09,
1268,13676,2023-07-19T08:00:00,TAX_CERT,2,27,passed,2023-08-16T08:00:00,120.64,
1269,50516,2023-10-16T05:00:00,TAX_CERT,9,28,passed,2023-12-10T05:00:00,119.42,
1270,15881,2023-07-26T20:00:00,BIRTH_CERT,1,62,passed,2023-09-07T20:00:00,195.33,
1271,47015,2024-05-10T01:00:00,BUSINESS_PERMIT,1,81,passed,2024-06-08T01:00:00,61.72,
1272,98432,2024-05-27T06:00:00,ID_RENEWAL,6,101,flagged,2024-07-17T06:00:00,1968.62,AUDIT_DONE
1273,13104,2023-12-06T13:00:00,BIRTH_CERT,12,129,passed,2023-12-22T13:00:00,161.5,
1274,20322,2024-01-27T15:00:00,ID_RENEWAL,10,10,passed,2024-03-03T15:00:00,30.31,
1275,77672,2023-08-26T06:00:00,BIRTH_CERT,11,168,passed,2023-10-04T06:00:00,143.71,
1276,15244,2024-06-19T10:00:00,BUSINESS_PERMIT,8,34,passed,2024-07-23T10:00:00,72.06,
1277,75211,2023-09-02T06:00:00,ID_RENEWAL,10,156,passed,2023-10-19T06:00:00,30.48,
1278,75393,2023-01-16T04:00:00,ID_RENEWAL,5,141,flagged,2023-01-28T04:00:00,1756.86,AUDIT_DONE
1279,56316,2024-04-10T10:00:00,ID_RENEWAL,3,76,passed,2024-05-10T10:00:00,56.02,
1280,67939,2023-03-14T05:00:00,TAX_CERT,12,118,passed,2023-04-06T05:00:00,94.65,
1281,91223,2023-05-07T18:00:00,TAX_CERT,8,11,passed,2023-06-09T18:00:00,57.33,
1282,64158,2024-03-27T11:00:00,BIRTH_CERT,9,160,rejected,2024-05-16T11:00:00,18.68,AUDIT_DONE
1283,42088,2024-04-05T08:00:00,BIRTH_CERT,11,11,passed,2024-05-29T08:00:00,128.77,
1284,39235,2023-01-09T04:00:00,BUSINESS_PERMIT,2,75,passed,2023-01-20T04:00:00,114.03,
1285,70929,2024-04-18T21:00:00,ID_RENEWAL,2,90,passed,2024-06-16T21:00:00,128.5,
1286,66769,2023-03-29T05:00:00,TAX_CERT,12,28,rejected,2023-05-24T05:00:00,46.12,AUDIT_DONE
1287,72419,2024-02-16T10:00:00,ID_RENEWAL,2,82,passed,2024-03-07T10:00:00,120.87,
1288,37979,2023-10-13T14:00:00,FAMILY_STATUS,1,140,passed,2023-11-29T14:00:00,93.99,
1289,72050,2023-02-02T19:00:00,TAX_CERT,7,16,rejected,2023-03-08T19:00:00,18.07,AUDIT_DONE
1290,20956,2023-02-25T06:00:00,TAX_CERT,1,176,passed,2023-03-15T06:00:00,50.41,
1291,78783,2023-03-12T08:00:00,TAX_CERT,7,21,passed,2023-04-14T08:00:00,142.44,
1292,48915,2023-09-23T05:00:00,TAX_CERT,1,24,flagged,2023-11-17T05:00:00,1314.24,AUDIT_DONE
1293,67250,2023-07-23T11:00:00,FAMILY_STATUS,7,124,passed,2023-08-09T11:00:00,137.77,
1294,90807,2024-02-03T00:00:00,TAX_CERT,9,153,passed,2024-03-18T00:00:00,144.54,
1295,75463,2023-11-28T21:00:00,FAMILY_STATUS,12,82,passed,2023-12-14T21:00:00,179.3,
1296,26478,2023-04-27T21:00:00,BUSINESS_PERMIT,7,68,passed,2023-06-01T21:00:00,0.74,
1297,88766,2023-04-10T01:00:00,BUSINESS_PERMIT,4,49,passed,2023-04-27T01:00:00,109.22,
1298,58530,2023-08-10T11:00:00,FAMILY_STATUS,4,49,rejected,2023-08-17T11:00:00,28.84,AUDIT_DONE
1299,95054,2023-01-17T09:00:00,BUSINESS_PERMIT,5,129,flagged,2023-02-24T09:00:00,949.69,AUDIT_DONE
1300,54017,2024-02-28T13:00:00,ID_RENEWAL,6,91,flagged,2024-04-23T13:00:00,1311.02,AUDIT_DONE
1301,67131,2023-06-30T14:00:00,BUSINESS_PERMIT,7,96,passed,2023-08-10T14:00:00,118.98,
1302,23005,2023-10-19T21:00:00,ID_RENEWAL,12,175,passed,2023-12-04T21:00:00,56.65,
1303,91766,2023-04-17T02:00:00,BIRTH_CERT,11,5,passed,2023-05-25T02:00:00,82.26,
1304,65134,2023-04-13T20:00:00,TAX_CERT,8,129,passed,2023-05-08T20:00:00,6.53,
1305,55955,2023-08-17T14:00:00,BUSINESS_PERMIT,9,98,passed,2023-08-31T14:00:00,171.27,
1306,76527,2024-02-27T20:00:00,FAMILY_STATUS,12,102,passed,2024-03-19T20:00:00,74.93,
1307,98250,2023-10-02T21:00:00,TAX_CERT,5,79,flagged,2023-11-04T21:00:00,1754.17,AUDIT_DONE
1308,78021,2023-01-05T13:00:00,BIRTH_CERT,1,4,passed,2023-03-06T13:00:00,158.1,
1309,35252,2023-11-22T10:00:00,BIRTH_CERT,3,147,rejected,2023-12-24T10:00:00,12.09,AUDIT_DONE
1310,32769,2024-02-07T01:00:00,BUSINESS_PERMIT,10,110,passed,2024-03-31T01:00:00,127.25,
1311,76093,2023-11-22T16:00:00,ID_RENEWAL,3,112,passed,2023-12-07T16:00:00,142.0,
1312,22224,2024-02-06T20:00:00,ID_RENEWAL,5,142,passed,2024-02-18T20:00:00,64.48,
1313,20324,2024-03-23T00:00:00,BIRTH_CERT,11,152,passed,2024-05-03T00:00:00,123.62,
1314,56939,2024-01-27T00:00:00,TAX_CERT,12,34,rejected,2024-03-23T00:00:00,31.72,AUDIT_DONE
1315,59559,2023-09-03T20:00:00,FAMILY_STATUS,4,77,passed,2023-10-26T20:00:00,168.09,
1316,23555,2023-02-22T08:00:00,ID_RENEWAL,2,37,passed,2023-04-07T08:00:00,127.68,
1317,22160,2024-04-15T19:00:00,ID_RENEWAL,2,28,passed,2024-05-03T19:00:00,52.4,
1318,19643,2024-05-21T11:00:00,BUSINESS_PERMIT,4,101,passed,2024-06-23T11:00:00,159.09,
1319,31116,2023-03-20T06:00:00,TAX_CERT,11,108,passed,2023-04-24T06:00:00,62.72,
1320,25362,2023-11-02T00:00:00,FAMILY_STATUS,3,169,passed,2023-11-11T00:00:00,121.33,
1321,43357,2023-12-22T15:00:00,ID_RENEWAL,10,154,passed,2024-02-14T15:00:00,31.68,
1322,38351,2023-07-17T19:00:00,FAMILY_STATUS,1,138,passed,2023-08-02T19:00:00,102.35,
1323,26591,2023-04-28T06:00:00,FAMILY_STATUS,1,84,passed,2023-06-18T06:00:00,16.69,
1324,71216,2023-10-08T15:00:00,BUSINESS_PERMIT,4,24,passed,2023-11-02T15:00:00,110.3,
1325,46842,2024-03-22T16:00:00,BUSINESS_PERMIT,7,50,passed,2024-05-13T16:00:00,39.58,
1326,73941,2023-04-16T18:00:00,BUSINESS_PERMIT,10,80,passed,2023-06-08T18:00:00,41.17,
1327,60206,2024-04-01T13:00:00,BUSINESS_PERMIT,10,70,flagged,2024-05-16T13:00:00,1547.49,AUDIT_DONE
1328,31921,2023-07-24T18:00:00,ID_RENEWAL,6,96,flagged,2023-08-28T18:00:00,1783.21,AUDIT_DONE
1329,79533,2024-06-07T08:00:00,FAMILY_STATUS,10,105,passed,2024-07-25T08:00:00,165.34,
1330,56890,2024-02-12T00:00:00,TAX_CERT,2,47,flagged,2024-03-01T00:00:00,1315.26,AUDIT_DONE
1331,11262,2023-03-16T06:00:00,FAMILY_STATUS,11,96,passed,2023-03-30T06:00:00,155.9,
1332,83615,2023-01-12T22:00:00,ID_RENEWAL,6,55,passed,2023-02-02T22:00:00,159.05,
1333,89679,2024-01-30T09:00:00,ID_RENEWAL,10,55,passed,2024-02-23T09:00:00,20.58,
1334,74740,2024-03-07T21:00:00,BUSINESS_PERMIT,7,82,flagged,2024-03-17T21:00:00,1037.78,AUDIT_DONE
1335,87485,2023-02-17T08:00:00,BUSINESS_PERMIT,7,31,passed,2023-03-16T08:00:00,34.23,
1336,10609,2023-08-31T18:00:00,BUSINESS_PERMIT,1,73,passed,2023-10-13T18:00:00,156.66,
1337,54222,2023-10-19T04:00:00,ID_RENEWAL,7,10,flagged,2023-10-28T04:00:00,1901.64,AUDIT_DONE
1338,55327,2023-03-13T15:00:00,BUSINESS_PERMIT,2,107,flagged,2023-05-07T15:00:00,1129.61,AUDIT_DONE
1339,69582,2023-03-23T17:00:00,BUSINESS_PERMIT,6,127,passed,2023-05-13T17:00:00,78.67,
1340,28184,2023-05-05T11:00:00,ID_RENEWAL,10,27,passed,2023-05-12T11:00:00,9.57,
1341,58349,2023-11-27T22:00:00,BIRTH_CERT,12,112,passed,2024-01-19T22:00:00,17.6,
1342,49883,2023-01-06T22:00:00,ID_RENEWAL,1,67,flagged,2023-01-16T22:00:00,851.69,AUDIT_DONE
1343,32326,2023-09-28T10:00:00,TAX_CERT,12,157,flagged,2023-11-18T10:00:00,1255.47,AUDIT_DONE
1344,93480,2024-04-16T03:00:00,BUSINESS_PERMIT,3,82,flagged,2024-05-19T03:00:00,1703.64,AUDIT_DONE
1345,52193,2023-05-06T16:00:00,BUSINESS_PERMIT,9,62,passed,2023-05-30T16:00:00,132.25,
1346,41768,2023-08-20T02:00:00,TAX_CERT,5,76,flagged,2023-10-19T02:00:00,1223.61,AUDIT_DONE
1347,60470,2023-03-21T02:00:00,TAX_CERT,8,16,passed,2023-04-26T02:00:00,134.1,
1348,51072,2024-05-14T03:00:00,FAMILY_STATUS,6,54,flagged,2024-06-22T03:00:00,1713.92,AUDIT_DONE
1349,60538,2024-04-09T20:00:00,BUSINESS_PERMIT,3,130,passed,2024-05-09T20:00:00,26.01,
1350,50258,2024-06-09T06:00:00,BIRTH_CERT,7,49,passed,2024-07-29T06:00:00,84.62,
1351,34514,2023-04-15T04:00:00,FAMILY_STATUS,8,28,flagged,2023-05-21T04:00:00,1088.67,AUDIT_DONE
1352,21018,2023-01-30T15:00:00,FAMILY_STATUS,11,136,passed,2023-03-13T15:00:00,53.12,
1353,67847,2024-03-17T06:00:00,FAMILY_STATUS,3,102,passed,2024-03-27T06:00:00,101.59,
1354,48535,2024-01-14T03:00:00,TAX_CERT,1,167,passed,2024-02-02T03:00:00,185.6,
1355,24311,2024-02-17T05:00:00,ID_RENEWAL,10,71,passed,2024-03-22T05:00:00,98.72,
1356,41295,2023-09-12T03:00:00,ID_RENEWAL,4,30,passed,2023-10-06T03:00:00,7.14,
1357,23278,2023-04-14T08:00:00,TAX_CERT,4,159,passed,2023-05-16T08:00:00,80.91,
1358,88159,2023-10-02T15:00:00,FAMILY_STATUS,4,44,flagged,2023-10-27T15:00:00,1217.16,AUDIT_DONE
1359,50019,2023-01-04T03:00:00,TAX_CERT,3,129,rejected,2023-02-27T03:00:00,31.11,AUDIT_DONE
1360,28590,2023-06-24T10:00:00,ID_RENEWAL,11,18,passed,2023-07-30T10:00:00,66.43,
1361,32377,2024-04-30T13:00:00,ID_RENEWAL,6,6,passed,2024-05-11T13:00:00,52.77,
1362,15921,2023-12-27T15:00:00,ID_RENEWAL,10,1,passed,2024-01-10T15:00:00,49.5,
1363,23106,2023-10-25T07:00:00,FAMILY_STATUS,9,129,passed,2023-11-07T07:00:00,29.32,
1364,43231,2023-12-10T14:00:00,FAMILY_STATUS,8,90,rejected,2024-01-17T14:00:00,12.87,AUDIT_DONE
1365,97023,2024-04-14T00:00:00,BIRTH_CERT,6,78,flagged,2024-06-09T00:00:00,1869.65,AUDIT_DONE
1366,63781,2024-05-10T03:00:00,TAX_CERT,5,176,passed,2024-05-26T03:00:00,127.96,
1367,57109,2023-05-26T11:00:00,TAX_CERT,8,8,passed,2023-06-29T11:00:00,148.2,
1368,98971,2023-04-02T06:00:00,BIRTH_CERT,7,164,passed,2023-05-19T06:00:00,54.78,
1369,61252,2024-04-05T16:00:00,BIRTH_CERT,3,68,rejected,2024-05-03T16:00:00,17.44,AUDIT_DONE
1370,90264,2024-03-03T08:00:00,ID_RENEWAL,5,49,passed,2024-03-31T08:00:00,104.02,
1371,99853,2024-03-19T14:00:00,TAX_CERT,10,89,passed,2024-04-26T14:00:00,193.89,
1372,31313,2024-04-22T21:00:00,FAMILY_STATUS,3,134,rejected,2024-06-10T21:00:00,31.19,AUDIT_DONE
1373,87735,2024-05-13T09:00:00,ID_RENEWAL,2,76,passed,2024-06-07T09:00:00,8.19,
1374,16540,2023-02-24T15:00:00,FAMILY_STATUS,5,2,passed,2023-03-03T15:00:00,132.05,
1375,21272,2023-05-22T11:00:00,FAMILY_STATUS,5,129,passed,2023-06-07T11:00:00,153.78,
1376,14212,2023-05-27T23:00:00,BUSINESS_PERMIT,4,111,passed,2023-06-17T23:00:00,16.14,
1377,44243,2023-12-30T07:00:00,FAMILY_STATUS,11,164,passed,2024-01-12T07:00:00,79.82,
1378,28242,2023-11-15T05:00:00,TAX_CERT,10,112,passed,2023-12-29T05:00:00,64.5,
1379,84273,2023-09-14T04:00:00,BUSINESS_PERMIT,7,142,passed,2023-10-10T04:00:00,61.0,
1380,76036,2023-07-07T12:00:00,FAMILY_STATUS,7,25,passed,2023-08-03T12:00:00,88.38,
1381,83257,2024-04-24T11:00:00,ID_RENEWAL,7,120,passed,2024-05-02T11:00:00,82.05,
1382,77135,2024-03-07T02:00:00,FAMILY_STATUS,3,158,rejected,2024-04-20T02:00:00,39.33,AUDIT_DONE
1383,26506,2023-05-11T19:00:00,BUSINESS_PERMIT,9,145,flagged,2023-06-12T19:00:00,864.24,AUDIT_DONE
1384,95181,2023-01-07T14:00:00,ID_RENEWAL,9,118,flagged,2023-01-31T14:00:00,901.59,AUDIT_DONE
1385,25917,2023-12-08T19:00:00,BIRTH_CERT,2,75,passed,2023-12-18T19:00:00,138.12,
1386,74920,2024-06-07T23:00:00,TAX_CERT,12,14,flagged,2024-07-19T23:00:00,1419.52,AUDIT_DONE
1387,73564,2023-08-17T21:00:00,BIRTH_CERT,11,40,passed,2023-08-24T21:00:00,62.18,
1388,22696,2023-07-25T03:00:00,TAX_CERT,2,1,passed,2023-09-03T03:00:00,175.98,
1389,25966,2023-07-29T03:00:00,FAMILY_STATUS,8,7,flagged,2023-08-08T03:00:00,1332.58,AUDIT_DONE
1390,90315,2024-02-19T15:00:00,BUSINESS_PERMIT,3,61,flagged,2024-04-18T15:00:00,1456.06,AUDIT_DONE
1391,96175,2023-05-07T13:00:00,TAX_CERT,3,163,passed,2023-06-30T13:00:00,28.34,
1392,47938,2023-06-24T16:00:00,ID_RENEWAL,12,180,passed,2023-07-19T16:00:00,95.23,
1393,70812,2024-05-19T11:00:00,BUSINESS_PERMIT,11,71,passed,2024-06-01T11:00:00,139.53,
1394,86092,2024-03-11T04:00:00,FAMILY_STATUS,1,73,passed,2024-03-18T04:00:00,112.84,
1395,28258,2023-02-04T20:00:00,BUSINESS_PERMIT,11,169,passed,2023-03-05T20:00:00,8.53,
1396,37627,2024-04-14T08:00:00,FAMILY_STATUS,1,41,passed,2024-05-23T08:00:00,171.17,
1397,83812,2024-06-21T12:00:00,FAMILY_STATUS,9,17,passed,2024-08-08T12:00:00,30.28,
1398,18940,2024-04-15T22:00:00,BUSINESS_PERMIT,3,72,flagged,2024-05-17T22:00:00,1590.13,AUDIT_DONE
1399,96364,2024-01-21T15:00:00,BIRTH_CERT,10,169,passed,2024-02-29T15:00:00,141.7,
1400,90933,2023-09-23T04:00:00,BUSINESS_PERMIT,12,83,passed,2023-11-06T04:00:00,116.14,
1401,99040,2023-03-11T01:00:00,BUSINESS_PERMIT,1,41,passed,2023-04-18T01:00:00,133.05,
1402,60342,2023-11-28T07:00:00,BUSINESS_PERMIT,12,61,passed,2024-01-20T07:00:00,176.15,
1403,67872,2023-03-07T01:00:00,FAMILY_STATUS,10,65,passed,2023-03-18T01:00:00,169.36,
1404,85206,2023-01-31T05:00:00,BIRTH_CERT,6,28,passed,2023-03-19T05:00:00,75.53,
1405,31245,2023-07-24T06:00:00,BUSINESS_PERMIT,5,126,passed,2023-08-12T06:00:00,57.22,
1406,14356,2023-07-16T02:00:00,TAX_CERT,10,7,passed,2023-08-05T02:00:00,133.73,
1407,99438,2023-01-06T11:00:00,BIRTH_CERT,7,146,passed,2023-01-24T11:00:00,14.39,
1408,91065,2024-05-23T06:00:00,BIRTH_CERT,4,147,flagged,2024-06-21T06:00:00,1401.02,AUDIT_DONE
1409,20242,2023-05-22T02:00:00,TAX_CERT,8,110,passed,2023-07-04T02:00:00,174.8,
1410,53374,2024-06-13T09:00:00,ID_RENEWAL,2,31,passed,2024-07-24T09:00:00,10.3,
1411,47757,2023-08-18T09:00:00,ID_RENEWAL,5,100,flagged,2023-09-04T09:00:00,881.54,AUDIT_DONE
1412,24532,2023-09-05T16:00:00,BIRTH_CERT,10,129,passed,2023-10-16T16:00:00,123.73,
1413,53848,2024-04-27T08:00:00,ID_RENEWAL,11,8,passed,2024-05-16T08:00:00,84.28,
1414,40882,2023-05-23T06:00:00,BUSINESS_PERMIT,9,85,rejected,2023-06-02T06:00:00,33.17,AUDIT_DONE
1415,19275,2023-03-16T18:00:00,BUSINESS_PERMIT,10,180,flagged,2023-04-14T18:00:00,1768.98,AUDIT_DONE
1416,75089,2023-03-24T17:00:00,BIRTH_CERT,8,34,passed,2023-04-02T17:00:00,8.35,
1417,12810,2023-08-19T20:00:00,ID_RENEWAL,6,111,passed,2023-09-09T20:00:00,156.31,
1418,12371,2023-01-27T06:00:00,BIRTH_CERT,9,156,flagged,2023-03-22T06:00:00,1618.33,AUDIT_DONE
1419,82029,2024-05-08T01:00:00,TAX_CERT,7,97,passed,2024-06-11T01:00:00,85.94,
1420,54974,2023-04-29T14:00:00,BUSINESS_PERMIT,2,158,rejected,2023-05-18T14:00:00,18.39,AUDIT_DONE
1421,80283,2023-03-01T07:00:00,BIRTH_CERT,4,24,passed,2023-04-24T07:00:00,45.43,
1422,67482,2023-02-16T00:00:00,TAX_CERT,12,64,flagged,2023-03-03T00:00:00,891.93,AUDIT_DONE
1423,27002,2023-10-17T01:00:00,BIRTH_CERT,6,90,passed,2023-11-11T01:00:00,178.08,
1424,36982,2024-02-12T15:00:00,BUSINESS_PERMIT,11,32,passed,2024-03-24T15:00:00,15.28,
1425,95674,2024-01-01T07:00:00,TAX_CERT,8,78,rejected,2024-01-26T07:00:00,39.01,AUDIT_DONE
1426,63848,2024-06-23T08:00:00,BIRTH_CERT,6,179,passed,2024-07-22T08:00:00,20.88,
1427,40216,2024-05-12T08:00:00,FAMILY_STATUS,2,53,rejected,2024-06-21T08:00:00,42.07,AUDIT_DONE
1428,95184,2023-08-04T03:00:00,BUSINESS_PERMIT,6,37,passed,2023-09-08T03:00:00,47.02,
1429,21074,2023-04-27T00:00:00,ID_RENEWAL,8,9,passed,2023-05-23T00:00:00,117.65,
1430,15821,2023-10-13T19:00:00,TAX_CERT,7,127,passed,2023-11-17T19:00:00,76.52,
1431,14103,2023-07-30T12:00:00,BIRTH_CERT,3,169,passed,2023-08-25T12:00:00,10.45,
1432,87458,2023-12-23T00:00:00,TAX_CERT,10,87,rejected,2024-02-19T00:00:00,45.37,AUDIT_DONE
1433,17486,2023-01-29T10:00:00,ID_RENEWAL,12,160,passed,2023-03-23T10:00:00,85.51,
1434,65552,2024-02-02T23:00:00,BIRTH_CERT,11,74,flagged,2024-03-09T23:00:00,1925.57,AUDIT_DONE
1435,27284,2024-06-15T08:00:00,ID_RENEWAL,3,98,passed,2024-07-07T08:00:00,198.52,
1436,54241,2023-10-15T21:00:00,BIRTH_CERT,5,22,rejected,2023-11-09T21:00:00,38.57,AUDIT_DONE
1437,95594,2024-02-09T01:00:00,BIRTH_CERT,10,71,passed,2024-04-06T01:00:00,131.85,
1438,68170,2023-01-13T03:00:00,BUSINESS_PERMIT,5,146,passed,2023-01-31T03:00:00,167.2,
1439,82955,2023-01-18T14:00:00,TAX_CERT,1,120,passed,2023-03-06T14:00:00,71.74,
1440,18394,2024-02-23T01:00:00,BUSINESS_PERMIT,10,21,passed,2024-03-21T01:00:00,122.07,
1441,32871,2023-07-04T08:00:00,TAX_CERT,5,67,flagged,2023-08-20T08:00:00,952.67,AUDIT_DONE
1442,86007,2023-02-20T07:00:00,FAMILY_STATUS,2,168,passed,2023-03-27T07:00:00,136.89,
1443,43743,2023-02-12T17:00:00,ID_RENEWAL,12,59,passed,2023-03-07T17:00:00,142.91,
1444,76445,2023-12-28T17:00:00,BUSINESS_PERMIT,12,12,passed,2024-01-08T17:00:00,69.95,
1445,99262,2023-04-26T16:00:00,BUSINESS_PERMIT,2,61,passed,2023-06-25T16:00:00,114.07,
1446,57223,2023-03-15T20:00:00,FAMILY_STATUS,7,73,passed,2023-05-11T20:00:00,65.31,
1447,31012,2024-02-22T20:00:00,FAMILY_STATUS,6,121,rejected,2024-03-01T20:00:00,14.7,AUDIT_DONE
1448,51039,2023-02-15T09:00:00,BIRTH_CERT,3,152,passed,2023-04-14T09:00:00,121.81,
1449,14272,2024-06-04T18:00:00,TAX_CERT,12,89,rejected,2024-07-18T18:00:00,18.94,AUDIT_DONE
1450,75994,2024-01-26T20:00:00,BIRTH_CERT,2,20,rejected,2024-03-09T20:00:00,49.62,AUDIT_DONE
1451,89574,2024-03-04T17:00:00,BUSINESS_PERMIT,12,32,flagged,2024-03-14T17:00:00,1433.31,AUDIT_DONE
1452,41985,2024-06-21T16:00:00,FAMILY_STATUS,8,82,passed,2024-07-16T16:00:00,167.2,
1453,41594,2023-09-06T11:00:00,BUSINESS_PERMIT,4,117,passed,2023-10-27T11:00:00,194.48,
1454,95633,2024-02-24T11:00:00,BUSINESS_PERMIT,2,91,passed,2024-03-25T11:00:00,15.29,
1455,80466,2023-08-24T14:00:00,TAX_CERT,7,59,passed,2023-09-08T14:00:00,165.36,
1456,54770,2024-02-22T21:00:00,FAMILY_STATUS,10,171,passed,2024-03-18T21:00:00,52.06,
1457,92920,2023-05-01T02:00:00,TAX_CERT,7,108,passed,2023-06-08T02:00:00,29.68,
1458,71585,2023-07-04T14:00:00,ID_RENEWAL,1,43,passed,2023-08-15T14:00:00,52.68,
1459,77488,2023-05-10T01:00:00,BIRTH_CERT,7,7,passed,2023-05-25T01:00:00,197.99,
1460,48455,2024-02-02T13:00:00,ID_RENEWAL,6,33,passed,2024-03-25T13:00:00,111.39,
1461,19666,2023-12-11T10:00:00,FAMILY_STATUS,10,156,passed,2023-12-20T10:00:00,198.83,
1462,72535,2024-04-04T13:00:00,TAX_CERT,11,116,flagged,2024-05-29T13:00:00,1322.83,AUDIT_DONE
1463,87732,2023-07-07T23:00:00,FAMILY_STATUS,10,131,passed,2023-08-20T23:00:00,179.12,
1464,22700,2024-04-09T12:00:00,TAX_CERT,6,113,passed,2024-05-03T12:00:00,144.51,
1465,76614,2023-11-01T15:00:00,BUSINESS_PERMIT,6,13,passed,2023-12-15T15:00:00,179.46,
1466,37614,2023-10-20T10:00:00,BUSINESS_PERMIT,7,82,flagged,2023-10-29T10:00:00,1944.22,AUDIT_DONE
1467,25538,2024-06-15T08:00:00,FAMILY_STATUS,10,158,passed,2024-07-02T08:00:00,69.47,
1468,89451,2023-10-08T15:00:00,ID_RENEWAL,8,58,flagged,2023-10-31T15:00:00,1146.17,AUDIT_DONE
1469,32131,2023-08-26T21:00:00,ID_RENEWAL,5,37,passed,2023-10-04T21:00:00,110.43,
1470,58436,2023-02-10T17:00:00,TAX_CERT,9,50,passed,2023-02-18T17:00:00,166.5,
1471,24367,2023-10-16T18:00:00,ID_RENEWAL,7,114,passed,2023-11-10T18:00:00,166.21,
1472,97649,2024-03-31T13:00:00,ID_RENEWAL,8,68,passed,2024-04-24T13:00:00,27.36,
1473,53953,2023-12-29T02:00:00,FAMILY_STATUS,12,57,flagged,2024-02-06T02:00:00,1192.54,AUDIT_DONE
1474,51262,2024-04-09T20:00:00,ID_RENEWAL,12,132,passed,2024-05-30T20:00:00,14.82,
1475,92061,2024-03-19T03:00:00,ID_RENEWAL,12,134,passed,2024-05-07T03:00:00,168.29,
1476,35647,2023-01-09T07:00:00,FAMILY_STATUS,3,151,passed,2023-02-28T07:00:00,188.63,
1477,93200,2024-04-26T04:00:00,ID_RENEWAL,8,48,flagged,2024-05-15T04:00:00,1139.12,AUDIT_DONE
1478,90113,2024-06-12T23:00:00,TAX_CERT,12,55,passed,2024-07-24T23:00:00,13.45,
1479,40764,2023-07-02T01:00:00,FAMILY_STATUS,7,177,passed,2023-08-15T01:00:00,76.06,
1480,97552,2024-05-10T16:00:00,BUSINESS_PERMIT,11,47,flagged,2024-06-04T16:00:00,1808.83,AUDIT_DONE
1481,38695,2024-05-16T20:00:00,ID_RENEWAL,7,154,passed,2024-05-29T20:00:00,96.19,
1482,70913,2023-10-22T13:00:00,FAMILY_STATUS,8,84,passed,2023-11-09T13:00:00,84.97,
1483,74117,2023-04-27T11:00:00,BIRTH_CERT,12,102,flagged,2023-06-03T11:00:00,1728.42,AUDIT_DONE
1484,63609,2024-02-26T21:00:00,ID_RENEWAL,4,8,passed,2024-04-23T21:00:00,101.5,
1485,62255,2023-11-27T08:00:00,FAMILY_STATUS,11,82,passed,2023-12-31T08:00:00,161.81,
1486,68672,2023-02-25T08:00:00,BUSINESS_PERMIT,8,57,passed,2023-03-23T08:00:00,163.7,
1487,90052,2023-08-15T18:00:00,FAMILY_STATUS,3,138,passed,2023-09-30T18:00:00,125.06,
1488,21829,2023-05-13T19:00:00,FAMILY_STATUS,9,6,rejected,2023-06-13T19:00:00,1.06,AUDIT_DONE
1489,36009,2023-12-28T17:00:00,TAX_CERT,2,168,passed,2024-02-07T17:00:00,42.09,
1490,64184,2024-02-10T22:00:00,TAX_CERT,4,75,flagged,2024-03-09T22:00:00,1892.78,AUDIT_DONE
1491,62158,2023-09-12T00:00:00,BUSINESS_PERMIT,1,6,flagged,2023-10-21T00:00:00,1431.87,AUDIT_DONE
1492,42415,2023-02-13T05:00:00,ID_RENEWAL,5,78,passed,2023-04-05T05:00:00,126.31,
1493,45389,2023-10-06T23:00:00,ID_RENEWAL,2,97,passed,2023-11-29T23:00:00,26.24,
1494,89281,2023-03-20T02:00:00,TAX_CERT,9,107,passed,2023-04-30T02:00:00,148.53,
1495,52431,2023-04-08T23:00:00,BUSINESS_PERMIT,10,101,passed,2023-05-04T23:00:00,121.14,
1496,95989,2024-06-08T23:00:00,BIRTH_CERT,1,78,passed,2024-07-01T23:00:00,40.53,
1497,46511,2024-04-27T12:00:00,BUSINESS_PERMIT,5,110,passed,2024-06-08T12:00:00,193.38,
1498,61595,2023-10-19T22:00:00,FAMILY_STATUS,9,130,passed,2023-11-26T22:00:00,3.44,
1499,68600,2023-04-21T14:00:00,FAMILY_STATUS,4,148,rejected,2023-05-12T14:00:00,19.87,AUDIT_DONE
1500,20962,2024-05-03T18:00:00,ID_RENEWAL,2,165,passed,2024-06-19T18:00:00,28.75,
1501,72064,2023-06-23T06:00:00,BIRTH_CERT,8,152,passed,2023-08-08T06:00:00,28.27,
1502,29741,2023-08-27T01:00:00,ID_RENEWAL,8,65,passed,2023-10-26T01:00:00,148.1,
1503,37423,2023-11-26T22:00:00,BIRTH_CERT,10,154,passed,2024-01-16T22:00:00,1.11,
1504,73307,2024-05-15T17:00:00,BIRTH_CERT,8,81,rejected,2024-06-20T17:00:00,11.79,AUDIT_DONE
1505,31245,2023-03-25T03:00:00,BIRTH_CERT,7,180,passed,2023-04-01T03:00:00,25.46,
1506,74904,2023-05-05T05:00:00,TAX_CERT,4,113,flagged,2023-06-08T05:00:00,936.4,AUDIT_DONE
1507,67079,2024-06-21T15:00:00,FAMILY_STATUS,3,141,passed,2024-07-05T15:00:00,1.85,
1508,28548,2023-10-05T16:00:00,FAMILY_STATUS,6,158,flagged,2023-10-22T16:00:00,1476.57,AUDIT_DONE
1509,42930,2024-06-19T21:00:00,BUSINESS_PERMIT,4,158,rejected,2024-08-03T21:00:00,18.56,AUDIT_DONE
1510,11287,2024-04-18T06:00:00,FAMILY_STATUS,6,35,passed,2024-05-25T06:00:00,143.02,
1511,34598,2024-03-02T05:00:00,TAX_CERT,3,121,passed,2024-03-28T05:00:00,195.4,
1512,30506,2023-04-07T17:00:00,ID_RENEWAL,8,85,passed,2023-05-22T17:00:00,124.99,
1513,45989,2023-12-25T20:00:00,FAMILY_STATUS,9,58,passed,2024-01-13T20:00:00,2.83,
1514,83546,2024-03-12T18:00:00,BIRTH_CERT,12,79,passed,2024-04-04T18:00:00,153.4,
1515,44463,2023-07-27T02:00:00,BIRTH_CERT,10,40,passed,2023-08-14T02:00:00,43.29,
1516,87616,2023-04-15T04:00:00,BIRTH_CERT,9,151,passed,2023-05-28T04:00:00,76.59,
1517,40386,2023-10-11T23:00:00,TAX_CERT,10,172,rejected,2023-10-18T23:00:00,10.47,AUDIT_DONE
1518,20195,2023-04-04T19:00:00,ID_RENEWAL,3,37,passed,2023-05-01T19:00:00,174.92,
1519,25374,2023-05-21T16:00:00,TAX_CERT,8,109,passed,2023-06-29T16:00:00,65.42,
1520,79558,2024-02-07T12:00:00,ID_RENEWAL,7,122,passed,2024-03-05T12:00:00,167.73,
1521,67887,2023-08-08T05:00:00,BUSINESS_PERMIT,11,72,flagged,2023-09-19T05:00:00,1807.85,AUDIT_DONE
1522,13315,2023-09-14T21:00:00,FAMILY_STATUS,2,143,flagged,2023-10-02T21:00:00,1582.51,AUDIT_DONE
1523,60129,2024-04-22T21:00:00,FAMILY_STATUS,6,109,passed,2024-05-11T21:00:00,111.96,
1524,86832,2023-07-03T23:00:00,FAMILY_STATUS,1,51,passed,2023-07-10T23:00:00,105.2,
1525,14394,2023-12-03T03:00:00,FAMILY_STATUS,6,65,passed,2023-12-27T03:00:00,2.6,
1526,84996,2024-05-05T12:00:00,ID_RENEWAL,1,179,flagged,2024-05-15T12:00:00,1129.01,AUDIT_DONE
1527,81511,2024-04-27T19:00:00,ID_RENEWAL,11,117,passed,2024-06-14T19:00:00,94.69,
1528,33187,2023-02-09T11:00:00,TAX_CERT,1,157,flagged,2023-04-04T11:00:00,983.83,AUDIT_DONE
1529,22776,2023-03-26T13:00:00,BIRTH_CERT,2,15,passed,2023-04-22T13:00:00,142.12,
1530,51481,2023-10-12T06:00:00,TAX_CERT,11,158,flagged,2023-12-01T06:00:00,1199.2,AUDIT_DONE
1531,18058,2024-01-11T16:00:00,ID_RENEWAL,1,171,passed,2024-02-29T16:00:00,167.54,
1532,89761,2023-07-17T16:00:00,TAX_CERT,3,69,passed,2023-08-10T16:00:00,88.68,
1533,50784,2024-06-01T13:00:00,FAMILY_STATUS,3,163,flagged,2024-06-08T13:00:00,1805.43,AUDIT_DONE
1534,70687,2023-12-26T03:00:00,ID_RENEWAL,6,120,passed,2024-02-07T03:00:00,139.26,
1535,32195,2023-04-30T02:00:00,ID_RENEWAL,3,23,passed,2023-05-08T02:00:00,118.23,
1536,50341,2023-08-11T20:00:00,TAX_CERT,6,118,passed,2023-09-02T20:00:00,144.86,
1537,84060,2023-05-16T09:00:00,FAMILY_STATUS,1,98,flagged,2023-05-31T09:00:00,1013.6,AUDIT_DONE
1538,43994,2024-02-28T07:00:00,BUSINESS_PERMIT,4,70,flagged,2024-03-24T07:00:00,1012.53,AUDIT_DONE
1539,78556,2023-09-28T02:00:00,BUSINESS_PERMIT,8,91,passed,2023-11-15T02:00:00,69.77,
1540,66866,2023-06-24T01:00:00,FAMILY_STATUS,10,99,passed,2023-08-14T01:00:00,113.74,
1541,45251,2023-10-23T06:00:00,ID_RENEWAL,6,180,rejected,2023-12-16T06:00:00,27.58,AUDIT_DONE
1542,77768,2024-06-09T06:00:00,TAX_CERT,5,56,passed,2024-06-23T06:00:00,6.29,
1543,87121,2024-05-01T04:00:00,ID_RENEWAL,8,151,passed,2024-06-19T04:00:00,112.75,
1544,65234,2023-11-27T22:00:00,BUSINESS_PERMIT,2,162,passed,2023-12-14T22:00:00,180.2,
1545,71189,2023-12-09T10:00:00,BIRTH_CERT,11,26,passed,2023-12-26T10:00:00,71.6,
1546,62341,2023-07-10T00:00:00,BUSINESS_PERMIT,8,158,passed,2023-08-13T00:00:00,115.19,
1547,49344,2023-09-07T08:00:00,ID_RENEWAL,12,96,passed,2023-10-09T08:00:00,96.51,
1548,62527,2023-08-28T16:00:00,BIRTH_CERT,2,108,passed,2023-10-10T16:00:00,53.87,
1549,78692,2023-01-30T05:00:00,TAX_CERT,9,43,rejected,2023-03-22T05:00:00,44.33,AUDIT_DONE
1550,50537,2023-05-23T04:00:00,TAX_CERT,11,86,flagged,2023-06-04T04:00:00,864.56,AUDIT_DONE
1551,32553,2023-12-21T14:00:00,FAMILY_STATUS,7,43,passed,2024-01-09T14:00:00,131.72,
1552,42077,2023-11-11T02:00:00,TAX_CERT,3,61,flagged,2024-01-03T02:00:00,1323.86,AUDIT_DONE
1553,61648,2024-01-19T00:00:00,TAX_CERT,8,41,passed,2024-03-09T00:00:00,94.16,
1554,60800,2024-04-28T21:00:00,TAX_CERT,7,119,flagged,2024-05-11T21:00:00,1715.67,AUDIT_DONE
1555,65652,2023-11-22T04:00:00,BIRTH_CERT,7,84,flagged,2024-01-14T04:00:00,1783.75,AUDIT_DONE
1556,13525,2024-02-08T17:00:00,TAX_CERT,2,89,passed,2024-03-23T17:00:00,148.09,
1557,88534,2023-07-02T07:00:00,BUSINESS_PERMIT,6,93,passed,2023-08-17T07:00:00,164.65,
1558,67068,2023-03-21T20:00:00,ID_RENEWAL,4,36,passed,2023-04-16T20:00:00,8.85,
1559,98509,2023-12-14T12:00:00,BUSINESS_PERMIT,11,47,passed,2024-01-14T12:00:00,56.99,
1560,23950,2023-02-05T08:00:00,BUSINESS_PERMIT,7,46,passed,2023-04-06T08:00:00,136.47,
1561,11602,2023-03-26T11:00:00,TAX_CERT,11,26,passed,2023-05-23T11:00:00,80.89,
1562,95697,2023-11-23T04:00:00,BUSINESS_PERMIT,10,130,passed,2023-12-31T04:00:00,90.94,
1563,69017,2024-03-08T01:00:00,BIRTH_CERT,5,109,passed,2024-04-22T01:00:00,126.82,
1564,33440,2024-01-17T15:00:00,BUSINESS_PERMIT,12,86,flagged,2024-01-31T15:00:00,1966.12,AUDIT_DONE
1565,87352,2024-01-28T21:00:00,FAMILY_STATUS,2,39,passed,2024-03-20T21:00:00,189.64,
1566,25931,2023-07-22T16:00:00,BUSINESS_PERMIT,10,117,passed,2023-07-31T16:00:00,92.95,
1567,98473,2024-04-16T11:00:00,FAMILY_STATUS,1,154,passed,2024-05-14T11:00:00,50.47,
1568,52550,2023-01-25T17:00:00,FAMILY_STATUS,5,46,passed,2023-03-01T17:00:00,83.41,
1569,42588,2023-02-06T19:00:00,TAX_CERT,2,92,flagged,2023-03-10T19:00:00,1437.52,AUDIT_DONE
1570,46004,2023-03-28T17:00:00,FAMILY_STATUS,2,33,flagged,2023-05-01T17:00:00,1559.5,AUDIT_DONE
1571,78623,2024-04-14T22:00:00,BIRTH_CERT,10,63,rejected,2024-06-06T22:00:00,45.18,AUDIT_DONE
1572,93599,2024-04-14T01:00:00,ID_RENEWAL,2,84,passed,2024-06-06T01:00:00,29.35,
1573,65381,2024-01-27T16:00:00,BUSINESS_PERMIT,12,21,passed,2024-02-22T16:00:00,127.35,
1574,66811,2023-01-23T05:00:00,ID_RENEWAL,12,66,flagged,2023-02-04T05:00:00,1691.22,AUDIT_DONE
1575,41949,2023-07-16T18:00:00,ID_RENEWAL,5,78,passed,2023-09-11T18:00:00,107.83,
1576,34341,2024-01-19T18:00:00,FAMILY_STATUS,8,56,flagged,2024-03-13T18:00:00,1324.33,AUDIT_DONE
1577,45740,2024-05-28T21:00:00,ID_RENEWAL,1,155,passed,2024-06-22T21:00:00,36.25,
1578,88522,2024-02-21T06:00:00,FAMILY_STATUS,1,107,passed,2024-03-28T06:00:00,54.95,
1579,47726,2023-04-10T07:00:00,BIRTH_CERT,4,5,flagged,2023-05-26T07:00:00,1065.27,AUDIT_DONE
1580,83093,2024-04-16T18:00:00,ID_RENEWAL,7,163,passed,2024-05-23T18:00:00,108.29,
1581,75401,2023-12-18T10:00:00,TAX_CERT,6,89,flagged,2024-02-10T10:00:00,982.13,AUDIT_DONE
1582,20303,2023-06-24T21:00:00,BUSINESS_PERMIT,7,66,passed,2023-08-06T21:00:00,132.14,
1583,69178,2023-12-20T02:00:00,BUSINESS_PERMIT,4,136,passed,2024-01-16T02:00:00,58.36,
1584,64446,2023-01-31T04:00:00,ID_RENEWAL,10,150,passed,2023-03-06T04:00:00,70.33,
1585,27261,2023-10-18T17:00:00,BUSINESS_PERMIT,12,126,rejected,2023-11-28T17:00:00,18.76,AUDIT_DONE
1586,33412,2023-05-07T03:00:00,TAX_CERT,7,56,passed,2023-06-01T03:00:00,22.13,
1587,46553,2024-02-15T17:00:00,FAMILY_STATUS,7,91,flagged,2024-03-31T17:00:00,1301.82,AUDIT_DONE
1588,93389,2024-01-07T20:00:00,FAMILY_STATUS,2,171,flagged,2024-03-02T20:00:00,1952.29,AUDIT_DONE
1589,70806,2024-05-29T17:00:00,FAMILY_STATUS,9,101,passed,2024-07-23T17:00:00,80.79,
1590,70820,2024-04-05T05:00:00,TAX_CERT,3,103,passed,2024-05-03T05:00:00,106.53,
1591,93416,2023-04-11T12:00:00,ID_RENEWAL,10,168,passed,2023-04-30T12:00:00,83.65,
1592,63578,2023-08-18T04:00:00,ID_RENEWAL,10,159,passed,2023-09-30T04:00:00,16.1,
1593,58535,2023-11-29T19:00:00,ID_RENEWAL,4,43,passed,2023-12-11T19:00:00,94.38,
1594,41367,2024-02-03T17:00:00,TAX_CERT,9,50,flagged,2024-03-04T17:00:00,993.66,AUDIT_DONE
1595,37132,2024-04-28T22:00:00,BIRTH_CERT,4,83,passed,2024-05-06T22:00:00,12.96,
1596,33183,2024-04-17T14:00:00,BUSINESS_PERMIT,4,176,passed,2024-06-13T14:00:00,197.94,
1597,42094,2024-05-27T20:00:00,BUSINESS_PERMIT,2,155,flagged,2024-06-13T20:00:00,1846.5,AUDIT_DONE
1598,71631,2023-03-13T00:00:00,BUSINESS_PERMIT,12,9,passed,2023-04-22T00:00:00,81.27,
1599,80014,2023-03-14T13:00:00,ID_RENEWAL,5,138,passed,2023-05-01T13:00:00,155.32,
1600,15230,2024-03-25T15:00:00,FAMILY_STATUS,12,16,passed,2024-05-23T15:00:00,79.68,
1601,23582,2024-02-14T22:00:00,TAX_CERT,9,162,passed,2024-02-28T22:00:00,85.72,
1602,41859,2023-09-26T18:00:00,BUSINESS_PERMIT,2,44,passed,2023-10-12T18:00:00,131.31,
1603,74431,2023-08-04T08:00:00,TAX_CERT,2,85,passed,2023-09-25T08:00:00,14.81,
1604,43806,2023-09-24T10:00:00,BIRTH_CERT,5,177,passed,2023-11-14T10:00:00,157.47,
1605,58608,2023-10-09T19:00:00,BIRTH_CERT,1,36,passed,2023-10-30T19:00:00,57.69,
1606,49943,2024-01-07T22:00:00,BUSINESS_PERMIT,5,79,rejected,2024-02-23T22:00:00,7.92,AUDIT_DONE
1607,89619,2024-03-26T21:00:00,FAMILY_STATUS,5,40,flagged,2024-04-11T21:00:00,1634.1,AUDIT_DONE
1608,29446,2024-01-29T08:00:00,BIRTH_CERT,11,59,passed,2024-02-24T08:00:00,42.33,
1609,72517,2023-01-13T08:00:00,BIRTH_CERT,6,131,flagged,2023-02-14T08:00:00,1995.34,AUDIT_DONE
1610,59068,2023-06-24T11:00:00,BUSINESS_PERMIT,11,40,passed,2023-08-03T11:00:00,100.22,
1611,11865,2024-05-11T20:00:00,ID_RENEWAL,3,135,passed,2024-06-11T20:00:00,96.8,
1612,25675,2023-12-17T07:00:00,TAX_CERT,5,53,passed,2024-02-11T07:00:00,55.66,
1613,78697,2024-01-01T15:00:00,TAX_CERT,8,146,rejected,2024-03-01T15:00:00,45.32,AUDIT_DONE
1614,76508,2023-07-27T11:00:00,ID_RENEWAL,11,9,passed,2023-08-24T11:00:00,19.77,
1615,68541,2023-10-05T17:00:00,BIRTH_CERT,9,138,flagged,2023-10-15T17:00:00,1964.52,AUDIT_DONE
1616,42124,2024-06-19T07:00:00,TAX_CERT,4,66,flagged,2024-08-06T07:00:00,1019.22,AUDIT_DONE
1617,34905,2024-04-12T05:00:00,ID_RENEWAL,1,156,passed,2024-06-05T05:00:00,55.5,
1618,86188,2023-05-16T16:00:00,BUSINESS_PERMIT,5,16,passed,2023-07-10T16:00:00,48.79,
1619,72691,2024-04-20T03:00:00,ID_RENEWAL,9,14,passed,2024-05-09T03:00:00,126.78,
1620,73862,2024-03-28T02:00:00,FAMILY_STATUS,8,51,passed,2024-05-12T02:00:00,117.88,
1621,35532,2023-01-10T18:00:00,BIRTH_CERT,7,29,flagged,2023-02-27T18:00:00,1331.17,AUDIT_DONE
1622,53075,2024-04-12T00:00:00,BIRTH_CERT,5,105,passed,2024-04-30T00:00:00,98.52,
1623,54714,2024-05-09T16:00:00,FAMILY_STATUS,5,166,passed,2024-05-31T16:00:00,173.45,
1624,73908,2024-05-30T09:00:00,ID_RENEWAL,11,113,passed,2024-06-17T09:00:00,151.32,
1625,98208,2023-11-23T16:00:00,FAMILY_STATUS,8,127,passed,2023-12-27T16:00:00,13.11,
1626,24249,2023-04-07T14:00:00,TAX_CERT,6,164,passed,2023-04-26T14:00:00,164.51,
1627,99751,2023-08-07T09:00:00,FAMILY_STATUS,9,79,passed,2023-08-20T09:00:00,106.08,
1628,32515,2023-08-04T18:00:00,TAX_CERT,11,40,passed,2023-09-05T18:00:00,38.38,
1629,45308,2023-06-10T10:00:00,TAX_CERT,9,122,passed,2023-08-05T10:00:00,157.75,
1630,51333,2023-09-27T15:00:00,BUSINESS_PERMIT,5,95,passed,2023-10-26T15:00:00,66.74,
1631,17249,2023-11-12T13:00:00,BUSINESS_PERMIT,10,101,flagged,2023-12-14T13:00:00,806.81,AUDIT_DONE
1632,36504,2023-12-29T20:00:00,TAX_CERT,3,117,flagged,2024-02-19T20:00:00,823.38,AUDIT_DONE
1633,83147,2023-09-20T09:00:00,BIRTH_CERT,6,7,passed,2023-10-17T09:00:00,158.18,
1634,41868,2023-07-24T06:00:00,TAX_CERT,10,129,passed,2023-08-04T06:00:00,54.79,
1635,96431,2023-11-30T23:00:00,BUSINESS_PERMIT,8,152,passed,2023-12-09T23:00:00,194.23,
1636,93837,2024-05-13T07:00:00,FAMILY_STATUS,5,156,passed,2024-05-23T07:00:00,11.86,
1637,19697,2023-10-10T17:00:00,FAMILY_STATUS,6,113,rejected,2023-10-25T17:00:00,5.55,AUDIT_DONE
1638,67443,2024-02-28T04:00:00,TAX_CERT,3,151,passed,2024-03-11T04:00:00,40.0,
1639,12864,2023-12-02T18:00:00,TAX_CERT,9,170,passed,2023-12-27T18:00:00,106.21,
1640,68437,2023-03-11T22:00:00,TAX_CERT,12,81,rejected,2023-05-06T22:00:00,18.06,AUDIT_DONE
1641,43951,2023-07-08T10:00:00,FAMILY_STATUS,8,59,passed,2023-08-27T10:00:00,66.6,
1642,16295,2023-01-24T04:00:00,BIRTH_CERT,2,165,passed,2023-03-03T04:00:00,79.26,
1643,52869,2023-03-03T16:00:00,BIRTH_CERT,6,5,passed,2023-04-11T16:00:00,199.13,
1644,22077,2024-05-18T09:00:00,BIRTH_CERT,10,86,passed,2024-06-30T09:00:00,146.89,
1645,89958,2023-04-26T17:00:00,TAX_CERT,3,132,flagged,2023-06-01T17:00:00,905.28,AUDIT_DONE
1646,29949,2023-03-16T21:00:00,FAMILY_STATUS,7,71,passed,2023-05-09T21:00:00,177.87,
1647,66675,2023-03-16T05:00:00,ID_RENEWAL,11,148,passed,2023-05-06T05:00:00,105.54,
1648,39521,2024-02-16T18:00:00,FAMILY_STATUS,5,2,passed,2024-02-23T18:00:00,77.99,
1649,69998,2024-03-13T04:00:00,TAX_CERT,5,58,passed,2024-04-23T04:00:00,153.56,
1650,33800,2023-12-30T22:00:00,ID_RENEWAL,10,40,passed,2024-01-25T22:00:00,29.66,
1651,52920,2023-01-27T17:00:00,FAMILY_STATUS,10,11,flagged,2023-02-07T17:00:00,1448.09,AUDIT_DONE
1652,40537,2023-08-24T21:00:00,TAX_CERT,4,52,passed,2023-09-17T21:00:00,84.86,
1653,68189,2023-12-30T00:00:00,TAX_CERT,3,113,passed,2024-01-07T00:00:00,189.6,
1654,87360,2024-01-25T01:00:00,ID_RENEWAL,8,113,passed,2024-02-25T01:00:00,41.13,
1655,37477,2023-04-06T05:00:00,ID_RENEWAL,9,149,flagged,2023-05-31T05:00:00,946.04,AUDIT_DONE
1656,37568,2024-05-15T23:00:00,ID_RENEWAL,10,92,flagged,2024-06-03T23:00:00,1180.26,AUDIT_DONE
1657,10951,2024-06-03T11:00:00,BUSINESS_PERMIT,8,66,passed,2024-06-11T11:00:00,188.98,
1658,66904,2024-03-06T12:00:00,FAMILY_STATUS,2,91,passed,2024-03-17T12:00:00,62.0,
1659,12077,2023-08-23T22:00:00,FAMILY_STATUS,2,167,passed,2023-09-29T22:00:00,77.94,
1660,30415,2023-11-28T01:00:00,TAX_CERT,3,64,passed,2024-01-07T01:00:00,1.85,
1661,48415,2024-04-26T01:00:00,FAMILY_STATUS,1,153,flagged,2024-06-14T01:00:00,1839.61,AUDIT_DONE
1662,97643,2024-02-29T05:00:00,TAX_CERT,7,45,passed,2024-03-16T05:00:00,103.72,
1663,58913,2024-01-09T03:00:00,FAMILY_STATUS,3,8,passed,2024-02-25T03:00:00,61.21,
1664,28919,2023-11-25T00:00:00,BUSINESS_PERMIT,1,85,passed,2024-01-18T00:00:00,94.1,
1665,11958,2023-02-17T17:00:00,FAMILY_STATUS,7,154,flagged,2023-03-02T17:00:00,1003.69,AUDIT_DONE
1666,80349,2023-08-17T02:00:00,BUSINESS_PERMIT,7,17,passed,2023-09-19T02:00:00,95.14,
1667,26803,2023-05-18T19:00:00,FAMILY_STATUS,11,1,passed,2023-06-10T19:00:00,93.9,
1668,35727,2024-01-10T19:00:00,TAX_CERT,11,25,passed,2024-02-22T19:00:00,149.74,
1669,62931,2023-08-13T16:00:00,FAMILY_STATUS,3,37,passed,2023-08-26T16:00:00,16.44,
1670,70574,2023-04-18T07:00:00,BIRTH_CERT,4,65,passed,2023-05-16T07:00:00,131.87,
1671,59121,2024-06-16T16:00:00,TAX_CERT,10,69,flagged,2024-07-20T16:00:00,958.05,AUDIT_DONE
1672,11877,2023-02-05T23:00:00,TAX_CERT,7,162,passed,2023-02-23T23:00:00,39.58,
1673,55075,2023-02-04T07:00:00,TAX_CERT,3,102,passed,2023-03-13T07:00:00,114.42,
1674,46609,2024-02-20T14:00:00,BIRTH_CERT,4,117,passed,2024-03-05T14:00:00,109.18,
1675,81945,2023-12-12T10:00:00,BUSINESS_PERMIT,3,66,passed,2024-02-06T10:00:00,174.39,
1676,94186,2023-04-09T21:00:00,ID_RENEWAL,6,133,passed,2023-05-13T21:00:00,156.39,
1677,48759,2023-05-10T03:00:00,TAX_CERT,4,118,flagged,2023-07-01T03:00:00,944.33,AUDIT_DONE
1678,33935,2023-12-22T09:00:00,BUSINESS_PERMIT,8,112,passed,2024-01-30T09:00:00,187.91,
1679,56391,2024-06-07T06:00:00,BIRTH_CERT,3,175,passed,2024-07-30T06:00:00,3.34,
1680,40202,2023-06-05T18:00:00,BIRTH_CERT,9,135,passed,2023-07-16T18:00:00,106.63,
1681,39656,2023-06-20T11:00:00,TAX_CERT,3,26,passed,2023-08-05T11:00:00,126.98,
1682,61088,2024-03-10T06:00:00,BIRTH_CERT,5,13,rejected,2024-04-04T06:00:00,47.44,AUDIT_DONE
1683,19813,2024-03-07T15:00:00,FAMILY_STATUS,8,83,passed,2024-03-14T15:00:00,187.63,
1684,63788,2023-11-16T06:00:00,TAX_CERT,12,157,passed,2024-01-10T06:00:00,13.36,
1685,61249,2023-05-28T15:00:00,BIRTH_CERT,3,63,passed,2023-06-30T15:00:00,31.89,
1686,62617,2023-07-18T07:00:00,ID_RENEWAL,6,19,passed,2023-08-02T07:00:00,189.81,
1687,93460,2023-06-05T06:00:00,ID_RENEWAL,8,37,passed,2023-06-12T06:00:00,152.12,
1688,96562,2024-06-17T09:00:00,BUSINESS_PERMIT,9,27,flagged,2024-07-08T09:00:00,1518.14,AUDIT_DONE
1689,54744,2023-11-02T03:00:00,FAMILY_STATUS,9,157,passed,2023-12-27T03:00:00,14.08,
1690,73871,2023-02-11T12:00:00,FAMILY_STATUS,5,29,passed,2023-02-28T12:00:00,85.18,
1691,57520,2023-08-19T16:00:00,TAX_CERT,2,23,rejected,2023-10-03T16:00:00,30.17,AUDIT_DONE
1692,46726,2024-05-21T22:00:00,FAMILY_STATUS,7,108,passed,2024-07-16T22:00:00,21.04,
1693,20891,2023-09-15T20:00:00,ID_RENEWAL,9,85,passed,2023-10-14T20:00:00,167.26,
1694,97245,2023-04-14T22:00:00,FAMILY_STATUS,8,63,passed,2023-05-18T22:00:00,44.28,
1695,78022,2023-04-17T22:00:00,BUSINESS_PERMIT,8,144,passed,2023-06-01T22:00:00,113.12,
1696,85448,2023-02-13T19:00:00,ID_RENEWAL,2,152,flagged,2023-02-26T19:00:00,1571.21,AUDIT_DONE
1697,61608,2023-05-01T07:00:00,ID_RENEWAL,6,149,passed,2023-06-03T07:00:00,180.76,
1698,92328,2023-12-22T20:00:00,BUSINESS_PERMIT,8,118,passed,2024-01-23T20:00:00,104.55,
1699,48309,2023-01-27T06:00:00,BUSINESS_PERMIT,10,47,passed,2023-02-09T06:00:00,189.19,
1700,42597,2023-01-30T23:00:00,FAMILY_STATUS,8,65,passed,2023-02-28T23:00:00,136.6,
1701,31049,2024-04-01T01:00:00,TAX_CERT,6,118,passed,2024-05-27T01:00:00,126.96,
1702,21648,2023-11-26T23:00:00,FAMILY_STATUS,7,90,flagged,2024-01-03T23:00:00,1006.47,AUDIT_DONE
1703,21853,2023-12-27T19:00:00,BUSINESS_PERMIT,9,59,passed,2024-02-18T19:00:00,61.17,
1704,73627,2023-11-17T19:00:00,FAMILY_STATUS,8,164,passed,2023-12-10T19:00:00,76.54,
1705,34876,2023-12-12T14:00:00,BIRTH_CERT,6,41,rejected,2023-12-26T14:00:00,16.14,AUDIT_DONE
1706,33318,2023-11-14T16:00:00,BUSINESS_PERMIT,12,165,passed,2023-12-25T16:00:00,151.35,
1707,63036,2023-03-19T06:00:00,FAMILY_STATUS,2,24,flagged,2023-05-07T06:00:00,1897.64,AUDIT_DONE
1708,23582,2023-05-30T22:00:00,FAMILY_STATUS,6,137,passed,2023-06-30T22:00:00,26.61,
1709,97493,2023-03-26T10:00:00,FAMILY_STATUS,4,114,flagged,2023-04-11T10:00:00,1095.08,AUDIT_DONE
1710,67718,2023-01-27T15:00:00,TAX_CERT,4,178,rejected,2023-02-17T15:00:00,12.27,AUDIT_DONE
1711,67534,2023-05-29T00:00:00,BUSINESS_PERMIT,5,63,rejected,2023-07-05T00:00:00,42.88,AUDIT_DONE
1712,44274,2023-07-16T13:00:00,FAMILY_STATUS,3,133,passed,2023-08-16T13:00:00,125.45,
1713,80827,2023-09-27T13:00:00,FAMILY_STATUS,6,94,rejected,2023-10-24T13:00:00,46.85,AUDIT_DONE
1714,80552,2023-03-20T22:00:00,BIRTH_CERT,3,83,flagged,2023-04-11T22:00:00,1983.51,AUDIT_DONE
1715,89179,2023-05-12T03:00:00,TAX_CERT,9,122,passed,2023-07-10T03:00:00,20.96,
1716,70986,2023-12-23T22:00:00,FAMILY_STATUS,12,166,rejected,2024-01-13T22:00:00,41.05,AUDIT_DONE
1717,12898,2023-02-24T14:00:00,BIRTH_CERT,10,113,passed,2023-03-13T14:00:00,87.24,
1718,29382,2024-04-04T17:00:00,ID_RENEWAL,11,15,flagged,2024-05-26T17:00:00,1371.95,AUDIT_DONE
1719,13614,2023-12-29T02:00:00,BIRTH_CERT,12,71,passed,2024-02-20T02:00:00,189.47,
1720,50609,2024-05-17T13:00:00,BIRTH_CERT,12,35,rejected,2024-06-21T13:00:00,10.76,AUDIT_DONE
1721,28904,2023-11-08T10:00:00,BIRTH_CERT,4,146,flagged,2023-12-11T10:00:00,1409.55,AUDIT_DONE
1722,19307,2023-11-19T00:00:00,BIRTH_CERT,10,14,flagged,2023-12-03T00:00:00,1230.02,AUDIT_DONE
1723,33506,2023-03-07T16:00:00,TAX_CERT,7,42,flagged,2023-04-21T16:00:00,1098.56,AUDIT_DONE
1724,85235,2023-01-31T20:00:00,BUSINESS_PERMIT,8,31,passed,2023-03-04T20:00:00,18.83,
1725,50789,2024-02-22T12:00:00,FAMILY_STATUS,12,122,passed,2024-03-06T12:00:00,68.66,
1726,36293,2023-07-01T22:00:00,TAX_CERT,7,65,passed,2023-08-02T22:00:00,36.91,
1727,43786,2023-12-26T20:00:00,ID_RENEWAL,11,21,passed,2024-02-04T20:00:00,150.36,
1728,11648,2023-03-04T17:00:00,ID_RENEWAL,1,175,passed,2023-04-13T17:00:00,33.7,
1729,19094,2023-12-01T12:00:00,TAX_CERT,5,8,flagged,2023-12-31T12:00:00,1481.69,AUDIT_DONE
1730,22709,2023-07-13T20:00:00,TAX_CERT,10,128,passed,2023-08-11T20:00:00,43.67,
1731,76496,2024-01-19T18:00:00,TAX_CERT,3,113,flagged,2024-02-06T18:00:00,1855.61,AUDIT_DONE
1732,25765,2024-03-31T00:00:00,FAMILY_STATUS,10,10,rejected,2024-05-27T00:00:00,44.41,AUDIT_DONE
1733,75228,2023-10-26T03:00:00,TAX_CERT,6,175,passed,2023-11-08T03:00:00,103.7,
1734,68711,2023-06-08T19:00:00,ID_RENEWAL,6,117,rejected,2023-07-09T19:00:00,27.4,AUDIT_DONE
1735,34686,2023-03-09T10:00:00,BUSINESS_PERMIT,4,94,passed,2023-04-16T10:00:00,192.08,
1736,87481,2023-02-12T11:00:00,ID_RENEWAL,1,123,flagged,2023-04-05T11:00:00,1891.6,AUDIT_DONE
1737,79720,2024-06-16T02:00:00,BIRTH_CERT,11,168,passed,2024-07-29T02:00:00,105.47,
1738,35957,2024-02-08T17:00:00,FAMILY_STATUS,11,52,passed,2024-04-03T17:00:00,27.1,
1739,52141,2024-03-12T12:00:00,BIRTH_CERT,7,97,passed,2024-03-25T12:00:00,4.77,
1740,99660,2024-05-10T19:00:00,ID_RENEWAL,7,79,passed,2024-06-04T19:00:00,157.27,
1741,81144,2024-06-24T01:00:00,TAX_CERT,4,23,passed,2024-08-06T01:00:00,117.49,
1742,34672,2023-11-18T23:00:00,FAMILY_STATUS,1,137,passed,2023-12-19T23:00:00,193.35,
1743,99277,2023-02-23T21:00:00,ID_RENEWAL,7,131,passed,2023-03-25T21:00:00,35.66,
1744,36687,2023-08-08T03:00:00,BUSINESS_PERMIT,8,48,flagged,2023-08-19T03:00:00,1654.89,AUDIT_DONE
1745,25247,2023-07-31T18:00:00,FAMILY_STATUS,11,157,passed,2023-08-20T18:00:00,184.42,
1746,39933,2023-01-05T07:00:00,FAMILY_STATUS,11,85,rejected,2023-03-05T07:00:00,49.35,AUDIT_DONE
1747,65422,2024-02-16T01:00:00,BIRTH_CERT,3,37,passed,2024-03-10T01:00:00,124.35,
1748,64216,2023-11-14T06:00:00,BUSINESS_PERMIT,11,70,passed,2024-01-12T06:00:00,2.05,
1749,15478,2023-10-12T06:00:00,BUSINESS_PERMIT,8,65,passed,2023-11-13T06:00:00,125.31,
1750,74033,2023-05-12T21:00:00,ID_RENEWAL,12,58,passed,2023-05-29T21:00:00,22.88,
1751,62193,2023-07-07T17:00:00,FAMILY_STATUS,6,43,rejected,2023-08-26T17:00:00,12.82,AUDIT_DONE
1752,36493,2023-10-21T09:00:00,ID_RENEWAL,10,67,passed,2023-12-19T09:00:00,23.88,
1753,24602,2024-05-24T06:00:00,TAX_CERT,3,133,rejected,2024-06-06T06:00:00,23.45,AUDIT_DONE
1754,67140,2023-02-08T12:00:00,BIRTH_CERT,3,22,flagged,2023-03-02T12:00:00,1767.69,AUDIT_DONE
1755,76010,2024-01-15T14:00:00,TAX_CERT,12,37,passed,2024-03-04T14:00:00,153.83,
1756,42873,2023-08-04T23:00:00,TAX_CERT,6,12,passed,2023-09-01T23:00:00,189.72,
1757,76269,2023-12-25T14:00:00,ID_RENEWAL,4,165,passed,2024-01-19T14:00:00,76.01,
1758,67741,2023-08-19T05:00:00,ID_RENEWAL,11,50,passed,2023-08-27T05:00:00,144.24,
1759,17433,2023-09-09T19:00:00,ID_RENEWAL,9,74,passed,2023-10-06T19:00:00,28.67,
1760,52160,2023-03-08T13:00:00,FAMILY_STATUS,9,137,passed,2023-04-30T13:00:00,144.1,
1761,17656,2023-02-09T04:00:00,BUSINESS_PERMIT,2,176,passed,2023-03-24T04:00:00,76.24,
1762,72446,2023-05-03T07:00:00,BIRTH_CERT,11,10,passed,2023-06-20T07:00:00,14.78,
1763,99506,2024-01-31T09:00:00,BUSINESS_PERMIT,11,158,passed,2024-02-22T09:00:00,182.05,
1764,80314,2023-09-14T11:00:00,FAMILY_STATUS,11,117,passed,2023-10-20T11:00:00,179.72,
1765,43713,2023-08-18T04:00:00,TAX_CERT,5,164,flagged,2023-09-18T04:00:00,1955.65,AUDIT_DONE
1766,63788,2024-01-12T23:00:00,BIRTH_CERT,1,111,flagged,2024-02-17T23:00:00,972.78,AUDIT_DONE
1767,64752,2023-08-21T12:00:00,BUSINESS_PERMIT,3,161,passed,2023-09-23T12:00:00,188.38,
1768,27447,2024-04-08T14:00:00,BIRTH_CERT,7,119,passed,2024-05-10T14:00:00,65.2,
1769,96419,2023-07-30T07:00:00,BIRTH_CERT,4,49,passed,2023-09-21T07:00:00,189.6,
1770,28524,2024-01-08T14:00:00,BUSINESS_PERMIT,9,105,passed,2024-02-09T14:00:00,61.38,
1771,91735,2023-04-22T17:00:00,BUSINESS_PERMIT,11,116,passed,2023-06-17T17:00:00,166.58,
1772,77829,2023-02-22T06:00:00,BUSINESS_PERMIT,4,87,passed,2023-03-25T06:00:00,31.34,
1773,45824,2023-07-04T14:00:00,BIRTH_CERT,1,178,passed,2023-07-22T14:00:00,113.48,
1774,51483,2023-06-09T20:00:00,BUSINESS_PERMIT,7,148,flagged,2023-07-12T20:00:00,1037.37,AUDIT_DONE
1775,79545,2023-09-09T23:00:00,ID_RENEWAL,3,125,passed,2023-10-25T23:00:00,186.6,
1776,53451,2023-04-10T02:00:00,ID_RENEWAL,2,6,passed,2023-04-20T02:00:00,172.45,
1777,57571,2023-11-17T11:00:00,BIRTH_CERT,4,39,rejected,2023-11-28T11:00:00,15.38,AUDIT_DONE
1778,23303,2023-11-20T18:00:00,BIRTH_CERT,8,122,passed,2023-12-16T18:00:00,35.04,
1779,30746,2023-06-13T04:00:00,BIRTH_CERT,3,107,passed,2023-07-16T04:00:00,182.05,
1780,97014,2024-04-25T22:00:00,TAX_CERT,5,177,flagged,2024-05-09T22:00:00,1099.27,AUDIT_DONE
1781,32342,2024-03-31T03:00:00,ID_RENEWAL,1,35,flagged,2024-05-07T03:00:00,1367.38,AUDIT_DONE
1782,98049,2024-01-07T14:00:00,BIRTH_CERT,10,147,passed,2024-02-14T14:00:00,178.8,
1783,98784,2023-12-19T10:00:00,BUSINESS_PERMIT,2,95,passed,2024-01-14T10:00:00,26.99,
1784,20888,2023-06-03T03:00:00,FAMILY_STATUS,11,51,rejected,2023-07-25T03:00:00,16.03,AUDIT_DONE
1785,35168,2024-05-21T00:00:00,BIRTH_CERT,10,152,passed,2024-06-13T00:00:00,33.81,
1786,41300,2023-10-14T16:00:00,FAMILY_STATUS,1,126,passed,2023-12-01T16:00:00,33.38,
1787,96074,2023-09-27T14:00:00,BUSINESS_PERMIT,7,87,passed,2023-11-21T14:00:00,150.0,
1788,11399,2023-03-24T10:00:00,BIRTH_CERT,9,9,passed,2023-05-09T10:00:00,195.65,
1789,98067,2023-01-20T09:00:00,FAMILY_STATUS,7,52,rejected,2023-01-29T09:00:00,19.0,AUDIT_DONE
1790,54843,2024-01-20T10:00:00,TAX_CERT,6,132,flagged,2024-02-22T10:00:00,1740.94,AUDIT_DONE
1791,68965,2023-12-21T23:00:00,ID_RENEWAL,5,142,passed,2024-01-02T23:00:00,56.33,
1792,41845,2023-11-23T16:00:00,ID_RENEWAL,2,6,flagged,2023-12-06T16:00:00,1767.47,AUDIT_DONE
1793,19884,2023-07-01T11:00:00,ID_RENEWAL,2,40,passed,2023-07-13T11:00:00,47.39,
1794,92706,2023-01-14T23:00:00,FAMILY_STATUS,6,159,passed,2023-02-19T23:00:00,116.55,
1795,20637,2023-04-19T19:00:00,TAX_CERT,2,15,flagged,2023-06-12T19:00:00,1039.43,AUDIT_DONE
1796,16553,2023-04-04T22:00:00,ID_RENEWAL,2,1,passed,2023-04-24T22:00:00,137.12,
1797,74920,2024-02-01T10:00:00,BIRTH_CERT,11,136,passed,2024-03-24T10:00:00,163.51,
1798,34238,2023-07-10T15:00:00,BIRTH_CERT,5,174,passed,2023-08-14T15:00:00,172.18,
1799,34817,2023-01-07T02:00:00,ID_RENEWAL,3,51,passed,2023-02-19T02:00:00,175.64,
1800,93269,2023-03-19T06:00:00,BIRTH_CERT,3,83,flagged,2023-04-20T06:00:00,1073.26,AUDIT_DONE
1801,55188,2023-10-31T19:00:00,TAX_CERT,7,130,passed,2023-11-23T19:00:00,43.65,
1802,18229,2023-01-08T20:00:00,BUSINESS_PERMIT,11,65,passed,2023-01-18T20:00:00,32.25,
1803,68449,2023-12-19T23:00:00,ID_RENEWAL,1,159,flagged,2024-02-07T23:00:00,1316.11,AUDIT_DONE
1804,84606,2023-04-01T10:00:00,FAMILY_STATUS,10,93,passed,2023-04-12T10:00:00,121.1,
1805,51087,2023-11-23T14:00:00,BIRTH_CERT,6,123,passed,2023-12-31T14:00:00,60.05,
1806,70508,2023-07-14T07:00:00,FAMILY_STATUS,10,44,passed,2023-08-19T07:00:00,70.58,
1807,64997,2024-02-17T14:00:00,ID_RENEWAL,8,116,passed,2024-03-19T14:00:00,147.57,
1808,96739,2023-05-23T10:00:00,TAX_CERT,7,162,passed,2023-06-26T10:00:00,73.14,
1809,45506,2023-06-04T18:00:00,FAMILY_STATUS,3,56,passed,2023-06-20T18:00:00,78.26,
1810,46394,2023-07-22T00:00:00,TAX_CERT,8,101,passed,2023-09-02T00:00:00,165.96,
1811,73876,2023-07-14T15:00:00,ID_RENEWAL,10,128,passed,2023-07-31T15:00:00,189.47,
1812,40821,2023-12-28T03:00:00,BIRTH_CERT,2,83,flagged,2024-01-13T03:00:00,1529.38,AUDIT_DONE
1813,54378,2024-05-21T06:00:00,FAMILY_STATUS,7,126,passed,2024-06-07T06:00:00,61.6,
1814,58936,2024-03-15T19:00:00,TAX_CERT,2,154,passed,2024-05-07T19:00:00,56.38,
1815,37453,2024-01-14T18:00:00,FAMILY_STATUS,8,17,passed,2024-02-05T18:00:00,74.0,
1816,53392,2023-08-28T10:00:00,TAX_CERT,11,122,flagged,2023-10-10T10:00:00,1465.99,AUDIT_DONE
1817,89873,2023-05-11T10:00:00,TAX_CERT,11,147,rejected,2023-06-24T10:00:00,11.45,AUDIT_DONE
1818,60350,2023-09-13T15:00:00,TAX_CERT,10,121,flagged,2023-09-26T15:00:00,1176.15,AUDIT_DONE
1819,44866,2023-11-26T02:00:00,ID_RENEWAL,9,126,passed,2024-01-18T02:00:00,180.09,
1820,17736,2024-04-05T12:00:00,BUSINESS_PERMIT,4,71,flagged,2024-05-31T12:00:00,1236.54,AUDIT_DONE
1821,83646,2023-09-10T07:00:00,TAX_CERT,11,1,passed,2023-10-17T07:00:00,164.97,
1822,94651,2023-10-07T10:00:00,TAX_CERT,8,81,passed,2023-12-05T10:00:00,107.26,
1823,76077,2023-05-04T09:00:00,FAMILY_STATUS,12,16,flagged,2023-07-01T09:00:00,1033.93,AUDIT_DONE
1824,36770,2023-09-12T12:00:00,TAX_CERT,7,180,flagged,2023-10-05T12:00:00,813.1,AUDIT_DONE
1825,70940,2023-10-31T00:00:00,TAX_CERT,1,167,passed,2023-11-30T00:00:00,84.28,
1826,24122,2024-04-02T20:00:00,FAMILY_STATUS,7,143,passed,2024-04-29T20:00:00,88.83,
1827,52310,2024-04-11T08:00:00,ID_RENEWAL,4,156,passed,2024-04-26T08:00:00,32.58,
1828,59155,2023-05-07T01:00:00,BIRTH_CERT,6,142,passed,2023-07-06T01:00:00,28.35,
1829,14526,2023-01-27T20:00:00,FAMILY_STATUS,7,166,passed,2023-03-14T20:00:00,35.6,
1830,27284,2023-11-28T18:00:00,BUSINESS_PERMIT,10,11,flagged,2024-01-19T18:00:00,867.03,AUDIT_DONE
1831,40803,2023-03-07T02:00:00,ID_RENEWAL,3,39,passed,2023-04-28T02:00:00,32.68,
1832,62502,2024-01-04T11:00:00,BIRTH_CERT,6,21,passed,2024-02-11T11:00:00,150.17,
1833,21727,2023-03-05T16:00:00,TAX_CERT,7,165,flagged,2023-04-16T16:00:00,1633.5,AUDIT_DONE
1834,83096,2024-04-04T05:00:00,ID_RENEWAL,2,67,passed,2024-05-24T05:00:00,11.3,
1835,40495,2023-02-23T20:00:00,TAX_CERT,12,58,passed,2023-04-19T20:00:00,8.44,
1836,12523,2023-05-21T16:00:00,BIRTH_CERT,6,83,passed,2023-06-22T16:00:00,126.87,
1837,15259,2023-10-24T15:00:00,TAX_CERT,1,172,flagged,2023-11-04T15:00:00,1297.93,AUDIT_DONE
1838,86229,2023-02-06T06:00:00,FAMILY_STATUS,4,150,passed,2023-02-18T06:00:00,69.88,
1839,91630,2024-06-05T05:00:00,FAMILY_STATUS,7,55,passed,2024-07-22T05:00:00,1.47,
1840,89641,2023-09-30T17:00:00,FAMILY_STATUS,6,131,passed,2023-11-24T17:00:00,166.96,
1841,13777,2023-12-09T06:00:00,BUSINESS_PERMIT,6,67,passed,2024-01-13T06:00:00,130.09,
1842,36946,2024-06-08T12:00:00,TAX_CERT,4,48,passed,2024-06-21T12:00:00,77.49,
1843,70788,2023-11-02T22:00:00,ID_RENEWAL,11,55,flagged,2023-12-02T22:00:00,1781.43,AUDIT_DONE
1844,33713,2023-08-24T18:00:00,FAMILY_STATUS,5,56,passed,2023-09-13T18:00:00,61.98,
1845,88880,2023-07-31T15:00:00,TAX_CERT,12,100,flagged,2023-09-01T15:00:00,1349.46,AUDIT_DONE
1846,20180,2024-05-18T15:00:00,BIRTH_CERT,9,153,passed,2024-06-09T15:00:00,197.36,
1847,10001,2023-04-20T00:00:00,FAMILY_STATUS,1,159,passed,2023-05-14T00:00:00,2.24,
1848,38220,2024-03-31T12:00:00,TAX_CERT,12,146,rejected,2024-04-30T12:00:00,4.86,AUDIT_DONE
1849,14586,2024-03-09T23:00:00,ID_RENEWAL,6,20,passed,2024-04-04T23:00:00,130.73,
1850,36825,2023-11-06T04:00:00,ID_RENEWAL,5,117,rejected,2024-01-03T04:00:00,44.37,AUDIT_DONE
1851,85992,2023-02-01T15:00:00,BIRTH_CERT,3,4,passed,2023-03-09T15:00:00,144.96,
1852,30092,2023-10-07T08:00:00,TAX_CERT,1,180,passed,2023-11-27T08:00:00,12.66,
1853,71040,2023-03-08T12:00:00,BUSINESS_PERMIT,11,97,passed,2023-05-07T12:00:00,99.48,
1854,46905,2023-06-29T00:00:00,BUSINESS_PERMIT,10,12,passed,2023-07-23T00:00:00,191.89,
1855,68718,2023-07-27T08:00:00,ID_RENEWAL,1,172,passed,2023-08-18T08:00:00,174.4,
1856,16198,2023-02-15T18:00:00,FAMILY_STATUS,7,144,rejected,2023-03-08T18:00:00,24.43,AUDIT_DONE
1857,58924,2024-01-08T02:00:00,FAMILY_STATUS,10,95,passed,2024-01-25T02:00:00,94.5,
1858,58773,2023-05-30T10:00:00,BUSINESS_PERMIT,12,164,passed,2023-07-01T10:00:00,34.79,
1859,63454,2023-12-22T09:00:00,FAMILY_STATUS,3,173,flagged,2024-02-01T09:00:00,1393.41,AUDIT_DONE
1860,94602,2024-03-18T02:00:00,BUSINESS_PERMIT,10,65,flagged,2024-04-16T02:00:00,1199.36,AUDIT_DONE
1861,29012,2024-04-06T17:00:00,BIRTH_CERT,11,43,flagged,2024-05-23T17:00:00,1212.14,AUDIT_DONE
1862,36976,2023-12-16T17:00:00,BUSINESS_PERMIT,11,41,flagged,2024-02-13T17:00:00,1488.43,AUDIT_DONE
1863,10529,2023-03-25T13:00:00,FAMILY_STATUS,2,129,passed,2023-05-07T13:00:00,103.91,
1864,52662,2023-06-18T23:00:00,FAMILY_STATUS,4,176,flagged,2023-07-02T23:00:00,1201.88,AUDIT_DONE
1865,23949,2024-02-09T16:00:00,TAX_CERT,11,101,passed,2024-03-13T16:00:00,70.23,
1866,24129,2024-04-09T04:00:00,BUSINESS_PERMIT,12,49,flagged,2024-05-18T04:00:00,1871.82,AUDIT_DONE
1867,37426,2023-05-28T02:00:00,BIRTH_CERT,12,79,passed,2023-07-26T02:00:00,81.22,
1868,99192,2023-04-09T06:00:00,ID_RENEWAL,1,5,passed,2023-04-27T06:00:00,24.22,
1869,11385,2023-03-10T08:00:00,BIRTH_CERT,8,31,passed,2023-04-11T08:00:00,71.5,
1870,72710,2023-11-04T10:00:00,BIRTH_CERT,7,96,passed,2023-12-18T10:00:00,85.7,
1871,72075,2023-02-12T21:00:00,BUSINESS_PERMIT,8,9,passed,2023-03-07T21:00:00,70.3,
1872,74265,2023-04-11T13:00:00,ID_RENEWAL,12,151,passed,2023-05-31T13:00:00,70.21,
1873,42163,2024-01-25T01:00:00,ID_RENEWAL,8,23,passed,2024-02-06T01:00:00,108.75,
1874,52319,2024-04-10T12:00:00,FAMILY_STATUS,12,87,passed,2024-04-19T12:00:00,196.8,
1875,98505,2024-04-07T06:00:00,ID_RENEWAL,10,106,passed,2024-05-21T06:00:00,136.76,
1876,60879,2024-06-02T14:00:00,BIRTH_CERT,2,129,passed,2024-07-15T14:00:00,54.95,
1877,48455,2023-02-19T08:00:00,TAX_CERT,10,31,passed,2023-03-26T08:00:00,98.22,
1878,20069,2023-02-10T09:00:00,TAX_CERT,10,85,passed,2023-04-11T09:00:00,137.36,
1879,33151,2024-05-08T15:00:00,BUSINESS_PERMIT,4,2,passed,2024-06-25T15:00:00,148.91,
1880,39980,2023-02-14T09:00:00,BUSINESS_PERMIT,3,58,passed,2023-03-24T09:00:00,136.61,
1881,83763,2023-04-29T03:00:00,ID_RENEWAL,3,36,passed,2023-06-13T03:00:00,195.76,
1882,58272,2024-03-24T15:00:00,BIRTH_CERT,6,179,passed,2024-05-14T15:00:00,141.68,
1883,18773,2023-04-19T13:00:00,ID_RENEWAL,8,9,passed,2023-05-23T13:00:00,111.46,
1884,28025,2023-03-31T08:00:00,ID_RENEWAL,11,92,passed,2023-04-22T08:00:00,101.42,
1885,81554,2023-01-25T05:00:00,FAMILY_STATUS,2,147,passed,2023-03-15T05:00:00,39.3,
1886,15210,2023-09-27T15:00:00,TAX_CERT,2,169,passed,2023-11-08T15:00:00,82.65,
1887,17863,2023-07-27T04:00:00,BIRTH_CERT,5,35,flagged,2023-08-26T04:00:00,1268.85,AUDIT_DONE
1888,27964,2023-01-13T03:00:00,FAMILY_STATUS,9,171,passed,2023-02-08T03:00:00,106.1,
1889,22982,2023-09-07T15:00:00,TAX_CERT,4,49,passed,2023-09-27T15:00:00,95.66,
1890,97435,2024-02-02T17:00:00,TAX_CERT,11,161,passed,2024-02-18T17:00:00,160.77,
1891,31591,2024-06-06T04:00:00,TAX_CERT,2,123,passed,2024-07-19T04:00:00,197.47,
1892,66606,2024-02-28T20:00:00,ID_RENEWAL,6,58,flagged,2024-04-23T20:00:00,1287.67,AUDIT_DONE
1893,68959,2023-11-25T12:00:00,BIRTH_CERT,1,50,passed,2023-12-27T12:00:00,186.16,
1894,94677,2023-08-19T23:00:00,TAX_CERT,3,123,passed,2023-09-21T23:00:00,158.09,
1895,14051,2023-09-05T19:00:00,BUSINESS_PERMIT,9,74,passed,2023-10-20T19:00:00,15.01,
1896,61546,2023-03-09T17:00:00,FAMILY_STATUS,2,38,flagged,2023-04-02T17:00:00,847.94,AUDIT_DONE
1897,71592,2024-04-20T20:00:00,BIRTH_CERT,6,78,flagged,2024-05-16T20:00:00,1526.36,AUDIT_DONE
1898,88556,2024-05-14T12:00:00,BIRTH_CERT,12,151,passed,2024-06-28T12:00:00,184.69,
1899,77763,2023-05-21T15:00:00,BIRTH_CERT,6,24,passed,2023-07-01T15:00:00,195.05,
1900,77307,2023-03-06T08:00:00,TAX_CERT,11,69,rejected,2023-04-20T08:00:00,43.74,AUDIT_DONE
1901,53908,2023-11-17T10:00:00,BIRTH_CERT,4,145,passed,2023-12-06T10:00:00,194.47,
1902,90354,2024-02-26T08:00:00,TAX_CERT,5,154,passed,2024-04-22T08:00:00,131.82,
1903,36799,2023-10-30T06:00:00,BUSINESS_PERMIT,11,176,passed,2023-11-26T06:00:00,108.56,
1904,93026,2024-06-16T05:00:00,FAMILY_STATUS,2,75,passed,2024-08-12T05:00:00,41.15,
1905,84473,2023-07-07T20:00:00,BUSINESS_PERMIT,8,96,passed,2023-07-31T20:00:00,96.87,
1906,82179,2023-12-16T04:00:00,BUSINESS_PERMIT,5,156,passed,2024-01-16T04:00:00,24.89,
1907,86491,2023-01-04T02:00:00,FAMILY_STATUS,4,66,rejected,2023-02-15T02:00:00,22.74,AUDIT_DONE
1908,74167,2024-06-07T18:00:00,BIRTH_CERT,7,51,passed,2024-07-24T18:00:00,196.32,
1909,57360,2023-04-21T15:00:00,ID_RENEWAL,7,100,passed,2023-05-05T15:00:00,27.95,
1910,22568,2023-02-12T02:00:00,BUSINESS_PERMIT,5,28,passed,2023-04-10T02:00:00,53.68,
1911,46329,2023-07-29T01:00:00,FAMILY_STATUS,11,146,passed,2023-09-13T01:00:00,22.29,
1912,82432,2024-03-16T07:00:00,FAMILY_STATUS,4,57,passed,2024-04-09T07:00:00,114.12,
1913,60236,2023-08-31T04:00:00,TAX_CERT,1,142,passed,2023-09-17T04:00:00,152.47,
1914,73734,2023-01-18T05:00:00,ID_RENEWAL,2,147,flagged,2023-02-11T05:00:00,1974.41,AUDIT_DONE
1915,38880,2023-04-08T07:00:00,FAMILY_STATUS,7,57,passed,2023-04-26T07:00:00,121.92,
1916,60685,2023-04-20T00:00:00,BUSINESS_PERMIT,4,172,passed,2023-06-04T00:00:00,115.93,
1917,60393,2023-08-07T07:00:00,BIRTH_CERT,2,21,passed,2023-08-23T07:00:00,88.83,
1918,78673,2024-01-25T00:00:00,FAMILY_STATUS,9,70,passed,2024-02-28T00:00:00,134.66,
1919,36931,2023-11-26T00:00:00,FAMILY_STATUS,8,130,passed,2024-01-10T00:00:00,167.64,
1920,62953,2023-05-28T22:00:00,TAX_CERT,2,154,flagged,2023-06-14T22:00:00,1619.93,AUDIT_DONE
1921,59734,2023-08-12T10:00:00,BIRTH_CERT,6,104,passed,2023-09-02T10:00:00,142.99,
1922,12867,2024-04-25T00:00:00,BUSINESS_PERMIT,11,145,passed,2024-05-30T00:00:00,139.52,
1923,21725,2023-12-20T11:00:00,BUSINESS_PERMIT,7,6,passed,2024-01-23T11:00:00,144.84,
1924,30722,2023-09-19T11:00:00,TAX_CERT,4,69,passed,2023-10-26T11:00:00,199.42,
1925,59996,2023-08-13T18:00:00,FAMILY_STATUS,11,133,passed,2023-08-22T18:00:00,162.03,
1926,42819,2023-02-19T07:00:00,ID_RENEWAL,2,41,passed,2023-03-01T07:00:00,139.06,
1927,34382,2024-06-21T08:00:00,TAX_CERT,8,39,passed,2024-07-15T08:00:00,171.7,
1928,16834,2024-02-24T09:00:00,BIRTH_CERT,3,134,passed,2024-04-10T09:00:00,174.36,
1929,12252,2023-06-30T09:00:00,TAX_CERT,9,121,rejected,2023-07-22T09:00:00,44.75,AUDIT_DONE
1930,70625,2023-03-20T02:00:00,BIRTH_CERT,2,69,flagged,2023-04-03T02:00:00,1014.48,AUDIT_DONE
1931,11146,2024-01-13T23:00:00,FAMILY_STATUS,3,40,passed,2024-03-10T23:00:00,37.36,
1932,27688,2023-06-25T08:00:00,TAX_CERT,9,6,passed,2023-07-27T08:00:00,178.97,
1933,85217,2023-02-19T15:00:00,FAMILY_STATUS,3,34,passed,2023-03-21T15:00:00,121.79,
1934,93903,2024-04-18T07:00:00,BIRTH_CERT,8,45,flagged,2024-05-05T07:00:00,1656.12,AUDIT_DONE
1935,74219,2023-02-13T02:00:00,BUSINESS_PERMIT,7,35,passed,2023-04-12T02:00:00,92.15,
1936,85690,2024-02-18T16:00:00,BUSINESS_PERMIT,8,166,rejected,2024-04-03T16:00:00,17.7,AUDIT_DONE
1937,14773,2023-09-15T16:00:00,TAX_CERT,7,43,passed,2023-11-12T16:00:00,99.95,
1938,59275,2023-03-17T19:00:00,FAMILY_STATUS,6,77,passed,2023-04-17T19:00:00,180.83,
1939,93683,2024-01-18T00:00:00,TAX_CERT,6,125,passed,2024-02-21T00:00:00,3.21,
1940,28653,2024-04-05T18:00:00,ID_RENEWAL,12,36,passed,2024-04-27T18:00:00,60.39,
1941,36829,2023-08-21T14:00:00,BUSINESS_PERMIT,5,125,passed,2023-09-20T14:00:00,142.58,
1942,48721,2023-05-14T13:00:00,FAMILY_STATUS,1,63,rejected,2023-05-27T13:00:00,44.85,AUDIT_DONE
1943,88412,2023-02-24T11:00:00,FAMILY_STATUS,8,99,flagged,2023-03-07T11:00:00,1846.54,AUDIT_DONE
1944,18880,2023-12-30T16:00:00,FAMILY_STATUS,9,123,passed,2024-02-05T16:00:00,196.27,
1945,83608,2023-12-06T06:00:00,FAMILY_STATUS,5,130,passed,2023-12-22T06:00:00,198.42,
1946,62876,2023-03-03T00:00:00,FAMILY_STATUS,9,56,passed,2023-04-07T00:00:00,74.25,
1947,86758,2024-04-16T11:00:00,ID_RENEWAL,10,84,passed,2024-05-26T11:00:00,10.18,
1948,84232,2024-03-24T15:00:00,BIRTH_CERT,7,132,passed,2024-05-16T15:00:00,155.86,
1949,93257,2023-03-10T04:00:00,FAMILY_STATUS,7,85,passed,2023-05-02T04:00:00,87.97,
1950,15490,2023-05-28T04:00:00,ID_RENEWAL,4,24,passed,2023-06-18T04:00:00,55.15,
1951,29876,2023-11-07T00:00:00,BUSINESS_PERMIT,3,50,passed,2024-01-04T00:00:00,38.73,
1952,73263,2023-09-19T06:00:00,ID_RENEWAL,1,17,passed,2023-11-11T06:00:00,7.49,
1953,54923,2023-08-13T14:00:00,BIRTH_CERT,3,173,passed,2023-09-18T14:00:00,15.99,
1954,53332,2024-01-17T15:00:00,FAMILY_STATUS,5,148,passed,2024-03-16T15:00:00,177.83,
1955,46564,2024-06-23T04:00:00,BIRTH_CERT,11,175,flagged,2024-08-12T04:00:00,1507.74,AUDIT_DONE
1956,49396,2023-09-09T07:00:00,BUSINESS_PERMIT,1,112,passed,2023-10-18T07:00:00,65.63,
1957,29394,2024-02-19T01:00:00,BIRTH_CERT,10,77,flagged,2024-04-18T01:00:00,1109.17,AUDIT_DONE
1958,81068,2023-08-17T07:00:00,BIRTH_CERT,4,119,rejected,2023-10-07T07:00:00,46.3,AUDIT_DONE
1959,41784,2024-01-07T13:00:00,TAX_CERT,12,103,passed,2024-01-19T13:00:00,66.24,
1960,66645,2024-05-07T21:00:00,TAX_CERT,2,81,rejected,2024-06-08T21:00:00,2.85,AUDIT_DONE
1961,73769,2024-02-29T15:00:00,BUSINESS_PERMIT,1,86,rejected,2024-03-22T15:00:00,5.91,AUDIT_DONE
1962,90028,2024-02-10T18:00:00,TAX_CERT,4,104,passed,2024-03-03T18:00:00,47.02,
1963,20760,2023-12-11T05:00:00,ID_RENEWAL,10,84,passed,2023-12-24T05:00:00,170.64,
1964,94930,2023-01-09T04:00:00,TAX_CERT,9,110,passed,2023-03-07T04:00:00,18.46,
1965,58072,2023-02-22T00:00:00,FAMILY_STATUS,8,46,passed,2023-04-23T00:00:00,58.28,
1966,20793,2023-03-31T01:00:00,ID_RENEWAL,3,80,passed,2023-05-14T01:00:00,7.79,
1967,87774,2023-01-01T06:00:00,FAMILY_STATUS,3,101,flagged,2023-01-25T06:00:00,1388.43,AUDIT_DONE
1968,30629,2024-06-22T02:00:00,BIRTH_CERT,10,73,passed,2024-07-15T02:00:00,92.47,
1969,97164,2023-04-09T15:00:00,TAX_CERT,10,58,passed,2023-05-07T15:00:00,6.41,
1970,62572,2024-04-29T14:00:00,BUSINESS_PERMIT,6,131,passed,2024-06-27T14:00:00,130.7,
1971,30344,2023-08-29T09:00:00,ID_RENEWAL,11,84,passed,2023-10-20T09:00:00,92.26,
1972,29572,2023-03-23T01:00:00,ID_RENEWAL,10,31,passed,2023-04-07T01:00:00,199.65,
1973,63723,2023-10-17T10:00:00,ID_RENEWAL,12,82,passed,2023-11-20T10:00:00,143.73,
1974,35098,2023-11-06T22:00:00,FAMILY_STATUS,4,122,passed,2023-12-08T22:00:00,72.84,
1975,96288,2023-03-09T01:00:00,BUSINESS_PERMIT,1,65,passed,2023-04-14T01:00:00,162.5,
1976,51259,2023-11-28T14:00:00,BIRTH_CERT,3,84,flagged,2024-01-16T14:00:00,1648.86,AUDIT_DONE
1977,29420,2023-07-08T00:00:00,ID_RENEWAL,3,65,passed,2023-08-05T00:00:00,97.38,
1978,33660,2023-05-24T07:00:00,BUSINESS_PERMIT,9,155,passed,2023-06-12T07:00:00,55.57,
1979,54194,2023-02-09T00:00:00,ID_RENEWAL,11,93,flagged,2023-03-11T00:00:00,1760.25,AUDIT_DONE
1980,76188,2023-04-18T15:00:00,FAMILY_STATUS,9,52,passed,2023-06-06T15:00:00,66.5,
1981,15167,2024-02-05T16:00:00,BUSINESS_PERMIT,10,157,rejected,2024-04-01T16:00:00,9.83,AUDIT_DONE
1982,92187,2023-10-25T17:00:00,ID_RENEWAL,8,12,passed,2023-12-08T17:00:00,3.58,
1983,87449,2024-04-30T13:00:00,TAX_CERT,8,156,passed,2024-06-29T13:00:00,184.62,
1984,85964,2024-04-05T08:00:00,FAMILY_STATUS,5,167,flagged,2024-05-24T08:00:00,1780.08,AUDIT_DONE
1985,68884,2024-02-09T08:00:00,TAX_CERT,1,136,passed,2024-04-08T08:00:00,44.36,
1986,80157,2024-02-11T00:00:00,BIRTH_CERT,7,13,rejected,2024-03-06T00:00:00,40.12,AUDIT_DONE
1987,16710,2024-03-02T00:00:00,BUSINESS_PERMIT,9,164,flagged,2024-04-20T00:00:00,1722.68,AUDIT_DONE
1988,60990,2023-08-07T17:00:00,BIRTH_CERT,11,142,passed,2023-08-29T17:00:00,23.17,
1989,53093,2023-12-03T05:00:00,TAX_CERT,9,168,passed,2023-12-15T05:00:00,137.02,
1990,96174,2024-05-06T00:00:00,FAMILY_STATUS,2,34,rejected,2024-05-23T00:00:00,36.55,AUDIT_DONE
1991,47850,2023-09-21T13:00:00,FAMILY_STATUS,3,110,passed,2023-10-04T13:00:00,32.78,
1992,18648,2023-03-12T02:00:00,FAMILY_STATUS,3,32,flagged,2023-04-03T02:00:00,803.99,AUDIT_DONE
1993,80070,2023-07-03T03:00:00,BUSINESS_PERMIT,8,87,passed,2023-08-28T03:00:00,153.2,
1994,22062,2024-06-07T03:00:00,FAMILY_STATUS,8,172,passed,2024-07-06T03:00:00,157.1,
1995,21327,2023-06-30T12:00:00,ID_RENEWAL,4,140,rejected,2023-08-15T12:00:00,36.27,AUDIT_DONE
1996,72742,2023-06-16T04:00:00,FAMILY_STATUS,6,42,passed,2023-07-05T04:00:00,137.91,
1997,62751,2023-01-31T10:00:00,TAX_CERT,7,111,passed,2023-03-30T10:00:00,102.48,
1998,18768,2023-06-21T06:00:00,TAX_CERT,10,164,passed,2023-08-11T06:00:00,117.27,
1999,14768,2024-05-21T17:00:00,BUSINESS_PERMIT,8,100,passed,2024-05-30T17:00:00,73.77,
2000,95028,2023-07-12T00:00:00,FAMILY_STATUS,10,91,passed,2023-08-11T00:00:00,132.92,
2001,22579,2024-03-01T23:00:00,BIRTH_CERT,1,81,flagged,2024-04-30T23:00:00,902.27,AUDIT_DONE
2002,54656,2024-06-17T17:00:00,ID_RENEWAL,2,152,passed,2024-07-29T17:00:00,98.87,
2003,15103,2023-02-03T20:00:00,ID_RENEWAL,6,63,passed,2023-02-28T20:00:00,164.43,
2004,46787,2023-02-26T09:00:00,FAMILY_STATUS,11,36,passed,2023-03-14T09:00:00,163.14,
2005,63329,2024-02-26T02:00:00,ID_RENEWAL,9,94,passed,2024-03-23T02:00:00,61.68,
2006,89024,2023-01-27T09:00:00,BIRTH_CERT,6,48,flagged,2023-03-08T09:00:00,1843.41,AUDIT_DONE
2007,26217,2023-04-13T11:00:00,TAX_CERT,2,25,rejected,2023-05-10T11:00:00,38.4,AUDIT_DONE
2008,82116,2023-08-06T18:00:00,BIRTH_CERT,2,60,passed,2023-09-30T18:00:00,62.3,
2009,96232,2023-03-23T22:00:00,FAMILY_STATUS,9,148,flagged,2023-05-04T22:00:00,1455.28,AUDIT_DONE
2010,53681,2023-04-13T12:00:00,FAMILY_STATUS,1,80,rejected,2023-06-01T12:00:00,21.01,AUDIT_DONE
2011,72518,2023-02-23T04:00:00,ID_RENEWAL,2,25,rejected,2023-03-08T04:00:00,29.42,AUDIT_DONE
2012,42450,2024-04-25T11:00:00,ID_RENEWAL,7,139,passed,2024-06-06T11:00:00,31.76,
2013,92685,2023-12-09T05:00:00,ID_RENEWAL,3,167,rejected,2023-12-22T05:00:00,35.03,AUDIT_DONE
2014,76805,2024-04-26T06:00:00,TAX_CERT,12,33,passed,2024-06-15T06:00:00,191.46,
2015,34582,2024-02-22T00:00:00,BUSINESS_PERMIT,11,134,flagged,2024-04-15T00:00:00,1492.03,AUDIT_DONE
2016,79177,2023-09-01T01:00:00,FAMILY_STATUS,7,55,passed,2023-10-30T01:00:00,77.69,
2017,42640,2023-12-19T04:00:00,BIRTH_CERT,7,152,passed,2024-01-12T04:00:00,115.67,
2018,63155,2023-05-08T22:00:00,BIRTH_CERT,7,66,passed,2023-05-22T22:00:00,99.54,
2019,86048,2023-07-15T23:00:00,ID_RENEWAL,5,177,passed,2023-09-01T23:00:00,36.87,
2020,19463,2023-09-12T04:00:00,BUSINESS_PERMIT,12,11,passed,2023-09-21T04:00:00,50.0,
2021,24519,2023-05-17T06:00:00,ID_RENEWAL,5,29,passed,2023-07-08T06:00:00,130.37,
2022,26153,2024-02-28T03:00:00,FAMILY_STATUS,6,53,passed,2024-04-16T03:00:00,29.4,
2023,36417,2023-11-29T13:00:00,TAX_CERT,7,169,passed,2024-01-17T13:00:00,55.01,
2024,41820,2023-07-31T12:00:00,BUSINESS_PERMIT,6,49,flagged,2023-09-18T12:00:00,1829.74,AUDIT_DONE
2025,18048,2024-05-15T08:00:00,ID_RENEWAL,7,13,passed,2024-06-01T08:00:00,86.66,
2026,47151,2024-04-14T16:00:00,FAMILY_STATUS,5,53,passed,2024-04-30T16:00:00,176.26,
2027,69562,2023-07-01T13:00:00,FAMILY_STATUS,1,122,flagged,2023-08-14T13:00:00,1435.51,AUDIT_DONE
2028,72499,2023-11-07T20:00:00,BUSINESS_PERMIT,4,116,passed,2024-01-06T20:00:00,172.77,
2029,40726,2023-10-04T05:00:00,BUSINESS_PERMIT,8,57,passed,2023-11-29T05:00:00,26.7,
2030,58605,2024-01-29T07:00:00,BIRTH_CERT,9,131,passed,2024-02-22T07:00:00,28.94,
2031,62915,2023-09-18T22:00:00,ID_RENEWAL,2,70,flagged,2023-10-14T22:00:00,1419.78,AUDIT_DONE
2032,97614,2023-03-06T18:00:00,BIRTH_CERT,2,62,flagged,2023-03-28T18:00:00,1102.52,AUDIT_DONE
2033,82597,2023-07-07T20:00:00,BUSINESS_PERMIT,8,136,passed,2023-08-03T20:00:00,191.72,
2034,65685,2023-12-16T00:00:00,FAMILY_STATUS,8,50,passed,2024-02-07T00:00:00,146.52,
2035,84083,2023-10-06T18:00:00,BIRTH_CERT,4,161,passed,2023-11-20T18:00:00,168.38,
2036,16003,2024-01-01T03:00:00,FAMILY_STATUS,7,121,passed,2024-01-28T03:00:00,178.05,
2037,12153,2024-01-01T15:00:00,ID_RENEWAL,4,137,passed,2024-02-12T15:00:00,45.52,
2038,64048,2023-04-16T18:00:00,BIRTH_CERT,3,60,passed,2023-05-22T18:00:00,8.78,
2039,38119,2023-03-16T03:00:00,TAX_CERT,11,141,passed,2023-05-09T03:00:00,27.14,
2040,46754,2024-01-15T03:00:00,BIRTH_CERT,1,66,passed,2024-01-29T03:00:00,117.5,
2041,42809,2024-04-05T06:00:00,BIRTH_CERT,2,88,rejected,2024-04-17T06:00:00,30.59,AUDIT_DONE
2042,10833,2023-09-04T01:00:00,BUSINESS_PERMIT,8,177,passed,2023-10-29T01:00:00,33.41,
2043,46394,2023-08-10T13:00:00,ID_RENEWAL,6,26,passed,2023-09-22T13:00:00,116.58,
2044,13525,2024-03-13T22:00:00,ID_RENEWAL,6,92,flagged,2024-03-30T22:00:00,1467.54,AUDIT_DONE
2045,15925,2023-01-22T21:00:00,TAX_CERT,5,50,passed,2023-03-17T21:00:00,31.39,
2046,39573,2023-07-20T06:00:00,BIRTH_CERT,4,34,passed,2023-08-24T06:00:00,12.26,
2047,49268,2023-05-18T01:00:00,BUSINESS_PERMIT,2,53,passed,2023-07-12T01:00:00,151.32,
2048,14604,2023-06-07T22:00:00,BIRTH_CERT,2,41,passed,2023-07-07T22:00:00,1.52,
2049,30150,2023-06-29T21:00:00,BUSINESS_PERMIT,7,28,passed,2023-07-10T21:00:00,31.51,
2050,82744,2023-04-22T13:00:00,BIRTH_CERT,4,180,flagged,2023-06-01T13:00:00,1119.37,AUDIT_DONE
2051,65690,2023-12-04T14:00:00,TAX_CERT,3,153,passed,2024-01-08T14:00:00,113.46,
2052,12625,2024-03-31T08:00:00,TAX_CERT,6,67,passed,2024-05-28T08:00:00,185.24,
2053,25118,2024-02-20T09:00:00,TAX_CERT,7,138,passed,2024-04-04T09:00:00,18.2,
2054,72825,2023-02-25T07:00:00,BUSINESS_PERMIT,12,180,passed,2023-04-08T07:00:00,171.44,
2055,41520,2023-05-19T01:00:00,ID_RENEWAL,9,47,passed,2023-06-03T01:00:00,46.36,
2056,78822,2024-06-04T19:00:00,BIRTH_CERT,9,19,passed,2024-07-02T19:00:00,110.46,
2057,66062,2023-04-06T08:00:00,BUSINESS_PERMIT,5,86,passed,2023-04-15T08:00:00,165.62,
2058,67979,2023-07-30T04:00:00,ID_RENEWAL,4,179,passed,2023-09-14T04:00:00,103.59,
2059,31578,2024-03-08T23:00:00,FAMILY_STATUS,11,140,passed,2024-04-13T23:00:00,152.03,
2060,13172,2023-12-12T00:00:00,ID_RENEWAL,1,3,flagged,2024-02-01T00:00:00,1730.37,AUDIT_DONE
2061,73016,2023-03-27T10:00:00,ID_RENEWAL,3,164,passed,2023-04-15T10:00:00,16.53,
2062,13387,2024-03-25T17:00:00,TAX_CERT,11,96,passed,2024-05-09T17:00:00,126.17,
2063,47992,2023-12-28T10:00:00,FAMILY_STATUS,7,173,passed,2024-02-14T10:00:00,182.85,
2064,80780,2023-09-25T05:00:00,BUSINESS_PERMIT,2,140,flagged,2023-11-07T05:00:00,1520.42,AUDIT_DONE
2065,75721,2023-10-22T15:00:00,BIRTH_CERT,9,20,passed,2023-11-16T15:00:00,164.87,
2066,15786,2023-02-13T10:00:00,BIRTH_CERT,7,121,passed,2023-02-21T10:00:00,86.94,
2067,54759,2023-02-20T00:00:00,ID_RENEWAL,11,67,flagged,2023-04-08T00:00:00,1253.47,AUDIT_DONE
2068,26114,2024-01-06T23:00:00,TAX_CERT,9,71,passed,2024-02-18T23:00:00,81.04,
2069,16422,2024-02-27T04:00:00,FAMILY_STATUS,5,131,passed,2024-04-16T04:00:00,64.33,
2070,91922,2023-11-14T05:00:00,BUSINESS_PERMIT,10,97,flagged,2023-11-23T05:00:00,1463.05,AUDIT_DONE
2071,70296,2023-02-24T13:00:00,BIRTH_CERT,4,62,passed,2023-04-07T13:00:00,171.21,
2072,34217,2023-12-30T00:00:00,TAX_CERT,10,163,rejected,2024-02-08T00:00:00,42.81,AUDIT_DONE
2073,79281,2023-03-08T01:00:00,ID_RENEWAL,5,13,rejected,2023-03-31T01:00:00,43.26,AUDIT_DONE
2074,72081,2023-01-06T08:00:00,BUSINESS_PERMIT,11,67,rejected,2023-02-17T08:00:00,32.19,AUDIT_DONE
2075,18410,2023-09-12T16:00:00,BUSINESS_PERMIT,4,97,flagged,2023-10-30T16:00:00,1025.22,AUDIT_DONE
2076,98854,2023-10-02T07:00:00,FAMILY_STATUS,3,173,passed,2023-11-17T07:00:00,139.33,
2077,49005,2023-06-24T16:00:00,TAX_CERT,10,166,passed,2023-07-27T16:00:00,146.11,
2078,66477,2023-01-22T07:00:00,TAX_CERT,7,34,passed,2023-03-03T07:00:00,145.05,
2079,48223,2023-04-17T09:00:00,BUSINESS_PERMIT,5,22,passed,2023-05-18T09:00:00,8.16,
2080,40025,2023-06-10T11:00:00,FAMILY_STATUS,6,75,flagged,2023-07-12T11:00:00,850.78,AUDIT_DONE
2081,13049,2023-12-15T17:00:00,ID_RENEWAL,11,48,passed,2024-02-06T17:00:00,191.84,
2082,85459,2024-04-26T12:00:00,BIRTH_CERT,5,106,flagged,2024-06-04T12:00:00,1835.7,AUDIT_DONE
2083,77993,2024-06-01T00:00:00,TAX_CERT,4,28,passed,2024-07-10T00:00:00,111.22,
2084,98300,2023-10-10T10:00:00,FAMILY_STATUS,12,35,passed,2023-10-20T10:00:00,166.35,
2085,36822,2023-02-08T09:00:00,TAX_CERT,11,164,passed,2023-03-02T09:00:00,170.59,
2086,26014,2023-08-02T11:00:00,BUSINESS_PERMIT,4,135,passed,2023-09-23T11:00:00,63.01,
2087,71138,2023-08-16T04:00:00,ID_RENEWAL,2,24,passed,2023-09-25T04:00:00,119.97,
2088,74563,2023-02-19T19:00:00,TAX_CERT,4,62,passed,2023-03-10T19:00:00,126.17,
2089,14555,2023-05-18T12:00:00,ID_RENEWAL,11,83,rejected,2023-06-20T12:00:00,1.96,AUDIT_DONE
2090,22492,2023-03-27T19:00:00,BUSINESS_PERMIT,9,128,flagged,2023-04-27T19:00:00,1192.93,AUDIT_DONE
2091,37355,2024-05-27T13:00:00,ID_RENEWAL,9,135,flagged,2024-06-14T13:00:00,812.81,AUDIT_DONE
2092,88275,2023-01-31T18:00:00,BIRTH_CERT,2,86,flagged,2023-02-15T18:00:00,934.42,AUDIT_DONE
2093,44588,2023-01-14T07:00:00,FAMILY_STATUS,12,97,passed,2023-02-21T07:00:00,127.37,
2094,58222,2023-05-03T23:00:00,BIRTH_CERT,7,1,flagged,2023-06-04T23:00:00,1616.14,AUDIT_DONE
2095,78938,2023-12-21T04:00:00,BIRTH_CERT,1,20,passed,2024-01-04T04:00:00,14.18,
2096,54951,2023-10-21T03:00:00,ID_RENEWAL,9,75,passed,2023-11-27T03:00:00,79.4,
2097,89504,2023-05-23T13:00:00,BIRTH_CERT,4,44,flagged,2023-06-12T13:00:00,989.21,AUDIT_DONE
2098,20059,2024-06-01T04:00:00,ID_RENEWAL,2,62,passed,2024-07-04T04:00:00,67.04,
2099,15616,2023-09-19T01:00:00,FAMILY_STATUS,12,76,passed,2023-11-12T01:00:00,107.22,
2100,16076,2023-01-22T10:00:00,BIRTH_CERT,4,127,rejected,2023-03-20T10:00:00,21.43,AUDIT_DONE
2101,35288,2023-04-09T03:00:00,ID_RENEWAL,12,33,passed,2023-04-18T03:00:00,169.31,
2102,13574,2024-06-16T06:00:00,BUSINESS_PERMIT,6,100,passed,2024-08-14T06:00:00,121.49,
2103,33004,2023-06-07T21:00:00,TAX_CERT,8,19,passed,2023-06-20T21:00:00,149.03,
2104,67178,2023-09-18T10:00:00,BIRTH_CERT,6,14,flagged,2023-10-06T10:00:00,1410.89,AUDIT_DONE
2105,91419,2023-04-22T15:00:00,TAX_CERT,11,125,passed,2023-05-08T15:00:00,112.27,
2106,10649,2024-06-21T08:00:00,BIRTH_CERT,5,11,passed,2024-08-02T08:00:00,60.8,
2107,79285,2024-04-03T06:00:00,TAX_CERT,6,77,passed,2024-05-15T06:00:00,172.57,
2108,16999,2024-02-22T01:00:00,ID_RENEWAL,4,60,passed,2024-03-07T01:00:00,122.9,
2109,58266,2024-01-15T14:00:00,BIRTH_CERT,12,178,passed,2024-02-23T14:00:00,164.45,
2110,43455,2023-03-08T09:00:00,BIRTH_CERT,5,147,passed,2023-04-12T09:00:00,3.15,
2111,91852,2023-06-19T12:00:00,BIRTH_CERT,10,147,passed,2023-08-14T12:00:00,125.19,
2112,98592,2024-01-20T21:00:00,BUSINESS_PERMIT,5,142,passed,2024-03-14T21:00:00,151.9,
2113,93463,2023-04-02T16:00:00,BIRTH_CERT,5,38,passed,2023-05-03T16:00:00,73.24,
2114,50579,2023-09-12T04:00:00,BIRTH_CERT,6,145,passed,2023-10-21T04:00:00,4.25,
2115,39232,2023-07-19T05:00:00,FAMILY_STATUS,4,28,passed,2023-09-16T05:00:00,156.07,
2116,91555,2023-05-25T13:00:00,ID_RENEWAL,7,145,passed,2023-06-27T13:00:00,187.51,
2117,94139,2024-04-29T04:00:00,BUSINESS_PERMIT,7,164,passed,2024-05-07T04:00:00,152.76,
2118,78156,2023-06-28T23:00:00,BIRTH_CERT,4,80,passed,2023-07-19T23:00:00,198.94,
2119,78184,2023-08-14T10:00:00,TAX_CERT,11,170,passed,2023-09-05T10:00:00,72.36,
2120,28672,2023-01-18T09:00:00,BIRTH_CERT,1,89,rejected,2023-02-01T09:00:00,44.36,AUDIT_DONE
2121,87399,2024-03-20T10:00:00,FAMILY_STATUS,1,141,flagged,2024-04-21T10:00:00,1740.89,AUDIT_DONE
2122,59584,2023-05-31T13:00:00,FAMILY_STATUS,11,69,passed,2023-07-13T13:00:00,110.12,
2123,22878,2024-02-21T20:00:00,TAX_CERT,2,56,passed,2024-03-26T20:00:00,96.39,
2124,43021,2023-07-14T16:00:00,TAX_CERT,6,147,passed,2023-07-28T16:00:00,184.77,
2125,76719,2023-10-01T12:00:00,FAMILY_STATUS,9,39,passed,2023-10-27T12:00:00,159.26,
2126,77357,2023-02-11T00:00:00,BUSINESS_PERMIT,3,123,flagged,2023-04-01T00:00:00,801.17,AUDIT_DONE
2127,76047,2024-02-05T12:00:00,TAX_CERT,2,15,passed,2024-03-07T12:00:00,195.93,
2128,13340,2023-03-18T02:00:00,ID_RENEWAL,11,50,flagged,2023-05-16T02:00:00,1201.81,AUDIT_DONE
2129,92557,2023-03-09T12:00:00,BIRTH_CERT,9,15,passed,2023-04-03T12:00:00,55.85,
2130,78394,2023-03-16T23:00:00,TAX_CERT,6,14,passed,2023-05-02T23:00:00,154.73,
2131,93558,2024-03-29T20:00:00,FAMILY_STATUS,7,161,passed,2024-04-19T20:00:00,146.0,
2132,17626,2023-10-04T00:00:00,BUSINESS_PERMIT,8,113,passed,2023-10-21T00:00:00,56.3,
2133,12550,2023-05-24T23:00:00,BIRTH_CERT,7,106,passed,2023-06-22T23:00:00,119.26,
2134,31098,2023-04-05T23:00:00,BIRTH_CERT,8,161,flagged,2023-04-15T23:00:00,1907.39,AUDIT_DONE
2135,18802,2023-03-10T08:00:00,TAX_CERT,1,102,rejected,2023-04-02T08:00:00,33.73,AUDIT_DONE
2136,56907,2023-07-23T06:00:00,TAX_CERT,8,60,passed,2023-08-19T06:00:00,26.53,
2137,11394,2023-07-27T11:00:00,TAX_CERT,7,28,passed,2023-09-01T11:00:00,185.43,
2138,38687,2023-06-18T21:00:00,BUSINESS_PERMIT,2,21,passed,2023-07-02T21:00:00,0.09,
2139,55215,2023-09-01T16:00:00,BUSINESS_PERMIT,11,82,passed,2023-10-14T16:00:00,99.15,
2140,50251,2023-05-05T06:00:00,FAMILY_STATUS,4,115,passed,2023-05-30T06:00:00,133.58,
2141,48537,2023-02-20T23:00:00,BIRTH_CERT,3,149,passed,2023-03-24T23:00:00,28.17,
2142,36855,2023-02-14T03:00:00,FAMILY_STATUS,7,71,passed,2023-03-21T03:00:00,10.58,
2143,75491,2023-04-15T12:00:00,BIRTH_CERT,8,137,passed,2023-05-21T12:00:00,28.35,
2144,87200,2023-06-24T05:00:00,BIRTH_CERT,2,4,flagged,2023-08-01T05:00:00,1566.87,AUDIT_DONE
2145,32494,2023-07-06T03:00:00,BIRTH_CERT,11,50,passed,2023-08-08T03:00:00,186.12,
2146,40360,2023-12-15T23:00:00,BIRTH_CERT,8,176,passed,2024-01-18T23:00:00,46.77,
2147,13821,2023-09-06T03:00:00,FAMILY_STATUS,9,46,passed,2023-10-09T03:00:00,199.18,
2148,93447,2023-08-23T18:00:00,BUSINESS_PERMIT,8,6,passed,2023-10-03T18:00:00,140.56,
2149,40926,2024-02-17T21:00:00,BUSINESS_PERMIT,2,117,passed,2024-03-26T21:00:00,12.22,
2150,21056,2024-06-14T04:00:00,TAX_CERT,1,94,flagged,2024-06-30T04:00:00,1251.34,AUDIT_DONE
2151,98964,2023-07-04T07:00:00,FAMILY_STATUS,11,90,passed,2023-08-05T07:00:00,31.84,
2152,84636,2023-01-16T10:00:00,TAX_CERT,9,115,rejected,2023-02-17T10:00:00,34.34,AUDIT_DONE
2153,84431,2023-03-16T16:00:00,BUSINESS_PERMIT,11,45,passed,2023-04-12T16:00:00,114.12,
2154,40830,2024-04-12T19:00:00,BUSINESS_PERMIT,1,143,passed,2024-05-06T19:00:00,154.51,
2155,14444,2023-10-23T17:00:00,BIRTH_CERT,1,41,passed,2023-11-20T17:00:00,183.72,
2156,42869,2023-08-24T21:00:00,BIRTH_CERT,9,111,rejected,2023-10-14T21:00:00,29.91,AUDIT_DONE
2157,89918,2023-10-26T20:00:00,BIRTH_CERT,3,77,flagged,2023-12-19T20:00:00,1205.27,AUDIT_DONE
2158,70015,2023-03-09T20:00:00,ID_RENEWAL,2,73,passed,2023-04-17T20:00:00,125.21,
2159,61183,2024-03-27T02:00:00,BUSINESS_PERMIT,6,46,passed,2024-05-01T02:00:00,108.79,
2160,59866,2023-07-20T17:00:00,ID_RENEWAL,11,48,passed,2023-08-13T17:00:00,123.12,
2161,74549,2023-03-07T23:00:00,BUSINESS_PERMIT,11,170,rejected,2023-04-17T23:00:00,24.74,AUDIT_DONE
2162,26972,2023-06-03T19:00:00,FAMILY_STATUS,10,112,passed,2023-06-19T19:00:00,143.71,
2163,79748,2024-06-12T18:00:00,FAMILY_STATUS,4,127,rejected,2024-07-30T18:00:00,1.91,AUDIT_DONE
2164,58323,2024-06-20T00:00:00,ID_RENEWAL,7,165,passed,2024-07-12T00:00:00,125.04,
2165,91204,2023-10-03T00:00:00,FAMILY_STATUS,11,93,flagged,2023-11-25T00:00:00,1268.19,AUDIT_DONE
2166,33056,2024-04-12T18:00:00,FAMILY_STATUS,1,8,passed,2024-05-23T18:00:00,33.58,
2167,61651,2024-01-19T08:00:00,TAX_CERT,5,47,rejected,2024-03-03T08:00:00,19.66,AUDIT_DONE
2168,99591,2023-05-24T11:00:00,BIRTH_CERT,10,76,passed,2023-06-08T11:00:00,49.32,
2169,23513,2023-10-03T12:00:00,FAMILY_STATUS,4,50,passed,2023-11-15T12:00:00,180.3,
2170,79866,2024-02-19T05:00:00,FAMILY_STATUS,5,21,passed,2024-03-08T05:00:00,183.2,
2171,87217,2024-05-09T05:00:00,TAX_CERT,6,100,passed,2024-06-10T05:00:00,115.09,
2172,76123,2023-08-16T10:00:00,ID_RENEWAL,9,156,flagged,2023-09-06T10:00:00,1244.06,AUDIT_DONE
2173,60630,2024-02-05T11:00:00,BIRTH_CERT,6,7,rejected,2024-02-28T11:00:00,24.48,AUDIT_DONE
2174,44302,2023-11-29T00:00:00,TAX_CERT,10,83,flagged,2023-12-24T00:00:00,1727.6,AUDIT_DONE
2175,85623,2023-01-08T06:00:00,ID_RENEWAL,5,161,passed,2023-02-16T06:00:00,175.55,
2176,53727,2023-04-26T15:00:00,BIRTH_CERT,10,124,passed,2023-06-25T15:00:00,39.83,
2177,21561,2023-08-30T08:00:00,FAMILY_STATUS,1,23,flagged,2023-09-25T08:00:00,1052.22,AUDIT_DONE
2178,32742,2023-10-28T14:00:00,FAMILY_STATUS,2,84,flagged,2023-11-17T14:00:00,1042.76,AUDIT_DONE
2179,51591,2023-08-08T13:00:00,ID_RENEWAL,8,135,passed,2023-09-12T13:00:00,159.76,
2180,47156,2023-01-17T19:00:00,ID_RENEWAL,5,39,passed,2023-01-30T19:00:00,128.66,
2181,87559,2023-02-06T11:00:00,BIRTH_CERT,3,117,passed,2023-02-20T11:00:00,105.84,
2182,10881,2024-04-29T17:00:00,FAMILY_STATUS,1,155,flagged,2024-06-05T17:00:00,957.96,AUDIT_DONE
2183,62716,2024-01-05T04:00:00,TAX_CERT,4,132,passed,2024-02-03T04:00:00,171.29,
2184,86489,2023-05-21T10:00:00,BIRTH_CERT,9,110,passed,2023-07-16T10:00:00,191.11,
2185,74580,2024-03-01T14:00:00,FAMILY_STATUS,9,114,passed,2024-03-16T14:00:00,172.52,
2186,87112,2024-06-06T10:00:00,BUSINESS_PERMIT,12,172,passed,2024-07-29T10:00:00,126.43,
2187,90528,2024-01-08T10:00:00,ID_RENEWAL,12,158,passed,2024-02-03T10:00:00,100.41,
2188,15164,2023-03-26T22:00:00,ID_RENEWAL,7,86,passed,2023-04-02T22:00:00,186.51,
2189,19535,2023-06-09T09:00:00,TAX_CERT,6,164,passed,2023-06-30T09:00:00,129.47,
2190,52464,2023-05-15T20:00:00,FAMILY_STATUS,2,84,flagged,2023-05-22T20:00:00,883.09,AUDIT_DONE
2191,33874,2024-05-07T01:00:00,ID_RENEWAL,9,53,passed,2024-06-30T01:00:00,85.14,
2192,91259,2023-10-18T09:00:00,BUSINESS_PERMIT,5,134,passed,2023-12-01T09:00:00,76.61,
2193,67811,2023-05-28T15:00:00,FAMILY_STATUS,12,57,passed,2023-07-24T15:00:00,179.77,
2194,31981,2024-02-28T04:00:00,FAMILY_STATUS,12,2,passed,2024-04-22T04:00:00,169.19,
2195,81219,2023-10-22T06:00:00,ID_RENEWAL,2,135,passed,2023-12-13T06:00:00,162.71,
2196,94560,2023-05-17T06:00:00,ID_RENEWAL,2,33,passed,2023-07-16T06:00:00,28.64,
2197,78103,2023-11-09T19:00:00,TAX_CERT,2,16,passed,2023-11-21T19:00:00,1.62,
2198,13175,2024-03-01T08:00:00,BIRTH_CERT,8,41,passed,2024-03-30T08:00:00,110.55,
2199,33680,2023-06-19T15:00:00,FAMILY_STATUS,7,133,flagged,2023-07-07T15:00:00,1598.19,AUDIT_DONE
2200,44816,2024-05-06T14:00:00,BUSINESS_PERMIT,6,67,flagged,2024-06-22T14:00:00,1235.82,AUDIT_DONE
2201,21827,2023-05-19T12:00:00,BIRTH_CERT,3,147,rejected,2023-07-04T12:00:00,16.27,AUDIT_DONE
2202,82007,2024-04-09T12:00:00,TAX_CERT,11,142,passed,2024-04-19T12:00:00,20.45,
2203,35994,2024-03-26T03:00:00,BUSINESS_PERMIT,11,121,passed,2024-04-15T03:00:00,91.43,
2204,52706,2023-08-11T18:00:00,TAX_CERT,11,150,rejected,2023-08-19T18:00:00,47.83,AUDIT_DONE
2205,32438,2023-06-26T04:00:00,ID_RENEWAL,10,146,rejected,2023-07-29T04:00:00,10.7,AUDIT_DONE
2206,82175,2024-03-13T10:00:00,TAX_CERT,11,150,passed,2024-04-24T10:00:00,60.64,
2207,85707,2023-08-31T05:00:00,BIRTH_CERT,6,168,passed,2023-10-27T05:00:00,192.83,
2208,94489,2023-07-28T10:00:00,BUSINESS_PERMIT,9,79,passed,2023-09-19T10:00:00,24.43,
2209,53597,2024-05-19T07:00:00,FAMILY_STATUS,3,101,passed,2024-07-01T07:00:00,188.38,
2210,89116,2023-09-17T18:00:00,BIRTH_CERT,8,157,flagged,2023-10-22T18:00:00,939.77,AUDIT_DONE
2211,53399,2024-03-25T00:00:00,TAX_CERT,3,147,passed,2024-04-04T00:00:00,13.98,
2212,52844,2024-04-24T16:00:00,TAX_CERT,8,29,passed,2024-06-22T16:00:00,141.58,
2213,27657,2024-06-15T07:00:00,FAMILY_STATUS,3,39,passed,2024-06-28T07:00:00,135.04,
2214,44774,2024-02-11T23:00:00,BIRTH_CERT,12,14,passed,2024-02-20T23:00:00,34.65,
2215,67458,2024-05-15T19:00:00,FAMILY_STATUS,11,120,passed,2024-06-27T19:00:00,101.18,
2216,93548,2023-08-04T22:00:00,BIRTH_CERT,12,96,passed,2023-08-26T22:00:00,71.47,
2217,60836,2024-02-08T01:00:00,ID_RENEWAL,1,52,passed,2024-03-01T01:00:00,195.6,
2218,84778,2023-11-25T03:00:00,ID_RENEWAL,8,18,passed,2023-12-15T03:00:00,174.37,
2219,55645,2023-01-24T04:00:00,ID_RENEWAL,11,148,passed,2023-03-09T04:00:00,185.37,
2220,35277,2023-04-05T09:00:00,ID_RENEWAL,4,123,passed,2023-05-14T09:00:00,173.57,
2221,87789,2023-07-21T00:00:00,BUSINESS_PERMIT,10,107,rejected,2023-09-09T00:00:00,4.13,AUDIT_DONE
2222,29895,2023-04-06T19:00:00,ID_RENEWAL,2,38,passed,2023-05-29T19:00:00,126.66,
2223,71152,2023-08-01T05:00:00,TAX_CERT,2,176,rejected,2023-09-03T05:00:00,48.01,AUDIT_DONE
2224,23697,2023-02-24T03:00:00,TAX_CERT,10,173,passed,2023-03-28T03:00:00,22.54,
2225,54949,2023-07-05T01:00:00,BIRTH_CERT,2,159,flagged,2023-08-27T01:00:00,1335.79,AUDIT_DONE
2226,84957,2024-03-24T07:00:00,TAX_CERT,4,160,flagged,2024-04-18T07:00:00,1056.91,AUDIT_DONE
2227,95278,2024-03-17T12:00:00,FAMILY_STATUS,6,54,passed,2024-04-22T12:00:00,132.07,
2228,83188,2024-06-17T03:00:00,BUSINESS_PERMIT,3,73,passed,2024-06-25T03:00:00,18.02,
2229,29677,2024-06-21T04:00:00,BIRTH_CERT,6,3,passed,2024-07-06T04:00:00,65.33,
2230,58067,2023-10-21T12:00:00,FAMILY_STATUS,3,5,flagged,2023-12-11T12:00:00,1509.68,AUDIT_DONE
2231,97418,2024-01-25T02:00:00,BIRTH_CERT,12,168,passed,2024-03-17T02:00:00,186.14,
2232,39997,2023-12-20T04:00:00,BUSINESS_PERMIT,12,150,passed,2024-01-02T04:00:00,3.42,
2233,80731,2023-05-02T04:00:00,FAMILY_STATUS,5,49,passed,2023-05-29T04:00:00,71.8,
2234,30469,2024-02-01T09:00:00,ID_RENEWAL,3,55,flagged,2024-02-12T09:00:00,1111.23,AUDIT_DONE
2235,40252,2023-05-25T15:00:00,BIRTH_CERT,1,109,passed,2023-07-01T15:00:00,122.85,
2236,21190,2024-05-21T08:00:00,BUSINESS_PERMIT,1,43,passed,2024-07-13T08:00:00,12.3,
2237,79605,2024-03-12T18:00:00,ID_RENEWAL,1,106,passed,2024-04-06T18:00:00,25.3,
2238,10993,2023-12-17T10:00:00,TAX_CERT,5,41,flagged,2024-02-03T10:00:00,1621.34,AUDIT_DONE
2239,75062,2023-10-20T01:00:00,BIRTH_CERT,4,16,passed,2023-11-21T01:00:00,123.23,
2240,98744,2024-04-07T11:00:00,FAMILY_STATUS,7,79,passed,2024-05-21T11:00:00,74.18,
2241,23949,2024-01-16T09:00:00,TAX_CERT,7,45,rejected,2024-03-16T09:00:00,12.56,AUDIT_DONE
2242,25533,2023-09-15T14:00:00,BIRTH_CERT,7,1,passed,2023-11-10T14:00:00,110.99,
2243,82593,2023-05-06T01:00:00,TAX_CERT,4,7,flagged,2023-06-08T01:00:00,1684.02,AUDIT_DONE
2244,65549,2023-04-13T14:00:00,BIRTH_CERT,7,71,flagged,2023-04-30T14:00:00,907.98,AUDIT_DONE
2245,68688,2023-02-13T17:00:00,ID_RENEWAL,1,133,passed,2023-03-15T17:00:00,145.35,
2246,21067,2023-06-01T18:00:00,TAX_CERT,1,28,rejected,2023-07-07T18:00:00,35.22,AUDIT_DONE
2247,40040,2024-06-04T01:00:00,FAMILY_STATUS,7,116,passed,2024-07-26T01:00:00,10.78,
2248,49352,2023-03-23T01:00:00,TAX_CERT,5,93,rejected,2023-04-30T01:00:00,47.69,AUDIT_DONE
2249,55735,2024-02-15T05:00:00,BIRTH_CERT,2,51,passed,2024-03-04T05:00:00,113.03,
2250,75034,2024-06-24T21:00:00,ID_RENEWAL,6,115,passed,2024-07-17T21:00:00,85.9,
2251,36262,2023-07-29T03:00:00,BIRTH_CERT,9,2,passed,2023-09-25T03:00:00,199.95,
2252,29518,2024-02-17T05:00:00,ID_RENEWAL,8,66,flagged,2024-03-22T05:00:00,1867.56,AUDIT_DONE
2253,12487,2023-12-28T18:00:00,ID_RENEWAL,2,135,passed,2024-02-03T18:00:00,27.64,
2254,92160,2023-02-28T08:00:00,BIRTH_CERT,7,107,passed,2023-03-28T08:00:00,62.12,
2255,26295,2023-01-26T02:00:00,FAMILY_STATUS,2,13,passed,2023-03-03T02:00:00,97.13,
2256,82356,2023-02-08T00:00:00,ID_RENEWAL,12,168,passed,2023-04-05T00:00:00,47.19,
2257,51506,2023-10-04T18:00:00,TAX_CERT,1,81,passed,2023-10-15T18:00:00,199.5,
2258,94749,2023-02-13T08:00:00,BIRTH_CERT,10,156,passed,2023-03-11T08:00:00,161.57,
2259,18535,2024-05-23T12:00:00,TAX_CERT,10,136,rejected,2024-07-10T12:00:00,31.94,AUDIT_DONE
2260,82947,2024-04-19T18:00:00,FAMILY_STATUS,8,176,passed,2024-06-03T18:00:00,82.92,
2261,73572,2023-04-15T13:00:00,BUSINESS_PERMIT,7,26,passed,2023-04-25T13:00:00,96.99,
2262,77552,2023-09-30T07:00:00,BIRTH_CERT,4,45,flagged,2023-10-20T07:00:00,1324.27,AUDIT_DONE
2263,18781,2023-10-24T18:00:00,FAMILY_STATUS,10,30,rejected,2023-10-31T18:00:00,22.3,AUDIT_DONE
2264,70390,2023-06-19T13:00:00,BIRTH_CERT,11,36,passed,2023-07-28T13:00:00,93.45,
2265,96411,2023-06-25T03:00:00,ID_RENEWAL,2,106,passed,2023-08-13T03:00:00,31.67,
2266,90636,2023-09-23T03:00:00,BIRTH_CERT,9,22,passed,2023-11-17T03:00:00,136.87,
2267,20944,2024-06-09T19:00:00,BUSINESS_PERMIT,9,150,passed,2024-06-23T19:00:00,29.32,
2268,76613,2023-01-23T23:00:00,ID_RENEWAL,9,129,passed,2023-03-13T23:00:00,192.92,
2269,25760,2023-03-14T17:00:00,BUSINESS_PERMIT,7,67,passed,2023-05-08T17:00:00,27.65,
2270,58994,2023-12-31T16:00:00,BUSINESS_PERMIT,9,60,passed,2024-02-08T16:00:00,88.07,
2271,64891,2023-01-12T17:00:00,BUSINESS_PERMIT,3,16,flagged,2023-01-21T17:00:00,1111.4,AUDIT_DONE
2272,59840,2023-11-24T15:00:00,BIRTH_CERT,11,24,flagged,2023-12-13T15:00:00,1015.8,AUDIT_DONE
2273,30687,2023-03-29T09:00:00,BIRTH_CERT,10,104,passed,2023-04-10T09:00:00,129.59,
2274,83359,2024-05-26T21:00:00,BIRTH_CERT,10,70,flagged,2024-06-29T21:00:00,1519.88,AUDIT_DONE
2275,97108,2023-06-04T14:00:00,ID_RENEWAL,12,101,passed,2023-07-11T14:00:00,199.81,
2276,21591,2023-10-01T01:00:00,BIRTH_CERT,10,91,passed,2023-11-27T01:00:00,23.58,
2277,42520,2024-03-09T03:00:00,TAX_CERT,6,110,passed,2024-04-26T03:00:00,179.92,
2278,59464,2024-05-14T09:00:00,FAMILY_STATUS,11,177,passed,2024-07-06T09:00:00,44.83,
2279,93885,2023-04-20T14:00:00,ID_RENEWAL,10,169,passed,2023-05-15T14:00:00,79.63,
2280,42591,2024-03-07T22:00:00,FAMILY_STATUS,11,73,flagged,2024-04-17T22:00:00,1251.58,AUDIT_DONE
2281,11522,2024-03-15T00:00:00,TAX_CERT,5,116,passed,2024-04-19T00:00:00,30.34,
2282,41871,2023-12-13T03:00:00,BUSINESS_PERMIT,7,37,passed,2024-01-26T03:00:00,186.68,
2283,39098,2023-10-09T17:00:00,FAMILY_STATUS,9,33,passed,2023-12-05T17:00:00,193.53,
2284,28017,2024-02-14T17:00:00,FAMILY_STATUS,12,129,passed,2024-03-19T17:00:00,8.22,
2285,12890,2024-02-09T15:00:00,BIRTH_CERT,3,135,passed,2024-03-14T15:00:00,115.15,
2286,42543,2023-03-06T02:00:00,FAMILY_STATUS,5,19,passed,2023-04-19T02:00:00,165.94,
2287,63429,2023-06-17T06:00:00,ID_RENEWAL,12,105,passed,2023-08-09T06:00:00,42.67,
2288,22372,2023-12-16T05:00:00,BUSINESS_PERMIT,4,12,rejected,2024-01-24T05:00:00,16.06,AUDIT_DONE
2289,49595,2023-12-07T22:00:00,BUSINESS_PERMIT,1,43,passed,2024-01-31T22:00:00,191.23,
2290,35329,2023-05-29T08:00:00,FAMILY_STATUS,2,158,passed,2023-06-07T08:00:00,63.58,
2291,73470,2023-10-08T00:00:00,ID_RENEWAL,10,107,passed,2023-12-02T00:00:00,12.64,
2292,92639,2024-06-12T04:00:00,ID_RENEWAL,12,67,passed,2024-07-23T04:00:00,114.65,
2293,45503,2023-01-03T12:00:00,BUSINESS_PERMIT,8,142,passed,2023-02-07T12:00:00,54.3,
2294,59352,2024-06-13T03:00:00,FAMILY_STATUS,4,84,passed,2024-07-30T03:00:00,183.82,
2295,86253,2024-03-08T19:00:00,BUSINESS_PERMIT,11,138,passed,2024-04-28T19:00:00,183.03,
2296,52903,2024-03-26T09:00:00,FAMILY_STATUS,9,98,passed,2024-04-07T09:00:00,137.74,
2297,88526,2023-09-25T10:00:00,TAX_CERT,11,13,passed,2023-11-17T10:00:00,122.74,
2298,15831,2023-03-01T21:00:00,FAMILY_STATUS,8,93,passed,2023-04-21T21:00:00,185.75,
2299,88119,2023-04-27T02:00:00,BIRTH_CERT,8,21,passed,2023-05-18T02:00:00,145.64,
2300,26484,2024-02-09T06:00:00,ID_RENEWAL,7,81,passed,2024-03-28T06:00:00,195.17,
2301,11006,2024-06-11T18:00:00,ID_RENEWAL,5,84,passed,2024-07-19T18:00:00,11.16,
2302,79514,2023-01-26T19:00:00,BIRTH_CERT,11,167,passed,2023-02-21T19:00:00,161.4,
2303,45910,2023-09-14T05:00:00,BIRTH_CERT,1,76,rejected,2023-11-03T05:00:00,49.93,AUDIT_DONE
2304,31211,2024-03-21T13:00:00,ID_RENEWAL,8,106,passed,2024-04-13T13:00:00,157.84,
2305,13825,2023-11-15T10:00:00,BIRTH_CERT,7,94,passed,2023-12-26T10:00:00,88.62,
2306,13786,2024-04-06T09:00:00,BUSINESS_PERMIT,6,57,passed,2024-05-21T09:00:00,101.28,
2307,27145,2023-05-14T07:00:00,TAX_CERT,6,67,flagged,2023-07-10T07:00:00,1851.06,AUDIT_DONE
2308,89121,2024-03-04T10:00:00,BIRTH_CERT,12,75,passed,2024-04-01T10:00:00,79.3,
2309,34476,2023-12-22T07:00:00,ID_RENEWAL,1,3,passed,2024-01-08T07:00:00,135.05,
2310,72700,2023-06-29T04:00:00,BUSINESS_PERMIT,5,47,rejected,2023-08-02T04:00:00,39.91,AUDIT_DONE
2311,20363,2023-11-15T12:00:00,TAX_CERT,3,81,passed,2023-11-28T12:00:00,78.03,
2312,42925,2023-10-15T22:00:00,BIRTH_CERT,2,24,passed,2023-11-23T22:00:00,194.48,
2313,11967,2024-06-13T20:00:00,ID_RENEWAL,7,16,passed,2024-07-24T20:00:00,180.89,
2314,26757,2024-04-30T18:00:00,TAX_CERT,9,102,passed,2024-06-11T18:00:00,98.91,
2315,11785,2023-03-23T05:00:00,FAMILY_STATUS,10,153,flagged,2023-05-19T05:00:00,1230.04,AUDIT_DONE
2316,65704,2024-04-01T04:00:00,ID_RENEWAL,12,105,flagged,2024-05-18T04:00:00,1823.29,AUDIT_DONE
2317,72747,2023-05-31T23:00:00,FAMILY_STATUS,2,43,passed,2023-06-21T23:00:00,105.75,
2318,79768,2023-08-22T13:00:00,ID_RENEWAL,6,179,passed,2023-10-16T13:00:00,77.17,
2319,32915,2024-04-17T17:00:00,FAMILY_STATUS,6,163,passed,2024-05-26T17:00:00,196.68,
2320,43189,2023-05-11T03:00:00,FAMILY_STATUS,11,143,passed,2023-06-07T03:00:00,46.51,
2321,58159,2023-10-02T01:00:00,FAMILY_STATUS,1,174,rejected,2023-11-19T01:00:00,12.72,AUDIT_DONE
2322,24601,2024-04-23T10:00:00,TAX_CERT,12,38,flagged,2024-05-04T10:00:00,1814.61,AUDIT_DONE
2323,74389,2023-07-18T04:00:00,BIRTH_CERT,12,115,passed,2023-09-11T04:00:00,107.45,
2324,94549,2023-03-28T14:00:00,TAX_CERT,8,102,flagged,2023-04-22T14:00:00,1091.48,AUDIT_DONE
2325,99795,2024-05-16T05:00:00,TAX_CERT,1,50,flagged,2024-06-16T05:00:00,1466.11,AUDIT_DONE
2326,89526,2023-03-16T15:00:00,BUSINESS_PERMIT,6,4,passed,2023-03-27T15:00:00,12.16,
2327,89807,2023-09-10T01:00:00,TAX_CERT,5,85,flagged,2023-10-11T01:00:00,1033.23,AUDIT_DONE
2328,53387,2023-11-29T23:00:00,TAX_CERT,9,129,flagged,2023-12-20T23:00:00,1120.12,AUDIT_DONE
2329,19060,2023-11-09T00:00:00,BUSINESS_PERMIT,1,180,flagged,2023-12-18T00:00:00,1688.37,AUDIT_DONE
2330,55264,2024-03-27T15:00:00,TAX_CERT,9,74,passed,2024-04-30T15:00:00,13.39,
2331,17010,2023-10-13T08:00:00,BIRTH_CERT,5,172,rejected,2023-11-16T08:00:00,13.08,AUDIT_DONE
2332,69026,2023-08-04T17:00:00,BIRTH_CERT,6,177,passed,2023-08-24T17:00:00,120.55,
2333,97755,2023-04-20T00:00:00,FAMILY_STATUS,11,176,passed,2023-06-12T00:00:00,182.07,
2334,77173,2023-09-04T20:00:00,FAMILY_STATUS,10,32,passed,2023-10-13T20:00:00,91.3,
2335,30316,2024-01-31T19:00:00,BIRTH_CERT,10,149,passed,2024-03-10T19:00:00,117.27,
2336,23717,2023-03-04T09:00:00,FAMILY_STATUS,6,124,passed,2023-04-10T09:00:00,26.57,
2337,88409,2024-04-05T21:00:00,BIRTH_CERT,3,65,passed,2024-04-17T21:00:00,7.29,
2338,82973,2024-01-26T22:00:00,TAX_CERT,5,45,passed,2024-03-26T22:00:00,180.91,
2339,24775,2024-04-05T05:00:00,BIRTH_CERT,9,61,passed,2024-04-21T05:00:00,158.47,
2340,77774,2024-05-26T00:00:00,BIRTH_CERT,7,41,rejected,2024-06-13T00:00:00,28.33,AUDIT_DONE
2341,15869,2023-02-20T22:00:00,ID_RENEWAL,10,143,rejected,2023-03-06T22:00:00,8.39,AUDIT_DONE
2342,78422,2023-01-16T05:00:00,BUSINESS_PERMIT,4,45,flagged,2023-03-08T05:00:00,819.53,AUDIT_DONE
2343,92756,2024-04-17T13:00:00,BIRTH_CERT,7,30,passed,2024-06-16T13:00:00,5.96,
2344,34818,2024-05-07T22:00:00,FAMILY_STATUS,7,32,passed,2024-06-01T22:00:00,16.72,
2345,47927,2024-01-28T02:00:00,FAMILY_STATUS,5,16,rejected,2024-03-10T02:00:00,11.76,AUDIT_DONE
2346,46223,2023-09-07T20:00:00,BUSINESS_PERMIT,2,151,passed,2023-10-14T20:00:00,9.47,
2347,98641,2023-05-22T06:00:00,ID_RENEWAL,6,80,passed,2023-06-18T06:00:00,196.49,
2348,10459,2023-02-05T00:00:00,FAMILY_STATUS,4,5,passed,2023-02-23T00:00:00,150.32,
2349,12561,2023-10-13T10:00:00,ID_RENEWAL,12,151,passed,2023-11-10T10:00:00,166.82,
2350,94843,2024-03-22T13:00:00,BUSINESS_PERMIT,11,100,passed,2024-03-29T13:00:00,18.41,
2351,46987,2024-01-15T09:00:00,ID_RENEWAL,2,24,flagged,2024-02-05T09:00:00,1870.17,AUDIT_DONE
2352,45240,2024-04-02T17:00:00,BIRTH_CERT,6,26,passed,2024-05-16T17:00:00,163.59,
2353,35512,2024-04-25T01:00:00,BUSINESS_PERMIT,9,158,passed,2024-06-19T01:00:00,154.6,
2354,84379,2024-03-05T17:00:00,BIRTH_CERT,4,76,passed,2024-04-27T17:00:00,75.58,
2355,80770,2024-02-19T05:00:00,BUSINESS_PERMIT,7,156,passed,2024-03-11T05:00:00,3.09,
2356,93996,2024-06-16T20:00:00,BUSINESS_PERMIT,10,31,passed,2024-08-04T20:00:00,199.0,
2357,69445,2023-03-16T11:00:00,ID_RENEWAL,1,95,flagged,2023-04-15T11:00:00,1314.51,AUDIT_DONE
2358,27393,2024-04-10T12:00:00,BUSINESS_PERMIT,1,178,passed,2024-04-22T12:00:00,25.3,
2359,59825,2024-01-03T14:00:00,ID_RENEWAL,11,134,passed,2024-01-21T14:00:00,166.21,
2360,58305,2023-11-06T02:00:00,TAX_CERT,9,2,flagged,2023-12-19T02:00:00,1976.48,AUDIT_DONE
2361,70367,2023-03-16T14:00:00,BUSINESS_PERMIT,6,86,passed,2023-03-30T14:00:00,194.3,
2362,60475,2024-04-12T09:00:00,BIRTH_CERT,12,24,passed,2024-05-07T09:00:00,27.59,
2363,28960,2023-07-09T02:00:00,FAMILY_STATUS,2,139,passed,2023-08-20T02:00:00,166.96,
2364,33203,2023-04-05T19:00:00,TAX_CERT,12,152,passed,2023-04-29T19:00:00,27.55,
2365,44646,2023-05-25T19:00:00,FAMILY_STATUS,8,86,passed,2023-06-04T19:00:00,14.89,
2366,15946,2023-09-30T04:00:00,FAMILY_STATUS,2,142,passed,2023-11-07T04:00:00,58.73,
2367,75135,2024-03-21T16:00:00,ID_RENEWAL,3,1,flagged,2024-04-20T16:00:00,969.84,AUDIT_DONE
2368,54849,2023-01-19T23:00:00,BUSINESS_PERMIT,1,17,passed,2023-03-12T23:00:00,43.91,
2369,33281,2023-10-09T01:00:00,BIRTH_CERT,8,44,passed,2023-11-15T01:00:00,27.2,
2370,10662,2023-06-16T17:00:00,ID_RENEWAL,10,84,flagged,2023-07-10T17:00:00,1862.57,AUDIT_DONE
2371,31091,2023-04-02T15:00:00,FAMILY_STATUS,9,167,rejected,2023-04-20T15:00:00,40.84,AUDIT_DONE
2372,58908,2024-04-08T07:00:00,ID_RENEWAL,2,35,rejected,2024-05-19T07:00:00,3.62,AUDIT_DONE
2373,17733,2024-05-08T02:00:00,ID_RENEWAL,1,90,rejected,2024-07-02T02:00:00,32.07,AUDIT_DONE
2374,24314,2023-04-29T18:00:00,ID_RENEWAL,6,1,passed,2023-06-26T18:00:00,168.77,
2375,39807,2023-11-19T05:00:00,BUSINESS_PERMIT,7,21,flagged,2023-12-19T05:00:00,852.34,AUDIT_DONE
2376,66385,2023-02-24T18:00:00,BIRTH_CERT,3,52,passed,2023-04-23T18:00:00,92.48,
2377,95674,2023-11-18T21:00:00,ID_RENEWAL,1,2,rejected,2024-01-08T21:00:00,12.82,AUDIT_DONE
2378,94654,2024-05-31T18:00:00,TAX_CERT,5,144,flagged,2024-06-21T18:00:00,1638.95,AUDIT_DONE
2379,55169,2024-06-18T14:00:00,TAX_CERT,7,152,passed,2024-07-21T14:00:00,42.67,
2380,77458,2023-09-21T08:00:00,TAX_CERT,8,30,passed,2023-11-06T08:00:00,146.54,
2381,19269,2024-04-30T06:00:00,ID_RENEWAL,5,138,passed,2024-06-22T06:00:00,180.34,
2382,62858,2023-09-22T10:00:00,TAX_CERT,1,40,passed,2023-11-07T10:00:00,112.3,
2383,57178,2023-07-07T02:00:00,BUSINESS_PERMIT,8,76,passed,2023-09-02T02:00:00,176.33,
2384,17926,2023-09-20T16:00:00,BUSINESS_PERMIT,4,87,flagged,2023-10-30T16:00:00,981.66,AUDIT_DONE
2385,81821,2023-10-07T17:00:00,TAX_CERT,7,10,flagged,2023-11-20T17:00:00,1337.37,AUDIT_DONE
2386,51670,2023-09-15T09:00:00,TAX_CERT,9,129,passed,2023-10-03T09:00:00,60.73,
2387,53777,2024-01-27T20:00:00,ID_RENEWAL,5,104,rejected,2024-02-24T20:00:00,27.01,AUDIT_DONE
2388,56194,2024-04-01T14:00:00,ID_RENEWAL,5,13,passed,2024-04-29T14:00:00,89.8,
2389,87865,2024-01-08T12:00:00,ID_RENEWAL,3,53,passed,2024-01-15T12:00:00,145.84,
2390,13611,2023-12-08T10:00:00,BIRTH_CERT,2,11,passed,2024-01-30T10:00:00,139.97,
2391,60842,2023-04-15T07:00:00,ID_RENEWAL,2,22,rejected,2023-05-24T07:00:00,23.13,AUDIT_DONE
2392,17075,2023-01-20T04:00:00,TAX_CERT,6,76,flagged,2023-02-20T04:00:00,1334.22,AUDIT_DONE
2393,51304,2023-06-22T20:00:00,FAMILY_STATUS,1,104,flagged,2023-07-13T20:00:00,1245.14,AUDIT_DONE
2394,67375,2023-03-27T21:00:00,FAMILY_STATUS,3,1,flagged,2023-04-14T21:00:00,1600.23,AUDIT_DONE
2395,16655,2024-01-01T01:00:00,ID_RENEWAL,1,41,flagged,2024-02-21T01:00:00,1711.46,AUDIT_DONE
2396,95809,2023-11-24T03:00:00,BIRTH_CERT,6,55,flagged,2023-12-23T03:00:00,1916.6,AUDIT_DONE
2397,74528,2023-09-23T14:00:00,ID_RENEWAL,11,159,passed,2023-10-02T14:00:00,87.61,
2398,87317,2024-03-29T22:00:00,FAMILY_STATUS,4,34,passed,2024-04-27T22:00:00,110.15,
2399,98806,2023-01-29T07:00:00,BIRTH_CERT,11,17,passed,2023-02-23T07:00:00,196.51,
2400,10393,2023-08-10T09:00:00,FAMILY_STATUS,12,4,passed,2023-08-24T09:00:00,179.45,
2401,47252,2023-12-23T04:00:00,ID_RENEWAL,1,55,passed,2024-02-12T04:00:00,101.3,
2402,95713,2023-03-15T17:00:00,FAMILY_STATUS,5,161,passed,2023-04-05T17:00:00,18.76,
2403,99918,2023-06-28T17:00:00,BIRTH_CERT,6,89,flagged,2023-07-28T17:00:00,1092.36,AUDIT_DONE
2404,73818,2023-12-15T04:00:00,BIRTH_CERT,1,93,passed,2024-01-17T04:00:00,6.65,
2405,81761,2023-01-14T20:00:00,ID_RENEWAL,1,102,passed,2023-03-14T20:00:00,188.58,
2406,41671,2023-03-17T17:00:00,BUSINESS_PERMIT,7,113,passed,2023-05-07T17:00:00,8.82,
2407,96797,2024-05-27T08:00:00,TAX_CERT,12,175,passed,2024-06-16T08:00:00,177.95,
2408,12688,2023-10-23T09:00:00,ID_RENEWAL,10,179,rejected,2023-11-13T09:00:00,18.75,AUDIT_DONE
2409,53003,2024-02-07T15:00:00,ID_RENEWAL,8,97,flagged,2024-03-06T15:00:00,1815.81,AUDIT_DONE
2410,59739,2023-08-12T05:00:00,FAMILY_STATUS,11,90,flagged,2023-09-01T05:00:00,887.45,AUDIT_DONE
2411,34087,2023-09-19T04:00:00,BIRTH_CERT,7,48,passed,2023-10-12T04:00:00,91.88,
2412,38683,2023-03-04T20:00:00,TAX_CERT,3,170,rejected,2023-03-20T20:00:00,35.12,AUDIT_DONE
2413,15221,2023-11-12T10:00:00,BUSINESS_PERMIT,2,18,passed,2023-12-25T10:00:00,157.49,
2414,64264,2023-02-17T11:00:00,BIRTH_CERT,4,2,passed,2023-03-31T11:00:00,191.82,
2415,61456,2023-09-17T07:00:00,BUSINESS_PERMIT,1,39,flagged,2023-10-18T07:00:00,939.98,AUDIT_DONE
2416,53788,2023-08-14T04:00:00,BIRTH_CERT,10,2,passed,2023-09-19T04:00:00,135.67,
2417,65508,2024-04-06T10:00:00,FAMILY_STATUS,10,48,passed,2024-05-20T10:00:00,118.68,
2418,33485,2023-06-21T12:00:00,ID_RENEWAL,1,60,rejected,2023-08-09T12:00:00,12.01,AUDIT_DONE
2419,70734,2023-05-25T14:00:00,ID_RENEWAL,6,91,passed,2023-06-30T14:00:00,15.55,
2420,39576,2023-05-10T00:00:00,BIRTH_CERT,8,30,passed,2023-05-27T00:00:00,68.85,
2421,89691,2023-01-07T05:00:00,TAX_CERT,4,111,flagged,2023-02-24T05:00:00,1001.9,AUDIT_DONE
2422,10560,2023-03-11T11:00:00,FAMILY_STATUS,9,32,passed,2023-05-03T11:00:00,181.97,
2423,53557,2023-04-07T13:00:00,BIRTH_CERT,2,29,passed,2023-05-07T13:00:00,42.29,
2424,31951,2023-03-25T23:00:00,ID_RENEWAL,10,81,passed,2023-05-01T23:00:00,92.75,
2425,54521,2024-01-26T17:00:00,TAX_CERT,9,12,flagged,2024-03-22T17:00:00,1700.49,AUDIT_DONE
2426,89777,2024-05-05T17:00:00,TAX_CERT,12,155,flagged,2024-06-05T17:00:00,880.6,AUDIT_DONE
2427,17001,2024-06-04T18:00:00,ID_RENEWAL,8,45,flagged,2024-06-30T18:00:00,1131.33,AUDIT_DONE
2428,38016,2024-06-10T04:00:00,BIRTH_CERT,3,123,passed,2024-07-22T04:00:00,10.79,
2429,96833,2023-10-29T17:00:00,TAX_CERT,3,161,rejected,2023-11-13T17:00:00,48.97,AUDIT_DONE
2430,37711,2023-03-02T08:00:00,TAX_CERT,2,72,passed,2023-04-19T08:00:00,197.48,
2431,85664,2024-06-21T23:00:00,BIRTH_CERT,2,17,passed,2024-07-21T23:00:00,190.7,
2432,26722,2023-07-20T22:00:00,ID_RENEWAL,1,173,passed,2023-07-27T22:00:00,125.46,
2433,67528,2023-08-01T01:00:00,BUSINESS_PERMIT,5,179,passed,2023-08-16T01:00:00,170.48,
2434,27123,2024-01-03T04:00:00,BIRTH_CERT,12,27,passed,2024-01-12T04:00:00,143.57,
2435,99414,2023-04-06T13:00:00,ID_RENEWAL,6,13,passed,2023-04-13T13:00:00,79.17,
2436,56643,2023-12-19T22:00:00,BUSINESS_PERMIT,10,60,rejected,2024-01-24T22:00:00,22.0,AUDIT_DONE
2437,95427,2023-04-09T19:00:00,TAX_CERT,9,58,passed,2023-04-17T19:00:00,14.21,
2438,59560,2023-04-02T13:00:00,BIRTH_CERT,11,176,rejected,2023-04-28T13:00:00,3.7,AUDIT_DONE
2439,44559,2023-02-11T05:00:00,TAX_CERT,10,136,passed,2023-02-19T05:00:00,188.82,
2440,36610,2023-10-10T02:00:00,ID_RENEWAL,10,100,passed,2023-10-22T02:00:00,30.17,
2441,64746,2024-03-05T15:00:00,BUSINESS_PERMIT,1,129,passed,2024-04-04T15:00:00,81.17,
2442,84754,2024-04-16T01:00:00,BIRTH_CERT,7,60,flagged,2024-04-28T01:00:00,1915.83,AUDIT_DONE
2443,43388,2024-02-08T11:00:00,FAMILY_STATUS,6,16,passed,2024-04-03T11:00:00,57.39,
2444,34715,2023-02-07T14:00:00,TAX_CERT,7,101,rejected,2023-03-24T14:00:00,34.24,AUDIT_DONE
2445,34873,2024-03-02T11:00:00,TAX_CERT,1,78,passed,2024-04-07T11:00:00,75.39,
2446,29248,2023-06-22T12:00:00,FAMILY_STATUS,3,112,flagged,2023-07-17T12:00:00,940.97,AUDIT_DONE
2447,82719,2023-08-10T13:00:00,FAMILY_STATUS,11,36,rejected,2023-09-27T13:00:00,36.94,AUDIT_DONE
2448,15149,2023-09-30T21:00:00,BIRTH_CERT,3,26,passed,2023-11-16T21:00:00,170.03,
2449,29335,2024-05-19T19:00:00,TAX_CERT,11,159,passed,2024-06-21T19:00:00,124.55,
2450,38914,2023-11-15T22:00:00,TAX_CERT,2,169,passed,2023-12-08T22:00:00,136.54,
2451,57924,2023-12-13T07:00:00,ID_RENEWAL,3,73,rejected,2023-12-31T07:00:00,48.71,AUDIT_DONE
2452,14552,2024-01-09T17:00:00,TAX_CERT,4,58,passed,2024-03-08T17:00:00,189.85,
2453,13668,2023-03-21T02:00:00,FAMILY_STATUS,12,94,flagged,2023-04-22T02:00:00,1434.8,AUDIT_DONE
2454,75454,2023-10-01T11:00:00,FAMILY_STATUS,8,100,rejected,2023-10-25T11:00:00,28.19,AUDIT_DONE
2455,53975,2024-04-09T12:00:00,TAX_CERT,10,69,flagged,2024-05-26T12:00:00,1931.29,AUDIT_DONE
2456,61514,2024-01-05T07:00:00,BUSINESS_PERMIT,7,95,passed,2024-01-29T07:00:00,198.23,
2457,33210,2024-05-29T12:00:00,FAMILY_STATUS,2,111,passed,2024-06-10T12:00:00,56.07,
2458,91045,2023-10-20T11:00:00,FAMILY_STATUS,1,138,passed,2023-11-17T11:00:00,1.58,
2459,58655,2024-06-04T02:00:00,BIRTH_CERT,6,48,flagged,2024-07-01T02:00:00,1515.13,AUDIT_DONE
2460,11775,2024-01-26T12:00:00,BUSINESS_PERMIT,5,115,passed,2024-02-17T12:00:00,170.69,
2461,44825,2023-10-10T04:00:00,TAX_CERT,4,95,flagged,2023-10-24T04:00:00,1506.2,AUDIT_DONE
2462,81363,2024-01-30T03:00:00,BIRTH_CERT,5,14,rejected,2024-03-18T03:00:00,47.68,AUDIT_DONE
2463,50494,2023-07-20T07:00:00,TAX_CERT,3,107,flagged,2023-08-16T07:00:00,1161.2,AUDIT_DONE
2464,23664,2023-02-27T14:00:00,ID_RENEWAL,10,106,passed,2023-03-20T14:00:00,154.06,
2465,56696,2023-01-31T17:00:00,TAX_CERT,11,176,flagged,2023-03-12T17:00:00,1394.82,AUDIT_DONE
2466,46811,2023-05-26T03:00:00,FAMILY_STATUS,2,95,flagged,2023-07-07T03:00:00,1335.96,AUDIT_DONE
2467,76255,2023-06-10T06:00:00,BUSINESS_PERMIT,6,169,passed,2023-07-14T06:00:00,179.25,
2468,75171,2023-09-23T08:00:00,TAX_CERT,11,167,flagged,2023-10-07T08:00:00,1397.67,AUDIT_DONE
2469,29344,2023-06-17T20:00:00,TAX_CERT,11,7,passed,2023-07-15T20:00:00,82.18,
2470,63311,2024-03-31T14:00:00,TAX_CERT,8,34,passed,2024-04-27T14:00:00,80.06,
2471,16113,2023-07-19T14:00:00,FAMILY_STATUS,1,29,passed,2023-09-16T14:00:00,12.39,
2472,95075,2023-06-06T14:00:00,BIRTH_CERT,9,17,passed,2023-07-03T14:00:00,187.21,
2473,26780,2023-02-16T01:00:00,ID_RENEWAL,1,39,passed,2023-04-10T01:00:00,136.48,
2474,65760,2023-11-13T05:00:00,ID_RENEWAL,6,119,passed,2023-11-27T05:00:00,189.07,
2475,62166,2023-11-05T07:00:00,BIRTH_CERT,10,178,flagged,2023-11-25T07:00:00,1723.09,AUDIT_DONE
2476,55332,2023-03-30T15:00:00,FAMILY_STATUS,3,9,passed,2023-05-15T15:00:00,39.62,
2477,34443,2023-06-07T16:00:00,BIRTH_CERT,7,46,rejected,2023-07-25T16:00:00,1.34,AUDIT_DONE
2478,96412,2024-05-11T07:00:00,TAX_CERT,6,33,flagged,2024-06-09T07:00:00,1959.63,AUDIT_DONE
2479,39732,2023-08-29T04:00:00,BIRTH_CERT,3,39,passed,2023-10-03T04:00:00,154.17,
2480,39105,2023-07-14T16:00:00,FAMILY_STATUS,10,156,passed,2023-08-20T16:00:00,57.47,
2481,71543,2023-08-19T04:00:00,BUSINESS_PERMIT,4,109,passed,2023-08-28T04:00:00,101.46,
2482,75252,2023-04-04T01:00:00,ID_RENEWAL,9,118,passed,2023-05-19T01:00:00,37.49,
2483,30443,2024-06-01T05:00:00,BUSINESS_PERMIT,4,98,passed,2024-06-15T05:00:00,2.83,
2484,83429,2023-04-13T11:00:00,TAX_CERT,11,142,passed,2023-06-02T11:00:00,192.55,
2485,80009,2023-04-02T15:00:00,FAMILY_STATUS,11,162,passed,2023-04-25T15:00:00,141.49,
2486,37501,2024-02-17T15:00:00,TAX_CERT,4,84,passed,2024-03-04T15:00:00,52.53,
2487,48277,2023-06-06T04:00:00,FAMILY_STATUS,3,131,passed,2023-07-21T04:00:00,21.23,
2488,97163,2023-06-07T11:00:00,TAX_CERT,9,172,flagged,2023-07-29T11:00:00,1479.29,AUDIT_DONE
2489,54241,2023-07-02T23:00:00,TAX_CERT,6,104,passed,2023-08-17T23:00:00,36.61,
2490,72755,2024-01-16T20:00:00,TAX_CERT,1,100,passed,2024-03-13T20:00:00,179.42,
2491,74458,2023-03-10T20:00:00,FAMILY_STATUS,2,137,passed,2023-05-06T20:00:00,79.36,
2492,49962,2023-04-18T07:00:00,ID_RENEWAL,1,125,passed,2023-05-30T07:00:00,45.82,
2493,62598,2023-11-28T04:00:00,ID_RENEWAL,1,169,passed,2023-12-16T04:00:00,154.95,
2494,96094,2024-06-04T09:00:00,FAMILY_STATUS,11,103,passed,2024-07-11T09:00:00,165.63,
2495,42955,2024-01-31T02:00:00,BIRTH_CERT,6,71,flagged,2024-02-27T02:00:00,854.04,AUDIT_DONE
2496,45083,2023-03-16T05:00:00,ID_RENEWAL,11,169,passed,2023-05-08T05:00:00,17.3,
2497,97887,2023-03-21T18:00:00,ID_RENEWAL,11,88,passed,2023-05-03T18:00:00,54.32,
2498,34230,2024-01-20T18:00:00,ID_RENEWAL,4,152,passed,2024-02-18T18:00:00,109.42,
2499,97380,2024-05-03T00:00:00,ID_RENEWAL,3,5,passed,2024-05-20T00:00:00,86.92,
2500,29617,2023-03-14T19:00:00,FAMILY_STATUS,11,128,passed,2023-03-26T19:00:00,145.79,
2501,62891,2023-03-17T06:00:00,BUSINESS_PERMIT,10,63,flagged,2023-05-02T06:00:00,1316.0,AUDIT_DONE
2502,31623,2024-04-09T12:00:00,BUSINESS_PERMIT,1,145,rejected,2024-04-20T12:00:00,23.73,AUDIT_DONE
2503,27282,2024-05-17T15:00:00,BUSINESS_PERMIT,4,21,flagged,2024-06-04T15:00:00,1982.11,AUDIT_DONE
2504,80092,2024-02-03T21:00:00,BIRTH_CERT,1,118,rejected,2024-03-14T21:00:00,34.77,AUDIT_DONE
2505,92701,2024-05-01T20:00:00,BIRTH_CERT,9,108,passed,2024-05-21T20:00:00,168.13,
2506,50470,2023-11-13T06:00:00,TAX_CERT,2,155,passed,2023-12-11T06:00:00,153.99,
2507,28970,2023-02-01T16:00:00,ID_RENEWAL,11,149,passed,2023-02-15T16:00:00,36.34,
2508,73738,2023-06-12T03:00:00,BUSINESS_PERMIT,10,18,passed,2023-07-11T03:00:00,4.7,
2509,10902,2023-10-06T09:00:00,ID_RENEWAL,10,164,passed,2023-11-12T09:00:00,184.33,
2510,97212,2023-01-02T04:00:00,BUSINESS_PERMIT,7,144,passed,2023-02-12T04:00:00,61.23,
2511,21668,2024-05-23T12:00:00,BUSINESS_PERMIT,5,147,passed,2024-06-18T12:00:00,90.03,
2512,14328,2023-07-26T12:00:00,ID_RENEWAL,6,110,passed,2023-08-23T12:00:00,6.75,
2513,87183,2024-02-21T07:00:00,BUSINESS_PERMIT,6,81,passed,2024-03-01T07:00:00,94.05,
2514,24406,2023-10-06T18:00:00,BIRTH_CERT,7,158,passed,2023-10-18T18:00:00,92.88,
2515,58622,2024-01-02T04:00:00,BIRTH_CERT,10,179,passed,2024-01-12T04:00:00,64.22,
2516,31115,2024-04-22T23:00:00,BUSINESS_PERMIT,1,46,passed,2024-06-01T23:00:00,22.02,
2517,90488,2024-02-28T21:00:00,FAMILY_STATUS,4,110,passed,2024-03-26T21:00:00,197.49,
2518,46922,2024-06-21T19:00:00,BUSINESS_PERMIT,9,146,flagged,2024-07-20T19:00:00,1534.07,AUDIT_DONE
2519,39020,2024-03-21T07:00:00,FAMILY_STATUS,5,85,flagged,2024-04-15T07:00:00,1849.59,AUDIT_DONE
2520,87212,2023-09-21T02:00:00,TAX_CERT,5,157,passed,2023-11-05T02:00:00,113.88,
2521,45342,2023-09-06T22:00:00,BUSINESS_PERMIT,5,71,passed,2023-10-19T22:00:00,57.02,
2522,29150,2023-09-28T00:00:00,TAX_CERT,9,174,flagged,2023-10-15T00:00:00,1639.53,AUDIT_DONE
2523,38642,2023-02-18T18:00:00,BIRTH_CERT,6,129,passed,2023-03-27T18:00:00,121.09,
2524,84843,2024-06-18T18:00:00,BUSINESS_PERMIT,5,26,passed,2024-06-25T18:00:00,20.72,
2525,72774,2023-05-13T01:00:00,FAMILY_STATUS,12,45,passed,2023-05-22T01:00:00,95.75,
2526,58567,2023-11-05T16:00:00,FAMILY_STATUS,6,50,passed,2023-12-08T16:00:00,141.95,
2527,46456,2024-04-28T18:00:00,BIRTH_CERT,3,33,passed,2024-05-24T18:00:00,2.03,
2528,17157,2024-03-19T09:00:00,ID_RENEWAL,7,17,passed,2024-05-01T09:00:00,122.19,
2529,70485,2023-05-25T23:00:00,FAMILY_STATUS,6,28,passed,2023-07-17T23:00:00,22.96,
2530,92313,2024-02-07T11:00:00,BUSINESS_PERMIT,9,153,passed,2024-03-06T11:00:00,66.15,
2531,44221,2023-01-03T17:00:00,FAMILY_STATUS,7,21,rejected,2023-01-14T17:00:00,30.47,AUDIT_DONE
2532,19499,2023-11-02T06:00:00,TAX_CERT,5,179,passed,2023-11-14T06:00:00,77.58,
2533,30653,2024-01-15T01:00:00,TAX_CERT,4,76,flagged,2024-02-17T01:00:00,1028.59,AUDIT_DONE
2534,37251,2023-02-04T07:00:00,ID_RENEWAL,4,80,passed,2023-03-09T07:00:00,36.62,
2535,98447,2023-01-20T09:00:00,BUSINESS_PERMIT,4,170,passed,2023-02-28T09:00:00,115.89,
2536,84590,2023-01-29T01:00:00,FAMILY_STATUS,9,167,passed,2023-02-14T01:00:00,141.57,
2537,96856,2024-01-26T18:00:00,BUSINESS_PERMIT,1,40,flagged,2024-03-14T18:00:00,1584.58,AUDIT_DONE
2538,37241,2024-03-24T09:00:00,FAMILY_STATUS,2,120,passed,2024-04-19T09:00:00,198.71,
2539,31413,2023-03-01T04:00:00,TAX_CERT,4,138,flagged,2023-03-11T04:00:00,1801.66,AUDIT_DONE
2540,30903,2023-10-15T13:00:00,TAX_CERT,7,87,passed,2023-12-07T13:00:00,150.32,
2541,12128,2023-07-25T04:00:00,TAX_CERT,9,40,passed,2023-08-09T04:00:00,46.75,
2542,12879,2023-12-05T12:00:00,TAX_CERT,10,28,passed,2023-12-26T12:00:00,175.56,
2543,97861,2023-07-22T08:00:00,BUSINESS_PERMIT,7,120,passed,2023-08-05T08:00:00,146.81,
2544,89910,2024-04-12T11:00:00,BIRTH_CERT,1,113,flagged,2024-05-19T11:00:00,970.39,AUDIT_DONE
2545,17346,2023-12-22T10:00:00,ID_RENEWAL,4,15,passed,2024-01-11T10:00:00,128.35,
2546,32364,2023-06-27T07:00:00,TAX_CERT,12,149,passed,2023-08-04T07:00:00,51.66,
2547,18926,2023-01-30T06:00:00,BIRTH_CERT,5,34,passed,2023-03-07T06:00:00,108.04,
2548,48361,2023-01-17T02:00:00,ID_RENEWAL,8,42,rejected,2023-02-01T02:00:00,33.1,AUDIT_DONE
2549,70629,2024-01-18T01:00:00,ID_RENEWAL,8,106,rejected,2024-02-28T01:00:00,12.95,AUDIT_DONE
2550,23876,2024-05-02T20:00:00,BIRTH_CERT,11,177,passed,2024-06-04T20:00:00,164.97,
2551,67764,2023-07-07T08:00:00,TAX_CERT,1,99,passed,2023-08-17T08:00:00,108.32,
2552,30388,2024-04-25T20:00:00,FAMILY_STATUS,3,87,passed,2024-05-13T20:00:00,186.23,
2553,43386,2023-02-11T18:00:00,BIRTH_CERT,12,88,passed,2023-03-08T18:00:00,151.65,
2554,20001,2023-05-31T07:00:00,TAX_CERT,8,64,passed,2023-07-26T07:00:00,90.27,
2555,77307,2023-04-13T04:00:00,ID_RENEWAL,2,23,rejected,2023-05-19T04:00:00,5.96,AUDIT_DONE
2556,90503,2023-08-30T22:00:00,ID_RENEWAL,6,177,passed,2023-10-23T22:00:00,161.47,
2557,39561,2023-03-17T14:00:00,BIRTH_CERT,1,125,passed,2023-05-03T14:00:00,7.21,
2558,56525,2023-06-04T11:00:00,TAX_CERT,2,151,rejected,2023-07-25T11:00:00,30.86,AUDIT_DONE
2559,60831,2023-11-22T23:00:00,FAMILY_STATUS,2,127,passed,2023-12-30T23:00:00,35.1,
2560,29615,2023-09-13T07:00:00,TAX_CERT,9,117,passed,2023-10-08T07:00:00,4.29,
2561,87477,2023-04-26T12:00:00,BUSINESS_PERMIT,3,97,passed,2023-05-19T12:00:00,137.02,
2562,47997,2023-07-16T06:00:00,FAMILY_STATUS,12,1,passed,2023-08-04T06:00:00,163.29,
2563,88541,2023-11-06T14:00:00,BIRTH_CERT,1,79,passed,2023-12-15T14:00:00,103.71,
2564,90458,2023-12-05T00:00:00,BUSINESS_PERMIT,5,119,passed,2024-01-04T00:00:00,33.24,
2565,99374,2024-06-03T21:00:00,BUSINESS_PERMIT,6,19,passed,2024-06-22T21:00:00,174.99,
2566,96236,2024-05-23T08:00:00,TAX_CERT,10,180,rejected,2024-07-09T08:00:00,19.86,AUDIT_DONE
2567,75274,2023-06-13T19:00:00,BUSINESS_PERMIT,12,82,passed,2023-07-18T19:00:00,53.6,
2568,62345,2023-11-23T05:00:00,FAMILY_STATUS,3,92,passed,2023-12-05T05:00:00,3.51,
2569,30665,2023-03-27T04:00:00,TAX_CERT,10,35,passed,2023-05-19T04:00:00,73.78,
2570,63806,2023-10-20T03:00:00,TAX_CERT,2,83,rejected,2023-12-15T03:00:00,47.75,AUDIT_DONE
2571,62720,2023-02-13T04:00:00,TAX_CERT,10,82,passed,2023-03-29T04:00:00,132.97,
2572,32591,2024-03-22T07:00:00,BIRTH_CERT,8,172,flagged,2024-04-24T07:00:00,985.0,AUDIT_DONE
2573,43975,2023-10-31T21:00:00,BIRTH_CERT,3,11,passed,2023-12-19T21:00:00,15.2,
2574,24020,2024-06-10T00:00:00,TAX_CERT,11,172,passed,2024-06-30T00:00:00,19.42,
2575,30582,2023-02-11T01:00:00,ID_RENEWAL,5,147,passed,2023-04-04T01:00:00,170.2,
2576,58773,2023-03-27T05:00:00,FAMILY_STATUS,3,25,rejected,2023-04-07T05:00:00,8.64,AUDIT_DONE
2577,64677,2024-06-07T21:00:00,BIRTH_CERT,2,96,passed,2024-07-18T21:00:00,173.95,
2578,52823,2024-05-26T12:00:00,FAMILY_STATUS,5,3,passed,2024-07-05T12:00:00,116.57,
2579,10125,2023-03-01T12:00:00,ID_RENEWAL,5,79,flagged,2023-04-20T12:00:00,1804.61,AUDIT_DONE
2580,78736,2024-02-02T05:00:00,BUSINESS_PERMIT,10,129,rejected,2024-03-20T05:00:00,24.89,AUDIT_DONE
2581,62655,2023-09-08T10:00:00,FAMILY_STATUS,9,84,flagged,2023-10-25T10:00:00,1951.72,AUDIT_DONE
2582,48822,2024-02-13T23:00:00,TAX_CERT,5,31,passed,2024-03-04T23:00:00,144.84,
2583,33989,2023-04-25T19:00:00,ID_RENEWAL,3,112,flagged,2023-05-14T19:00:00,1014.85,AUDIT_DONE
2584,38437,2023-11-09T22:00:00,ID_RENEWAL,2,12,passed,2023-12-20T22:00:00,122.35,
2585,24669,2023-10-16T23:00:00,ID_RENEWAL,8,131,rejected,2023-12-06T23:00:00,28.42,AUDIT_DONE
2586,87864,2024-04-27T19:00:00,BIRTH_CERT,8,40,flagged,2024-06-12T19:00:00,1287.5,AUDIT_DONE
2587,36104,2023-10-12T18:00:00,ID_RENEWAL,12,135,passed,2023-12-02T18:00:00,32.18,
2588,32032,2023-01-21T01:00:00,ID_RENEWAL,4,111,passed,2023-03-13T01:00:00,4.19,
2589,81299,2023-03-05T00:00:00,BUSINESS_PERMIT,6,51,flagged,2023-03-24T00:00:00,1447.09,AUDIT_DONE
2590,45409,2023-07-13T03:00:00,TAX_CERT,1,83,passed,2023-07-31T03:00:00,65.33,
2591,64778,2023-08-29T17:00:00,BIRTH_CERT,12,1,rejected,2023-09-15T17:00:00,27.66,AUDIT_DONE
2592,66648,2023-06-25T21:00:00,TAX_CERT,10,157,passed,2023-08-05T21:00:00,90.22,
2593,75745,2024-04-13T13:00:00,BIRTH_CERT,4,59,passed,2024-05-03T13:00:00,111.16,
2594,20918,2024-01-30T21:00:00,BIRTH_CERT,4,55,flagged,2024-03-24T21:00:00,1289.01,AUDIT_DONE
2595,62755,2023-12-11T20:00:00,TAX_CERT,2,162,rejected,2024-02-04T20:00:00,45.65,AUDIT_DONE
2596,24242,2024-02-12T14:00:00,ID_RENEWAL,2,64,passed,2024-04-08T14:00:00,60.94,
2597,89793,2023-03-18T06:00:00,TAX_CERT,3,170,passed,2023-04-08T06:00:00,31.37,
2598,70435,2023-04-12T21:00:00,BIRTH_CERT,9,131,flagged,2023-04-30T21:00:00,1068.57,AUDIT_DONE
2599,12593,2023-03-06T16:00:00,BUSINESS_PERMIT,8,84,flagged,2023-04-26T16:00:00,1717.1,AUDIT_DONE
2600,58527,2024-05-08T15:00:00,BIRTH_CERT,7,25,passed,2024-06-24T15:00:00,84.5,
2601,44917,2023-06-21T00:00:00,TAX_CERT,11,138,passed,2023-08-19T00:00:00,171.26,
2602,70377,2023-03-18T19:00:00,BIRTH_CERT,3,120,passed,2023-04-01T19:00:00,191.3,
2603,80912,2023-04-24T11:00:00,FAMILY_STATUS,10,108,passed,2023-05-16T11:00:00,106.65,
2604,29749,2023-12-25T21:00:00,BUSINESS_PERMIT,8,46,flagged,2024-02-15T21:00:00,819.96,AUDIT_DONE
2605,56386,2024-01-21T11:00:00,BIRTH_CERT,12,103,passed,2024-03-07T11:00:00,152.74,
2606,84121,2023-04-07T04:00:00,TAX_CERT,6,115,passed,2023-05-21T04:00:00,123.35,
2607,11183,2023-12-18T10:00:00,BUSINESS_PERMIT,4,155,passed,2024-02-03T10:00:00,87.03,
2608,28706,2023-11-02T04:00:00,BIRTH_CERT,10,156,passed,2023-12-09T04:00:00,53.62,
2609,61951,2024-02-26T13:00:00,BUSINESS_PERMIT,10,78,passed,2024-04-12T13:00:00,87.57,
2610,99091,2023-01-23T17:00:00,BUSINESS_PERMIT,1,142,flagged,2023-03-14T17:00:00,1348.74,AUDIT_DONE
2611,46149,2023-09-19T17:00:00,ID_RENEWAL,6,176,passed,2023-10-21T17:00:00,114.2,
2612,41789,2024-06-05T06:00:00,FAMILY_STATUS,10,130,flagged,2024-07-11T06:00:00,935.05,AUDIT_DONE
2613,79889,2024-04-14T16:00:00,ID_RENEWAL,11,88,passed,2024-05-25T16:00:00,146.62,
2614,89289,2024-01-25T09:00:00,TAX_CERT,10,137,passed,2024-02-01T09:00:00,58.0,
2615,31499,2024-06-11T12:00:00,BUSINESS_PERMIT,1,84,rejected,2024-06-20T12:00:00,5.91,AUDIT_DONE
2616,12369,2023-05-23T14:00:00,BIRTH_CERT,1,102,passed,2023-06-02T14:00:00,110.58,
2617,10071,2023-07-03T08:00:00,BIRTH_CERT,9,65,passed,2023-07-24T08:00:00,20.87,
2618,82229,2023-07-14T21:00:00,TAX_CERT,1,85,passed,2023-08-24T21:00:00,133.35,
2619,11909,2024-04-30T08:00:00,TAX_CERT,12,28,passed,2024-05-22T08:00:00,83.2,
2620,61167,2024-04-02T11:00:00,BUSINESS_PERMIT,1,13,passed,2024-05-01T11:00:00,9.18,
2621,60777,2023-04-15T18:00:00,FAMILY_STATUS,10,92,passed,2023-05-14T18:00:00,3.46,
2622,97158,2023-04-10T17:00:00,FAMILY_STATUS,5,145,passed,2023-05-21T17:00:00,87.65,
2623,12556,2024-03-18T14:00:00,ID_RENEWAL,10,14,passed,2024-05-10T14:00:00,95.97,
2624,36744,2024-04-28T05:00:00,BUSINESS_PERMIT,7,165,flagged,2024-06-14T05:00:00,837.48,AUDIT_DONE
2625,43038,2024-01-17T22:00:00,TAX_CERT,2,13,passed,2024-02-12T22:00:00,183.79,
2626,62542,2023-02-14T12:00:00,FAMILY_STATUS,8,71,passed,2023-03-28T12:00:00,190.94,
2627,52415,2023-06-18T09:00:00,FAMILY_STATUS,1,97,passed,2023-07-02T09:00:00,155.62,
2628,33697,2024-03-22T15:00:00,ID_RENEWAL,3,81,rejected,2024-04-09T15:00:00,38.41,AUDIT_DONE
2629,67616,2023-01-09T10:00:00,ID_RENEWAL,4,56,rejected,2023-02-03T10:00:00,32.38,AUDIT_DONE
2630,99749,2023-09-22T15:00:00,FAMILY_STATUS,5,123,rejected,2023-10-17T15:00:00,15.18,AUDIT_DONE
2631,40377,2024-01-17T19:00:00,BIRTH_CERT,4,154,passed,2024-03-16T19:00:00,34.14,
2632,53649,2023-08-19T10:00:00,FAMILY_STATUS,1,126,flagged,2023-09-13T10:00:00,1963.34,AUDIT_DONE
2633,10435,2023-08-12T03:00:00,TAX_CERT,3,180,flagged,2023-08-22T03:00:00,1879.36,AUDIT_DONE
2634,71905,2024-02-08T04:00:00,TAX_CERT,11,48,rejected,2024-02-19T04:00:00,46.53,AUDIT_DONE
2635,94218,2023-05-27T20:00:00,BIRTH_CERT,8,127,passed,2023-07-07T20:00:00,154.48,
2636,52562,2023-09-10T19:00:00,TAX_CERT,6,143,passed,2023-10-22T19:00:00,135.02,
2637,50976,2023-07-05T18:00:00,ID_RENEWAL,11,79,passed,2023-07-20T18:00:00,168.34,
2638,18724,2024-02-20T03:00:00,ID_RENEWAL,9,84,passed,2024-03-26T03:00:00,122.99,
2639,43859,2023-12-11T01:00:00,BUSINESS_PERMIT,9,164,passed,2023-12-23T01:00:00,61.7,
2640,56743,2024-04-10T09:00:00,TAX_CERT,5,121,passed,2024-04-30T09:00:00,73.22,
2641,25608,2023-11-01T14:00:00,FAMILY_STATUS,9,76,passed,2023-12-07T14:00:00,157.89,
2642,36630,2023-11-04T22:00:00,ID_RENEWAL,10,118,passed,2023-12-19T22:00:00,57.88,
2643,79448,2023-12-08T07:00:00,TAX_CERT,8,131,passed,2023-12-22T07:00:00,44.45,
2644,88757,2024-03-07T02:00:00,TAX_CERT,2,177,passed,2024-04-16T02:00:00,165.1,
2645,82983,2024-03-13T01:00:00,ID_RENEWAL,9,122,passed,2024-05-10T01:00:00,177.92,
2646,82725,2023-12-28T05:00:00,BUSINESS_PERMIT,8,140,passed,2024-02-25T05:00:00,1.93,
2647,50072,2023-07-08T10:00:00,BUSINESS_PERMIT,11,17,passed,2023-08-28T10:00:00,24.45,
2648,77090,2023-12-01T21:00:00,ID_RENEWAL,4,84,flagged,2024-01-28T21:00:00,1379.16,AUDIT_DONE
2649,48343,2023-04-14T16:00:00,FAMILY_STATUS,10,28,passed,2023-05-03T16:00:00,137.11,
2650,87658,2024-01-26T15:00:00,BUSINESS_PERMIT,2,123,passed,2024-02-12T15:00:00,75.78,
2651,85443,2023-03-08T09:00:00,FAMILY_STATUS,4,54,flagged,2023-04-22T09:00:00,963.86,AUDIT_DONE
2652,87010,2024-01-21T20:00:00,BIRTH_CERT,7,68,rejected,2024-03-07T20:00:00,17.07,AUDIT_DONE
2653,72874,2023-01-30T22:00:00,TAX_CERT,1,29,passed,2023-02-27T22:00:00,119.12,
2654,21139,2023-01-18T17:00:00,BIRTH_CERT,4,176,flagged,2023-03-11T17:00:00,996.47,AUDIT_DONE
2655,61100,2024-02-24T21:00:00,FAMILY_STATUS,9,75,rejected,2024-03-20T21:00:00,8.51,AUDIT_DONE
2656,90618,2024-06-10T16:00:00,BUSINESS_PERMIT,5,159,flagged,2024-07-29T16:00:00,1881.13,AUDIT_DONE
2657,74261,2024-01-15T14:00:00,FAMILY_STATUS,3,144,rejected,2024-03-11T14:00:00,18.55,AUDIT_DONE
2658,33481,2023-12-23T16:00:00,TAX_CERT,3,133,flagged,2024-01-02T16:00:00,1811.1,AUDIT_DONE
2659,96844,2023-03-15T14:00:00,ID_RENEWAL,12,150,passed,2023-05-03T14:00:00,107.76,
2660,20741,2023-05-21T09:00:00,BUSINESS_PERMIT,9,139,passed,2023-06-25T09:00:00,121.69,
2661,22960,2023-01-15T10:00:00,FAMILY_STATUS,10,136,passed,2023-02-12T10:00:00,193.1,
2662,23737,2023-07-31T13:00:00,ID_RENEWAL,8,41,passed,2023-09-09T13:00:00,78.24,
2663,66939,2023-07-06T23:00:00,BIRTH_CERT,4,164,passed,2023-08-03T23:00:00,105.63,
2664,80617,2023-04-27T02:00:00,ID_RENEWAL,10,63,passed,2023-06-26T02:00:00,197.17,
2665,90897,2023-10-09T10:00:00,BIRTH_CERT,10,3,flagged,2023-12-05T10:00:00,827.2,AUDIT_DONE
2666,83436,2023-06-20T03:00:00,BUSINESS_PERMIT,8,120,passed,2023-07-06T03:00:00,74.08,
2667,96113,2024-03-09T18:00:00,FAMILY_STATUS,4,57,flagged,2024-04-25T18:00:00,1248.4,AUDIT_DONE
2668,97678,2024-05-31T17:00:00,FAMILY_STATUS,1,119,rejected,2024-07-30T17:00:00,0.59,AUDIT_DONE
2669,85454,2023-07-19T04:00:00,TAX_CERT,11,102,passed,2023-08-02T04:00:00,148.88,
2670,50288,2023-03-23T00:00:00,TAX_CERT,4,137,passed,2023-04-29T00:00:00,114.7,
2671,79614,2023-11-19T11:00:00,FAMILY_STATUS,2,63,flagged,2023-11-29T11:00:00,850.72,AUDIT_DONE
2672,49234,2023-04-14T16:00:00,TAX_CERT,12,32,passed,2023-04-29T16:00:00,65.55,
2673,79590,2024-04-17T06:00:00,BUSINESS_PERMIT,7,18,rejected,2024-06-13T06:00:00,46.63,AUDIT_DONE
2674,55702,2023-07-30T12:00:00,BIRTH_CERT,7,36,rejected,2023-09-19T12:00:00,3.94,AUDIT_DONE
2675,10932,2024-02-15T18:00:00,FAMILY_STATUS,4,54,passed,2024-02-25T18:00:00,159.7,
2676,42284,2023-11-26T13:00:00,ID_RENEWAL,2,94,passed,2024-01-14T13:00:00,58.38,
2677,55444,2023-12-09T12:00:00,ID_RENEWAL,7,62,passed,2024-01-07T12:00:00,113.62,
2678,96510,2023-04-14T12:00:00,TAX_CERT,5,64,passed,2023-04-23T12:00:00,135.77,
2679,81395,2024-06-04T07:00:00,BIRTH_CERT,8,125,passed,2024-06-21T07:00:00,5.63,
2680,33211,2024-03-07T20:00:00,BIRTH_CERT,7,105,passed,2024-04-01T20:00:00,182.82,
2681,20032,2023-03-26T12:00:00,ID_RENEWAL,5,66,passed,2023-04-28T12:00:00,140.96,
2682,53877,2023-04-18T19:00:00,BIRTH_CERT,12,119,rejected,2023-05-08T19:00:00,16.17,AUDIT_DONE
2683,34760,2023-11-03T13:00:00,BIRTH_CERT,5,11,rejected,2023-11-12T13:00:00,48.17,AUDIT_DONE
2684,37332,2023-01-02T04:00:00,BUSINESS_PERMIT,8,55,passed,2023-02-04T04:00:00,28.54,
2685,25212,2023-05-18T16:00:00,BIRTH_CERT,2,68,passed,2023-06-23T16:00:00,135.29,
2686,15885,2023-08-24T18:00:00,BUSINESS_PERMIT,6,55,rejected,2023-10-06T18:00:00,28.77,AUDIT_DONE
2687,92142,2024-05-22T12:00:00,ID_RENEWAL,5,178,flagged,2024-07-06T12:00:00,1900.93,AUDIT_DONE
2688,76734,2023-06-27T05:00:00,BUSINESS_PERMIT,9,138,flagged,2023-08-12T05:00:00,1133.86,AUDIT_DONE
2689,53076,2023-10-04T10:00:00,BIRTH_CERT,6,29,flagged,2023-12-03T10:00:00,1084.56,AUDIT_DONE
2690,94122,2024-04-09T04:00:00,BUSINESS_PERMIT,8,32,passed,2024-04-17T04:00:00,177.65,
2691,36620,2023-05-03T03:00:00,FAMILY_STATUS,7,70,flagged,2023-05-12T03:00:00,1718.8,AUDIT_DONE
2692,81876,2023-08-02T18:00:00,BUSINESS_PERMIT,9,134,rejected,2023-08-22T18:00:00,25.36,AUDIT_DONE
2693,38108,2024-03-29T20:00:00,BUSINESS_PERMIT,12,92,rejected,2024-04-19T20:00:00,11.12,AUDIT_DONE
2694,11104,2023-10-18T15:00:00,BIRTH_CERT,8,4,flagged,2023-12-09T15:00:00,913.15,AUDIT_DONE
2695,13039,2023-01-13T19:00:00,TAX_CERT,2,90,passed,2023-02-15T19:00:00,165.18,
2696,44336,2023-05-11T12:00:00,ID_RENEWAL,3,90,passed,2023-05-20T12:00:00,33.37,
2697,70532,2023-06-24T07:00:00,TAX_CERT,2,157,passed,2023-07-29T07:00:00,130.47,
2698,87537,2023-01-08T08:00:00,FAMILY_STATUS,5,17,passed,2023-02-15T08:00:00,141.46,
2699,82199,2023-04-13T18:00:00,ID_RENEWAL,4,41,passed,2023-05-05T18:00:00,199.57,
2700,28900,2023-03-02T19:00:00,FAMILY_STATUS,8,158,passed,2023-03-18T19:00:00,190.95,
2701,85279,2024-04-21T00:00:00,BUSINESS_PERMIT,10,143,passed,2024-05-14T00:00:00,148.88,
2702,28894,2023-07-29T05:00:00,TAX_CERT,3,96,passed,2023-08-24T05:00:00,99.2,
2703,23065,2023-10-24T00:00:00,ID_RENEWAL,5,178,passed,2023-11-26T00:00:00,42.8,
2704,60001,2023-02-22T01:00:00,TAX_CERT,4,79,passed,2023-04-14T01:00:00,86.32,
2705,32260,2023-02-21T15:00:00,ID_RENEWAL,1,39,passed,2023-04-10T15:00:00,89.73,
2706,64277,2023-06-05T01:00:00,TAX_CERT,1,153,passed,2023-07-07T01:00:00,158.48,
2707,11307,2023-03-13T18:00:00,FAMILY_STATUS,6,51,passed,2023-03-21T18:00:00,108.74,
2708,27899,2024-04-21T15:00:00,FAMILY_STATUS,10,81,passed,2024-05-13T15:00:00,19.16,
2709,14536,2023-01-13T00:00:00,BUSINESS_PERMIT,8,56,passed,2023-03-09T00:00:00,17.9,
2710,15407,2023-06-25T05:00:00,BIRTH_CERT,2,28,passed,2023-08-07T05:00:00,162.6,
2711,43277,2024-04-28T02:00:00,FAMILY_STATUS,11,100,passed,2024-05-06T02:00:00,37.13,
2712,81717,2023-10-14T23:00:00,ID_RENEWAL,7,29,rejected,2023-10-31T23:00:00,5.55,AUDIT_DONE
2713,39567,2024-04-30T00:00:00,FAMILY_STATUS,8,66,passed,2024-05-16T00:00:00,81.41,
2714,28883,2023-10-28T04:00:00,FAMILY_STATUS,3,93,passed,2023-11-04T04:00:00,129.59,
2715,97073,2023-07-05T06:00:00,ID_RENEWAL,10,70,flagged,2023-08-27T06:00:00,970.3,AUDIT_DONE
2716,59260,2023-10-06T09:00:00,BIRTH_CERT,12,115,flagged,2023-10-24T09:00:00,1369.35,AUDIT_DONE
2717,22369,2023-01-24T06:00:00,TAX_CERT,11,47,passed,2023-02-20T06:00:00,125.1,
2718,83032,2023-05-14T15:00:00,ID_RENEWAL,7,21,passed,2023-06-09T15:00:00,120.54,
2719,60104,2023-05-18T08:00:00,ID_RENEWAL,6,178,passed,2023-06-01T08:00:00,108.01,
2720,86210,2023-05-15T03:00:00,ID_RENEWAL,2,148,passed,2023-06-25T03:00:00,63.93,
2721,89514,2023-06-24T13:00:00,BIRTH_CERT,9,104,rejected,2023-08-16T13:00:00,35.16,AUDIT_DONE
2722,98403,2024-02-28T08:00:00,BUSINESS_PERMIT,8,143,passed,2024-04-07T08:00:00,175.76,
2723,78880,2023-05-10T06:00:00,FAMILY_STATUS,8,98,rejected,2023-06-18T06:00:00,45.39,AUDIT_DONE
2724,96160,2023-11-16T14:00:00,BIRTH_CERT,5,7,passed,2024-01-14T14:00:00,46.14,
2725,27121,2023-04-01T18:00:00,ID_RENEWAL,2,147,passed,2023-05-14T18:00:00,58.32,
2726,79348,2024-03-23T09:00:00,TAX_CERT,1,13,passed,2024-05-17T09:00:00,147.4,
2727,40207,2024-02-07T19:00:00,FAMILY_STATUS,12,161,passed,2024-03-05T19:00:00,39.48,
2728,30672,2023-10-03T16:00:00,ID_RENEWAL,7,70,passed,2023-11-11T16:00:00,190.12,
2729,11275,2023-08-18T18:00:00,TAX_CERT,9,106,passed,2023-09-03T18:00:00,86.34,
2730,57091,2023-03-09T05:00:00,FAMILY_STATUS,4,126,passed,2023-03-16T05:00:00,148.51,
2731,59401,2023-01-02T06:00:00,TAX_CERT,4,1,passed,2023-02-11T06:00:00,3.63,
2732,10632,2023-10-26T23:00:00,ID_RENEWAL,12,104,passed,2023-12-11T23:00:00,118.75,
2733,63240,2024-06-12T16:00:00,ID_RENEWAL,10,146,rejected,2024-06-26T16:00:00,6.07,AUDIT_DONE
2734,40814,2023-01-24T18:00:00,TAX_CERT,2,99,passed,2023-02-09T18:00:00,148.28,
2735,70270,2024-05-21T06:00:00,BIRTH_CERT,8,149,passed,2024-07-03T06:00:00,189.01,
2736,20774,2023-02-15T12:00:00,BIRTH_CERT,1,139,flagged,2023-03-28T12:00:00,1204.21,AUDIT_DONE
2737,87265,2024-03-11T15:00:00,BIRTH_CERT,5,100,passed,2024-04-25T15:00:00,10.13,
2738,42023,2023-10-11T21:00:00,BUSINESS_PERMIT,4,64,passed,2023-12-03T21:00:00,178.06,
2739,94641,2023-03-26T03:00:00,FAMILY_STATUS,9,22,passed,2023-05-07T03:00:00,132.43,
2740,29671,2023-09-23T10:00:00,ID_RENEWAL,9,37,flagged,2023-10-19T10:00:00,1955.42,AUDIT_DONE
2741,41348,2023-07-13T20:00:00,FAMILY_STATUS,5,171,passed,2023-08-09T20:00:00,72.6,
2742,88280,2024-02-27T13:00:00,FAMILY_STATUS,1,115,passed,2024-04-12T13:00:00,188.69,
2743,17034,2023-10-18T18:00:00,ID_RENEWAL,12,70,flagged,2023-11-03T18:00:00,1318.33,AUDIT_DONE
2744,28255,2023-03-01T17:00:00,BIRTH_CERT,3,69,flagged,2023-04-28T17:00:00,1665.22,AUDIT_DONE
2745,68554,2023-04-04T22:00:00,BIRTH_CERT,9,39,rejected,2023-05-13T22:00:00,32.63,AUDIT_DONE
2746,19178,2023-10-23T00:00:00,BUSINESS_PERMIT,3,101,passed,2023-12-01T00:00:00,106.18,
2747,93515,2023-09-26T22:00:00,TAX_CERT,6,35,passed,2023-10-25T22:00:00,157.93,
2748,48621,2024-02-26T09:00:00,ID_RENEWAL,3,57,passed,2024-03-04T09:00:00,90.89,
2749,24048,2023-06-13T19:00:00,BIRTH_CERT,2,144,rejected,2023-07-11T19:00:00,27.58,AUDIT_DONE
2750,55344,2023-04-29T21:00:00,BIRTH_CERT,7,18,passed,2023-05-26T21:00:00,157.26,
2751,88854,2023-01-19T09:00:00,TAX_CERT,11,102,passed,2023-02-24T09:00:00,6.34,
2752,83604,2023-08-13T01:00:00,TAX_CERT,5,110,passed,2023-08-28T01:00:00,10.76,
2753,33039,2024-06-18T04:00:00,TAX_CERT,8,23,passed,2024-08-11T04:00:00,144.68,
2754,13848,2023-05-11T18:00:00,FAMILY_STATUS,12,161,passed,2023-05-26T18:00:00,70.17,
2755,43888,2024-01-19T00:00:00,FAMILY_STATUS,8,110,passed,2024-03-18T00:00:00,65.02,
2756,64914,2024-01-26T23:00:00,TAX_CERT,1,79,passed,2024-03-01T23:00:00,178.77,
2757,57965,2023-11-04T12:00:00,BUSINESS_PERMIT,1,28,passed,2023-11-11T12:00:00,66.58,
2758,83181,2023-07-29T23:00:00,BUSINESS_PERMIT,5,126,flagged,2023-08-27T23:00:00,1111.37,AUDIT_DONE
2759,23311,2023-03-27T15:00:00,TAX_CERT,7,137,passed,2023-05-21T15:00:00,188.04,
2760,64828,2024-04-14T21:00:00,BUSINESS_PERMIT,3,101,passed,2024-05-16T21:00:00,0.76,
2761,91448,2023-12-26T22:00:00,BUSINESS_PERMIT,7,40,flagged,2024-01-06T22:00:00,1131.27,AUDIT_DONE
2762,48463,2024-02-23T17:00:00,BUSINESS_PERMIT,8,131,flagged,2024-04-09T17:00:00,1123.47,AUDIT_DONE
2763,11971,2024-04-23T02:00:00,ID_RENEWAL,11,41,passed,2024-05-23T02:00:00,127.82,
2764,29080,2024-02-27T03:00:00,TAX_CERT,9,78,passed,2024-03-24T03:00:00,96.67,
2765,59598,2023-08-29T10:00:00,BIRTH_CERT,5,54,passed,2023-10-01T10:00:00,61.45,
2766,43132,2023-06-06T03:00:00,BIRTH_CERT,3,23,passed,2023-08-05T03:00:00,127.44,
2767,96497,2023-12-31T05:00:00,FAMILY_STATUS,6,66,passed,2024-02-01T05:00:00,34.41,
2768,35633,2023-10-17T20:00:00,BIRTH_CERT,2,32,passed,2023-11-24T20:00:00,142.05,
2769,40605,2023-03-24T16:00:00,FAMILY_STATUS,3,119,passed,2023-04-27T16:00:00,171.43,
2770,33431,2023-08-19T10:00:00,ID_RENEWAL,11,151,flagged,2023-09-27T10:00:00,1400.53,AUDIT_DONE
2771,63104,2024-06-24T16:00:00,FAMILY_STATUS,5,151,flagged,2024-07-26T16:00:00,1444.21,AUDIT_DONE
2772,58636,2023-01-19T11:00:00,FAMILY_STATUS,2,26,rejected,2023-02-05T11:00:00,9.09,AUDIT_DONE
2773,13841,2023-07-20T21:00:00,ID_RENEWAL,12,72,passed,2023-08-11T21:00:00,145.24,
2774,41420,2024-02-16T01:00:00,BUSINESS_PERMIT,5,157,flagged,2024-02-23T01:00:00,1433.47,AUDIT_DONE
2775,36559,2023-05-26T03:00:00,TAX_CERT,12,165,flagged,2023-06-05T03:00:00,1262.06,AUDIT_DONE
2776,91644,2023-03-05T22:00:00,BIRTH_CERT,4,27,passed,2023-04-18T22:00:00,110.15,
2777,72238,2023-02-20T02:00:00,ID_RENEWAL,2,71,passed,2023-03-18T02:00:00,2.64,
2778,95489,2023-09-04T03:00:00,BIRTH_CERT,12,128,flagged,2023-10-10T03:00:00,1507.63,AUDIT_DONE
2779,56501,2024-02-29T01:00:00,BIRTH_CERT,12,27,flagged,2024-03-16T01:00:00,1709.2,AUDIT_DONE
2780,71165,2023-02-22T23:00:00,BIRTH_CERT,9,67,passed,2023-04-10T23:00:00,129.6,
2781,54659,2023-12-03T11:00:00,TAX_CERT,1,161,passed,2024-01-07T11:00:00,41.21,
2782,79269,2023-12-12T16:00:00,BUSINESS_PERMIT,3,31,passed,2024-01-23T16:00:00,184.52,
2783,17371,2024-06-19T23:00:00,TAX_CERT,1,121,passed,2024-08-13T23:00:00,93.6,
2784,24557,2024-04-24T03:00:00,BIRTH_CERT,7,28,passed,2024-06-02T03:00:00,110.5,
2785,93065,2024-04-26T04:00:00,BUSINESS_PERMIT,3,52,passed,2024-06-09T04:00:00,175.82,
2786,39712,2023-09-15T15:00:00,ID_RENEWAL,8,31,passed,2023-11-14T15:00:00,97.03,
2787,47590,2024-04-03T13:00:00,BIRTH_CERT,9,28,flagged,2024-05-31T13:00:00,808.37,AUDIT_DONE
2788,14125,2023-01-16T21:00:00,ID_RENEWAL,12,141,passed,2023-02-24T21:00:00,70.38,
2789,27688,2023-06-23T20:00:00,TAX_CERT,5,172,flagged,2023-08-18T20:00:00,1032.99,AUDIT_DONE
2790,88966,2024-02-09T05:00:00,BUSINESS_PERMIT,3,32,passed,2024-03-11T05:00:00,7.61,
2791,67997,2023-12-27T14:00:00,FAMILY_STATUS,5,102,passed,2024-02-23T14:00:00,3.98,
2792,28617,2023-03-09T13:00:00,ID_RENEWAL,10,177,passed,2023-04-08T13:00:00,115.61,
2793,29030,2023-11-26T01:00:00,BUSINESS_PERMIT,12,30,flagged,2024-01-24T01:00:00,1873.58,AUDIT_DONE
2794,95036,2023-03-16T00:00:00,BIRTH_CERT,8,3,passed,2023-05-14T00:00:00,72.8,
2795,80542,2023-09-22T05:00:00,TAX_CERT,5,55,flagged,2023-11-07T05:00:00,1633.81,AUDIT_DONE
2796,49508,2023-05-21T09:00:00,ID_RENEWAL,9,75,passed,2023-05-28T09:00:00,44.08,
2797,23229,2024-03-11T19:00:00,FAMILY_STATUS,2,4,passed,2024-03-27T19:00:00,45.73,
2798,48115,2023-03-14T12:00:00,BUSINESS_PERMIT,8,94,flagged,2023-04-14T12:00:00,1657.17,AUDIT_DONE
2799,21890,2023-09-08T07:00:00,ID_RENEWAL,11,158,flagged,2023-10-20T07:00:00,1079.21,AUDIT_DONE
2800,65130,2023-01-04T10:00:00,FAMILY_STATUS,1,31,flagged,2023-02-11T10:00:00,1131.36,AUDIT_DONE
2801,51950,2023-06-09T15:00:00,BUSINESS_PERMIT,9,150,flagged,2023-06-23T15:00:00,1826.63,AUDIT_DONE
2802,27932,2023-09-10T17:00:00,BIRTH_CERT,6,83,flagged,2023-09-24T17:00:00,1897.27,AUDIT_DONE
2803,58773,2023-03-20T14:00:00,BIRTH_CERT,8,85,flagged,2023-05-03T14:00:00,960.78,AUDIT_DONE
2804,15978,2024-05-24T16:00:00,BIRTH_CERT,2,88,passed,2024-07-10T16:00:00,30.95,
2805,67033,2024-04-17T05:00:00,FAMILY_STATUS,4,99,passed,2024-05-12T05:00:00,59.13,
2806,23336,2023-10-14T13:00:00,ID_RENEWAL,8,120,passed,2023-11-18T13:00:00,71.62,
2807,44547,2024-04-16T06:00:00,BUSINESS_PERMIT,1,129,passed,2024-06-13T06:00:00,72.33,
2808,39919,2023-08-24T15:00:00,BIRTH_CERT,11,16,passed,2023-09-19T15:00:00,97.34,
2809,52508,2023-01-17T05:00:00,BUSINESS_PERMIT,8,76,flagged,2023-02-25T05:00:00,1808.64,AUDIT_DONE
2810,61698,2023-07-05T12:00:00,BIRTH_CERT,1,42,passed,2023-08-30T12:00:00,66.47,
2811,68811,2024-02-17T04:00:00,BUSINESS_PERMIT,8,48,passed,2024-02-26T04:00:00,166.78,
2812,37115,2024-03-14T08:00:00,TAX_CERT,3,3,passed,2024-05-03T08:00:00,178.47,
2813,62545,2024-05-04T02:00:00,BUSINESS_PERMIT,12,53,rejected,2024-06-15T02:00:00,10.41,AUDIT_DONE
2814,66523,2024-03-03T22:00:00,BIRTH_CERT,3,92,passed,2024-04-12T22:00:00,43.58,
2815,44504,2024-05-01T19:00:00,BIRTH_CERT,1,105,flagged,2024-06-28T19:00:00,1632.9,AUDIT_DONE
2816,58564,2024-06-19T12:00:00,TAX_CERT,10,174,passed,2024-07-17T12:00:00,11.51,
2817,28977,2023-09-23T00:00:00,BUSINESS_PERMIT,6,7,passed,2023-11-07T00:00:00,188.72,
2818,66238,2023-07-24T18:00:00,FAMILY_STATUS,7,22,rejected,2023-08-28T18:00:00,16.37,AUDIT_DONE
2819,17572,2023-01-10T10:00:00,BUSINESS_PERMIT,4,175,passed,2023-02-14T10:00:00,64.33,
2820,67191,2024-05-27T19:00:00,ID_RENEWAL,8,128,flagged,2024-06-13T19:00:00,1213.11,AUDIT_DONE
2821,62748,2023-01-29T07:00:00,TAX_CERT,9,67,passed,2023-02-18T07:00:00,36.19,
2822,29297,2024-04-11T23:00:00,BUSINESS_PERMIT,4,47,passed,2024-05-29T23:00:00,35.21,
2823,65827,2023-04-16T03:00:00,BIRTH_CERT,2,119,flagged,2023-05-24T03:00:00,1581.5,AUDIT_DONE
2824,90843,2023-05-04T15:00:00,BIRTH_CERT,2,109,passed,2023-05-21T15:00:00,155.89,
2825,40499,2024-01-16T03:00:00,ID_RENEWAL,5,69,flagged,2024-02-27T03:00:00,1284.98,AUDIT_DONE
2826,33484,2024-01-19T05:00:00,TAX_CERT,2,109,rejected,2024-03-03T05:00:00,0.39,AUDIT_DONE
2827,82036,2023-01-31T05:00:00,ID_RENEWAL,12,106,rejected,2023-03-29T05:00:00,49.2,AUDIT_DONE
2828,17936,2023-04-08T08:00:00,BUSINESS_PERMIT,3,174,passed,2023-04-19T08:00:00,99.09,
2829,20536,2023-01-26T02:00:00,BUSINESS_PERMIT,8,119,flagged,2023-02-15T02:00:00,1711.37,AUDIT_DONE
2830,86454,2023-07-18T14:00:00,TAX_CERT,1,88,passed,2023-08-12T14:00:00,188.27,
2831,85703,2023-08-02T05:00:00,TAX_CERT,7,118,passed,2023-09-02T05:00:00,183.36,
2832,82772,2023-04-26T14:00:00,ID_RENEWAL,3,145,passed,2023-05-18T14:00:00,88.72,
2833,30483,2023-08-16T18:00:00,FAMILY_STATUS,1,102,flagged,2023-08-26T18:00:00,1190.12,AUDIT_DONE
2834,70557,2023-11-29T03:00:00,TAX_CERT,12,155,passed,2023-12-14T03:00:00,120.94,
2835,60805,2024-05-20T05:00:00,TAX_CERT,9,23,passed,2024-07-18T05:00:00,114.52,
2836,17798,2023-12-23T20:00:00,TAX_CERT,1,77,rejected,2024-01-26T20:00:00,28.16,AUDIT_DONE
2837,69456,2024-03-16T22:00:00,TAX_CERT,7,116,passed,2024-04-02T22:00:00,66.23,
2838,86858,2023-11-08T11:00:00,FAMILY_STATUS,4,151,passed,2023-12-25T11:00:00,124.69,
2839,10365,2023-01-24T14:00:00,BUSINESS_PERMIT,12,1,passed,2023-02-19T14:00:00,109.23,
2840,23537,2024-05-22T11:00:00,BIRTH_CERT,7,6,passed,2024-07-10T11:00:00,109.13,
2841,49228,2023-06-25T19:00:00,TAX_CERT,1,43,passed,2023-07-25T19:00:00,15.55,
2842,32721,2023-02-03T08:00:00,TAX_CERT,5,139,passed,2023-02-24T08:00:00,6.92,
2843,56860,2023-12-23T06:00:00,ID_RENEWAL,4,53,passed,2024-01-14T06:00:00,191.48,
2844,24879,2023-02-11T04:00:00,BIRTH_CERT,6,167,flagged,2023-02-21T04:00:00,1212.86,AUDIT_DONE
2845,39627,2023-08-20T10:00:00,BUSINESS_PERMIT,5,85,flagged,2023-08-29T10:00:00,1619.54,AUDIT_DONE
2846,42191,2024-05-31T17:00:00,TAX_CERT,9,73,passed,2024-06-19T17:00:00,41.63,
2847,10949,2023-06-16T09:00:00,BIRTH_CERT,4,101,rejected,2023-07-01T09:00:00,29.6,AUDIT_DONE
2848,45319,2023-01-28T11:00:00,FAMILY_STATUS,10,138,rejected,2023-02-12T11:00:00,11.52,AUDIT_DONE
2849,61487,2023-04-03T05:00:00,FAMILY_STATUS,10,15,passed,2023-05-18T05:00:00,66.67,
2850,19863,2023-05-18T01:00:00,BUSINESS_PERMIT,2,37,passed,2023-06-06T01:00:00,99.28,
2851,60322,2024-04-15T09:00:00,TAX_CERT,10,96,passed,2024-04-22T09:00:00,13.11,
2852,22817,2023-10-02T20:00:00,BIRTH_CERT,2,145,passed,2023-11-17T20:00:00,89.63,
2853,58808,2023-05-16T05:00:00,TAX_CERT,7,115,passed,2023-06-22T05:00:00,45.82,
2854,92517,2024-02-15T04:00:00,BUSINESS_PERMIT,7,71,passed,2024-03-25T04:00:00,30.23,
2855,25789,2023-09-15T12:00:00,BUSINESS_PERMIT,2,37,flagged,2023-10-19T12:00:00,1868.43,AUDIT_DONE
2856,45203,2023-08-23T00:00:00,FAMILY_STATUS,1,147,passed,2023-10-03T00:00:00,131.97,
2857,40182,2023-05-21T08:00:00,FAMILY_STATUS,1,49,passed,2023-06-19T08:00:00,21.18,
2858,23155,2023-12-30T00:00:00,BIRTH_CERT,6,25,passed,2024-01-14T00:00:00,143.96,
2859,73584,2023-04-18T09:00:00,BIRTH_CERT,4,171,flagged,2023-05-23T09:00:00,1420.91,AUDIT_DONE
2860,42941,2024-04-17T20:00:00,TAX_CERT,3,67,passed,2024-05-17T20:00:00,194.76,
2861,98526,2023-06-07T02:00:00,FAMILY_STATUS,9,140,passed,2023-07-24T02:00:00,163.73,
2862,15432,2023-04-23T18:00:00,BUSINESS_PERMIT,3,2,passed,2023-05-31T18:00:00,108.55,
2863,32302,2024-05-19T20:00:00,BIRTH_CERT,7,148,passed,2024-06-10T20:00:00,41.79,
2864,54602,2024-03-16T11:00:00,BUSINESS_PERMIT,2,92,flagged,2024-04-02T11:00:00,1931.31,AUDIT_DONE
2865,57091,2023-10-24T13:00:00,BIRTH_CERT,5,15,flagged,2023-12-02T13:00:00,1200.25,AUDIT_DONE
2866,72629,2023-07-16T23:00:00,TAX_CERT,9,44,rejected,2023-08-19T23:00:00,16.03,AUDIT_DONE
2867,86611,2024-02-19T05:00:00,TAX_CERT,1,131,passed,2024-04-08T05:00:00,96.45,
2868,86756,2024-01-07T09:00:00,BUSINESS_PERMIT,4,164,flagged,2024-01-19T09:00:00,1684.54,AUDIT_DONE
2869,23931,2023-06-22T17:00:00,BIRTH_CERT,3,45,passed,2023-08-16T17:00:00,70.07,
2870,49305,2023-07-07T11:00:00,BUSINESS_PERMIT,12,170,rejected,2023-08-31T11:00:00,20.29,AUDIT_DONE
2871,94688,2023-06-26T17:00:00,ID_RENEWAL,7,49,passed,2023-07-14T17:00:00,50.39,
2872,85156,2023-04-03T05:00:00,TAX_CERT,3,63,rejected,2023-05-16T05:00:00,4.36,AUDIT_DONE
2873,68115,2023-01-12T00:00:00,ID_RENEWAL,10,180,passed,2023-03-13T00:00:00,78.88,
2874,16896,2023-05-18T13:00:00,BIRTH_CERT,7,1,passed,2023-06-15T13:00:00,166.21,
2875,15156,2024-01-05T13:00:00,ID_RENEWAL,4,48,passed,2024-02-22T13:00:00,167.19,
2876,42192,2023-08-26T19:00:00,FAMILY_STATUS,2,13,flagged,2023-09-16T19:00:00,901.28,AUDIT_DONE
2877,22274,2023-07-25T17:00:00,ID_RENEWAL,10,46,passed,2023-08-30T17:00:00,59.58,
2878,28817,2023-08-16T12:00:00,BUSINESS_PERMIT,1,178,passed,2023-09-25T12:00:00,193.02,
2879,64786,2024-05-12T21:00:00,ID_RENEWAL,1,83,passed,2024-07-01T21:00:00,80.05,
2880,56397,2024-04-30T13:00:00,ID_RENEWAL,3,101,passed,2024-06-21T13:00:00,141.74,
2881,21813,2023-01-16T18:00:00,BUSINESS_PERMIT,6,59,passed,2023-02-19T18:00:00,39.98,
2882,63787,2024-03-11T21:00:00,ID_RENEWAL,3,58,passed,2024-03-30T21:00:00,41.12,
2883,49278,2023-01-13T20:00:00,TAX_CERT,10,67,passed,2023-02-16T20:00:00,18.63,
2884,25244,2023-07-24T22:00:00,TAX_CERT,2,100,passed,2023-08-18T22:00:00,179.99,
2885,72470,2024-04-15T05:00:00,BUSINESS_PERMIT,8,121,passed,2024-05-15T05:00:00,77.67,
2886,91746,2023-02-02T13:00:00,ID_RENEWAL,12,54,flagged,2023-02-20T13:00:00,1525.29,AUDIT_DONE
2887,82152,2023-10-12T13:00:00,BUSINESS_PERMIT,2,122,passed,2023-11-20T13:00:00,68.04,
2888,33953,2023-01-21T02:00:00,ID_RENEWAL,8,159,passed,2023-02-16T02:00:00,37.76,
2889,20193,2023-06-22T09:00:00,BUSINESS_PERMIT,9,57,passed,2023-07-16T09:00:00,53.32,
2890,75664,2023-06-22T07:00:00,BUSINESS_PERMIT,5,89,passed,2023-07-11T07:00:00,67.05,
2891,80263,2023-09-19T14:00:00,FAMILY_STATUS,10,3,passed,2023-11-14T14:00:00,174.83,
2892,71290,2023-08-19T12:00:00,TAX_CERT,3,108,passed,2023-10-09T12:00:00,8.29,
2893,88069,2023-07-22T16:00:00,FAMILY_STATUS,7,69,passed,2023-07-29T16:00:00,2.42,
2894,32856,2023-08-21T16:00:00,ID_RENEWAL,6,161,flagged,2023-09-14T16:00:00,1378.05,AUDIT_DONE
2895,14260,2024-02-05T23:00:00,BIRTH_CERT,5,61,passed,2024-02-13T23:00:00,117.99,
2896,74058,2023-08-14T15:00:00,BUSINESS_PERMIT,9,20,passed,2023-09-09T15:00:00,85.47,
2897,46150,2023-04-07T09:00:00,TAX_CERT,4,117,passed,2023-04-30T09:00:00,181.31,
2898,95436,2024-04-13T01:00:00,FAMILY_STATUS,7,97,passed,2024-06-12T01:00:00,150.49,
2899,40649,2024-03-01T08:00:00,BUSINESS_PERMIT,7,120,passed,2024-04-25T08:00:00,175.37,
2900,77833,2023-03-10T11:00:00,BIRTH_CERT,11,77,flagged,2023-04-09T11:00:00,904.55,AUDIT_DONE
2901,24417,2023-02-04T01:00:00,ID_RENEWAL,3,116,passed,2023-03-19T01:00:00,139.16,
2902,83675,2024-06-13T09:00:00,BUSINESS_PERMIT,6,11,passed,2024-08-12T09:00:00,129.96,
2903,54231,2023-01-21T09:00:00,ID_RENEWAL,4,94,passed,2023-01-30T09:00:00,176.46,
2904,42197,2023-08-22T22:00:00,TAX_CERT,4,114,passed,2023-09-30T22:00:00,84.96,
2905,63025,2023-01-28T12:00:00,BUSINESS_PERMIT,8,166,passed,2023-03-28T12:00:00,42.2,
2906,85318,2023-05-04T17:00:00,FAMILY_STATUS,3,47,flagged,2023-06-10T17:00:00,1304.76,AUDIT_DONE
2907,53135,2023-03-25T19:00:00,TAX_CERT,1,132,passed,2023-04-28T19:00:00,129.41,
2908,36902,2024-05-29T10:00:00,BIRTH_CERT,11,154,flagged,2024-07-05T10:00:00,856.03,AUDIT_DONE
2909,90991,2024-02-29T06:00:00,BIRTH_CERT,5,175,flagged,2024-04-20T06:00:00,1635.65,AUDIT_DONE
2910,97915,2024-05-08T12:00:00,FAMILY_STATUS,1,81,flagged,2024-05-16T12:00:00,1565.22,AUDIT_DONE
2911,65389,2023-05-22T04:00:00,ID_RENEWAL,2,178,passed,2023-07-03T04:00:00,52.47,
2912,18020,2024-02-16T21:00:00,ID_RENEWAL,12,114,passed,2024-03-05T21:00:00,78.15,
2913,86050,2024-02-16T05:00:00,BIRTH_CERT,10,174,flagged,2024-03-06T05:00:00,817.8,AUDIT_DONE
2914,30937,2023-07-01T16:00:00,BUSINESS_PERMIT,10,21,passed,2023-08-11T16:00:00,113.33,
2915,36748,2023-05-03T17:00:00,TAX_CERT,3,108,flagged,2023-06-28T17:00:00,1958.93,AUDIT_DONE
2916,90051,2024-04-19T02:00:00,FAMILY_STATUS,8,2,passed,2024-05-15T02:00:00,164.47,
2917,87510,2023-06-25T12:00:00,BIRTH_CERT,10,75,passed,2023-08-15T12:00:00,41.25,
2918,88840,2023-08-29T02:00:00,ID_RENEWAL,11,61,rejected,2023-10-15T02:00:00,15.12,AUDIT_DONE
2919,59857,2023-04-26T09:00:00,BIRTH_CERT,6,145,passed,2023-05-04T09:00:00,83.71,
2920,58216,2023-07-03T02:00:00,FAMILY_STATUS,10,88,flagged,2023-07-10T02:00:00,1327.03,AUDIT_DONE
2921,96335,2023-06-16T08:00:00,TAX_CERT,4,144,rejected,2023-07-10T08:00:00,37.12,AUDIT_DONE
2922,80618,2023-02-25T22:00:00,ID_RENEWAL,3,178,passed,2023-04-02T22:00:00,148.08,
2923,45530,2024-02-29T15:00:00,TAX_CERT,9,2,passed,2024-04-17T15:00:00,75.38,
2924,23494,2023-04-27T10:00:00,BUSINESS_PERMIT,11,136,passed,2023-05-07T10:00:00,151.12,
2925,22209,2023-09-16T18:00:00,FAMILY_STATUS,12,169,passed,2023-10-25T18:00:00,169.98,
2926,30457,2023-01-02T06:00:00,BUSINESS_PERMIT,8,12,passed,2023-02-16T06:00:00,10.88,
2927,14121,2023-11-02T01:00:00,BIRTH_CERT,8,13,passed,2023-12-13T01:00:00,102.64,
2928,82124,2023-03-09T14:00:00,TAX_CERT,3,103,passed,2023-04-11T14:00:00,33.12,
2929,69984,2023-10-31T09:00:00,TAX_CERT,9,84,flagged,2023-11-08T09:00:00,836.23,AUDIT_DONE
2930,94093,2024-06-12T16:00:00,BUSINESS_PERMIT,11,149,rejected,2024-06-30T16:00:00,47.57,AUDIT_DONE
2931,99839,2023-10-10T02:00:00,ID_RENEWAL,2,108,passed,2023-11-23T02:00:00,84.6,
2932,14337,2024-01-30T03:00:00,BIRTH_CERT,3,121,passed,2024-03-12T03:00:00,26.49,
2933,32967,2023-05-17T00:00:00,BUSINESS_PERMIT,4,160,passed,2023-07-11T00:00:00,11.36,
2934,60002,2023-07-19T21:00:00,TAX_CERT,5,72,passed,2023-09-02T21:00:00,65.21,
2935,20646,2023-09-17T10:00:00,TAX_CERT,9,175,flagged,2023-09-24T10:00:00,1381.46,AUDIT_DONE
2936,49093,2023-01-12T23:00:00,TAX_CERT,12,76,flagged,2023-01-28T23:00:00,1916.54,AUDIT_DONE
2937,39206,2024-01-18T06:00:00,BUSINESS_PERMIT,7,153,passed,2024-02-03T06:00:00,18.0,
2938,63093,2024-01-08T07:00:00,ID_RENEWAL,1,47,passed,2024-02-12T07:00:00,53.25,
2939,48488,2023-09-13T19:00:00,TAX_CERT,7,167,flagged,2023-11-07T19:00:00,800.92,AUDIT_DONE
2940,65694,2024-01-20T10:00:00,FAMILY_STATUS,3,177,passed,2024-02-10T10:00:00,70.39,
2941,46488,2024-05-28T02:00:00,ID_RENEWAL,12,137,flagged,2024-07-23T02:00:00,1747.73,AUDIT_DONE
2942,29250,2023-09-06T12:00:00,ID_RENEWAL,12,70,flagged,2023-10-17T12:00:00,1878.63,AUDIT_DONE
2943,46234,2023-12-27T22:00:00,BUSINESS_PERMIT,10,116,rejected,2024-01-26T22:00:00,12.44,AUDIT_DONE
2944,70764,2024-02-25T04:00:00,BIRTH_CERT,4,33,passed,2024-03-28T04:00:00,7.69,
2945,73517,2024-02-22T09:00:00,TAX_CERT,10,19,passed,2024-04-05T09:00:00,116.3,
2946,31729,2023-05-19T23:00:00,BUSINESS_PERMIT,1,66,passed,2023-06-06T23:00:00,104.89,
2947,86468,2023-05-12T00:00:00,BUSINESS_PERMIT,7,107,passed,2023-06-24T00:00:00,193.3,
2948,96154,2023-07-01T06:00:00,TAX_CERT,6,97,passed,2023-08-15T06:00:00,118.0,
2949,82873,2023-09-11T06:00:00,BIRTH_CERT,6,142,flagged,2023-10-13T06:00:00,1838.19,AUDIT_DONE
2950,66862,2024-04-20T22:00:00,ID_RENEWAL,8,116,passed,2024-06-15T22:00:00,74.43,
2951,42960,2023-11-05T03:00:00,BIRTH_CERT,4,66,passed,2024-01-02T03:00:00,9.77,
2952,88576,2023-09-10T03:00:00,ID_RENEWAL,6,52,passed,2023-11-04T03:00:00,149.21,
2953,48992,2023-06-08T04:00:00,ID_RENEWAL,7,3,passed,2023-07-03T04:00:00,179.36,
2954,49971,2024-04-22T12:00:00,TAX_CERT,3,158,flagged,2024-06-18T12:00:00,1932.67,AUDIT_DONE
2955,36755,2023-02-04T09:00:00,BIRTH_CERT,12,145,passed,2023-02-12T09:00:00,60.1,
2956,87520,2024-05-22T10:00:00,BIRTH_CERT,3,163,flagged,2024-05-31T10:00:00,1364.09,AUDIT_DONE
2957,97441,2024-03-21T20:00:00,TAX_CERT,6,172,passed,2024-05-17T20:00:00,31.95,
2958,77972,2023-10-31T00:00:00,TAX_CERT,6,159,rejected,2023-11-10T00:00:00,32.45,AUDIT_DONE
2959,66112,2023-08-28T10:00:00,BIRTH_CERT,4,8,passed,2023-10-01T10:00:00,96.9,
2960,81460,2023-04-15T19:00:00,ID_RENEWAL,5,144,rejected,2023-05-28T19:00:00,20.03,AUDIT_DONE
2961,57775,2024-01-14T12:00:00,TAX_CERT,9,34,flagged,2024-03-03T12:00:00,902.21,AUDIT_DONE
2962,84956,2023-01-03T14:00:00,FAMILY_STATUS,10,105,passed,2023-02-06T14:00:00,187.29,
2963,50582,2024-05-06T04:00:00,TAX_CERT,11,165,rejected,2024-05-13T04:00:00,14.52,AUDIT_DONE
2964,96068,2023-11-11T15:00:00,TAX_CERT,5,31,flagged,2023-11-22T15:00:00,1181.59,AUDIT_DONE
2965,75038,2024-05-08T21:00:00,BUSINESS_PERMIT,10,81,flagged,2024-05-18T21:00:00,916.32,AUDIT_DONE
2966,18140,2024-05-22T06:00:00,TAX_CERT,11,44,passed,2024-06-20T06:00:00,198.12,
2967,53715,2024-03-05T02:00:00,BIRTH_CERT,10,170,passed,2024-04-25T02:00:00,9.0,
2968,34887,2023-03-14T18:00:00,FAMILY_STATUS,4,133,passed,2023-03-23T18:00:00,41.99,
2969,10011,2023-07-08T09:00:00,FAMILY_STATUS,5,71,flagged,2023-08-22T09:00:00,1143.93,AUDIT_DONE
2970,39555,2024-05-20T13:00:00,FAMILY_STATUS,1,114,flagged,2024-06-04T13:00:00,1441.45,AUDIT_DONE
2971,89731,2023-03-09T00:00:00,ID_RENEWAL,12,121,passed,2023-05-03T00:00:00,15.24,
2972,21773,2024-04-27T20:00:00,BUSINESS_PERMIT,1,177,passed,2024-05-26T20:00:00,156.25,
2973,60269,2023-09-02T21:00:00,TAX_CERT,3,138,passed,2023-10-01T21:00:00,15.69,
2974,55129,2023-09-19T01:00:00,FAMILY_STATUS,10,19,passed,2023-09-26T01:00:00,70.8,
2975,45553,2023-03-22T23:00:00,BIRTH_CERT,12,25,passed,2023-04-14T23:00:00,167.03,
2976,16146,2024-02-06T21:00:00,BUSINESS_PERMIT,6,64,passed,2024-03-09T21:00:00,23.39,
2977,11651,2024-04-29T00:00:00,FAMILY_STATUS,1,73,passed,2024-06-28T00:00:00,49.17,
2978,42590,2023-11-23T09:00:00,BIRTH_CERT,2,139,passed,2024-01-17T09:00:00,3.67,
2979,61597,2023-06-03T05:00:00,TAX_CERT,2,139,passed,2023-07-04T05:00:00,41.8,
2980,99717,2023-02-10T07:00:00,FAMILY_STATUS,9,96,rejected,2023-03-14T07:00:00,27.2,AUDIT_DONE
2981,30637,2023-01-22T21:00:00,BIRTH_CERT,8,137,passed,2023-02-18T21:00:00,30.31,
2982,36702,2023-12-13T02:00:00,TAX_CERT,7,73,passed,2024-01-02T02:00:00,141.86,
2983,71397,2023-12-17T23:00:00,FAMILY_STATUS,7,34,passed,2024-01-31T23:00:00,186.51,
2984,66623,2023-09-27T00:00:00,BUSINESS_PERMIT,9,130,rejected,2023-11-26T00:00:00,38.1,AUDIT_DONE
2985,88195,2023-02-13T16:00:00,TAX_CERT,12,155,passed,2023-02-22T16:00:00,198.48,
2986,92470,2023-02-12T21:00:00,FAMILY_STATUS,12,31,passed,2023-03-25T21:00:00,123.03,
2987,61091,2023-08-16T02:00:00,BUSINESS_PERMIT,2,52,passed,2023-10-13T02:00:00,182.09,
2988,54945,2023-04-13T03:00:00,TAX_CERT,6,138,passed,2023-04-23T03:00:00,67.7,
2989,14239,2024-02-13T07:00:00,FAMILY_STATUS,3,169,passed,2024-03-16T07:00:00,118.8,
2990,71654,2024-04-10T21:00:00,ID_RENEWAL,11,41,passed,2024-05-25T21:00:00,62.71,
2991,17432,2024-05-02T15:00:00,BIRTH_CERT,5,94,flagged,2024-06-24T15:00:00,1155.52,AUDIT_DONE
2992,19624,2023-05-21T20:00:00,BIRTH_CERT,4,21,passed,2023-06-21T20:00:00,12.7,
2993,60788,2023-12-14T23:00:00,BUSINESS_PERMIT,4,148,passed,2024-01-21T23:00:00,175.28,
2994,10363,2023-05-16T13:00:00,FAMILY_STATUS,3,64,passed,2023-06-16T13:00:00,151.79,
2995,27005,2023-08-26T00:00:00,FAMILY_STATUS,3,99,passed,2023-09-03T00:00:00,106.92,
2996,16346,2024-05-12T17:00:00,FAMILY_STATUS,8,2,passed,2024-06-13T17:00:00,77.65,
2997,11096,2023-02-23T12:00:00,FAMILY_STATUS,4,11,passed,2023-04-24T12:00:00,47.74,
2998,66221,2023-02-15T04:00:00,FAMILY_STATUS,12,136,flagged,2023-04-03T04:00:00,905.28,AUDIT_DONE
2999,15741,2023-01-09T19:00:00,BIRTH_CERT,9,151,passed,2023-02-22T19:00:00,171.92,
3000,13054,2023-05-02T05:00:00,BIRTH_CERT,1,61,passed,2023-05-17T05:00:00,28.63,
3001,58631,2023-09-26T10:00:00,BIRTH_CERT,3,177,passed,2023-11-20T10:00:00,188.55,
3002,34467,2024-04-23T22:00:00,BUSINESS_PERMIT,10,94,passed,2024-06-10T22:00:00,22.42,
3003,55720,2023-02-12T01:00:00,BUSINESS_PERMIT,10,137,passed,2023-03-20T01:00:00,26.61,
3004,27965,2023-10-30T21:00:00,ID_RENEWAL,6,66,flagged,2023-12-13T21:00:00,1977.78,AUDIT_DONE
3005,53172,2023-11-23T09:00:00,TAX_CERT,12,143,rejected,2023-12-18T09:00:00,14.08,AUDIT_DONE
3006,81830,2024-06-10T02:00:00,BIRTH_CERT,2,143,passed,2024-08-01T02:00:00,112.21,
3007,47092,2024-02-03T11:00:00,FAMILY_STATUS,11,90,passed,2024-04-03T11:00:00,56.68,
3008,26167,2024-02-12T12:00:00,BUSINESS_PERMIT,3,43,passed,2024-02-28T12:00:00,137.17,
3009,63528,2024-05-21T01:00:00,ID_RENEWAL,6,180,passed,2024-07-18T01:00:00,2.41,
3010,68839,2024-03-06T04:00:00,TAX_CERT,5,139,passed,2024-03-31T04:00:00,89.53,
3011,57968,2024-03-07T12:00:00,BIRTH_CERT,1,34,passed,2024-03-18T12:00:00,159.96,
3012,67831,2024-01-09T00:00:00,TAX_CERT,2,96,rejected,2024-01-20T00:00:00,34.04,AUDIT_DONE
3013,67676,2023-04-03T13:00:00,BIRTH_CERT,8,25,passed,2023-05-13T13:00:00,10.79,
3014,87428,2023-03-05T11:00:00,FAMILY_STATUS,3,46,passed,2023-03-27T11:00:00,15.01,
3015,57889,2023-11-11T14:00:00,TAX_CERT,10,68,passed,2023-12-04T14:00:00,75.08,
3016,17132,2023-04-10T21:00:00,FAMILY_STATUS,6,178,rejected,2023-05-24T21:00:00,45.9,AUDIT_DONE
3017,85442,2024-04-16T03:00:00,BIRTH_CERT,10,21,flagged,2024-06-02T03:00:00,1918.89,AUDIT_DONE
3018,66319,2024-02-12T13:00:00,FAMILY_STATUS,12,77,flagged,2024-03-03T13:00:00,1285.54,AUDIT_DONE
3019,74867,2024-02-02T03:00:00,FAMILY_STATUS,9,61,passed,2024-03-18T03:00:00,64.45,
3020,34344,2024-04-16T12:00:00,TAX_CERT,9,2,passed,2024-06-11T12:00:00,93.74,
3021,94199,2024-05-04T15:00:00,ID_RENEWAL,12,23,passed,2024-05-11T15:00:00,48.87,
3022,34858,2023-07-10T05:00:00,TAX_CERT,1,155,passed,2023-07-30T05:00:00,97.77,
3023,47892,2024-05-05T06:00:00,FAMILY_STATUS,11,35,passed,2024-06-06T06:00:00,199.66,
3024,61745,2023-02-10T05:00:00,BUSINESS_PERMIT,9,35,passed,2023-04-10T05:00:00,152.62,
3025,41032,2024-01-21T19:00:00,BIRTH_CERT,10,168,passed,2024-02-27T19:00:00,33.07,
3026,27912,2023-06-13T07:00:00,TAX_CERT,12,137,flagged,2023-06-22T07:00:00,1582.05,AUDIT_DONE
3027,65480,2023-07-06T00:00:00,BIRTH_CERT,10,25,passed,2023-07-17T00:00:00,198.32,
3028,74833,2023-07-13T07:00:00,ID_RENEWAL,3,133,passed,2023-08-08T07:00:00,27.66,
3029,52084,2024-06-21T04:00:00,ID_RENEWAL,10,3,flagged,2024-08-19T04:00:00,1379.93,AUDIT_DONE
3030,52415,2023-12-03T08:00:00,BUSINESS_PERMIT,12,88,passed,2024-01-07T08:00:00,77.8,
3031,61556,2023-03-13T06:00:00,FAMILY_STATUS,9,57,passed,2023-05-12T06:00:00,0.76,
3032,29732,2023-09-09T06:00:00,TAX_CERT,11,40,passed,2023-10-26T06:00:00,151.67,
3033,76352,2024-05-19T14:00:00,ID_RENEWAL,8,120,passed,2024-06-21T14:00:00,187.85,
3034,37175,2024-02-12T12:00:00,BIRTH_CERT,5,123,passed,2024-02-19T12:00:00,160.53,
3035,32212,2024-01-06T01:00:00,BIRTH_CERT,4,97,flagged,2024-02-02T01:00:00,1202.07,AUDIT_DONE
3036,93927,2024-05-30T09:00:00,BUSINESS_PERMIT,3,162,passed,2024-06-08T09:00:00,145.59,
3037,94935,2023-11-01T23:00:00,BUSINESS_PERMIT,1,34,flagged,2023-12-21T23:00:00,1124.3,AUDIT_DONE
3038,84602,2024-04-29T11:00:00,ID_RENEWAL,9,43,passed,2024-05-29T11:00:00,84.05,
3039,76631,2024-03-16T05:00:00,FAMILY_STATUS,1,11,passed,2024-05-13T05:00:00,80.97,
3040,87989,2024-02-18T08:00:00,BUSINESS_PERMIT,7,19,passed,2024-03-16T08:00:00,89.56,
3041,99049,2023-08-02T03:00:00,BUSINESS_PERMIT,9,56,rejected,2023-09-14T03:00:00,34.95,AUDIT_DONE
3042,14506,2023-10-12T19:00:00,BIRTH_CERT,2,66,passed,2023-11-15T19:00:00,141.21,
3043,28733,2023-11-19T10:00:00,BUSINESS_PERMIT,1,73,passed,2023-12-09T10:00:00,160.09,
3044,43719,2024-03-22T09:00:00,BUSINESS_PERMIT,4,33,passed,2024-05-05T09:00:00,44.49,
3045,95316,2023-04-14T04:00:00,ID_RENEWAL,2,41,flagged,2023-05-25T04:00:00,1502.87,AUDIT_DONE
3046,12134,2023-04-17T10:00:00,ID_RENEWAL,10,74,passed,2023-05-10T10:00:00,67.89,
3047,28018,2023-03-16T05:00:00,TAX_CERT,11,116,passed,2023-04-02T05:00:00,139.8,
3048,54696,2023-11-08T15:00:00,BUSINESS_PERMIT,5,45,flagged,2023-11-25T15:00:00,1914.97,AUDIT_DONE
3049,75691,2024-04-17T23:00:00,BIRTH_CERT,9,179,passed,2024-06-12T23:00:00,169.45,
3050,17577,2023-05-25T04:00:00,FAMILY_STATUS,4,116,passed,2023-07-01T04:00:00,109.21,
3051,36205,2023-10-25T02:00:00,FAMILY_STATUS,7,134,passed,2023-12-17T02:00:00,139.51,
3052,45522,2024-01-14T12:00:00,BUSINESS_PERMIT,5,120,flagged,2024-02-24T12:00:00,1489.95,AUDIT_DONE
3053,84366,2023-01-26T21:00:00,BUSINESS_PERMIT,6,132,passed,2023-02-19T21:00:00,88.76,
3054,30206,2023-07-17T21:00:00,TAX_CERT,9,62,rejected,2023-08-21T21:00:00,42.82,AUDIT_DONE
3055,20967,2024-02-09T03:00:00,BUSINESS_PERMIT,1,140,passed,2024-03-13T03:00:00,176.01,
3056,68932,2024-02-15T04:00:00,BIRTH_CERT,1,26,passed,2024-03-13T04:00:00,71.27,
3057,52267,2024-02-21T08:00:00,FAMILY_STATUS,6,128,passed,2024-03-24T08:00:00,104.55,
3058,66485,2024-01-03T15:00:00,FAMILY_STATUS,6,26,rejected,2024-02-09T15:00:00,8.61,AUDIT_DONE
3059,64385,2023-01-06T00:00:00,BIRTH_CERT,1,99,passed,2023-03-04T00:00:00,67.52,
3060,43469,2023-05-16T09:00:00,FAMILY_STATUS,11,15,passed,2023-06-14T09:00:00,82.94,
3061,77147,2023-04-20T04:00:00,BIRTH_CERT,3,66,flagged,2023-06-15T04:00:00,1112.01,AUDIT_DONE
3062,79374,2024-04-28T09:00:00,BUSINESS_PERMIT,1,37,flagged,2024-05-17T09:00:00,1799.83,AUDIT_DONE
3063,18326,2024-03-12T00:00:00,BUSINESS_PERMIT,9,60,flagged,2024-03-21T00:00:00,1784.7,AUDIT_DONE
3064,45098,2023-01-21T07:00:00,TAX_CERT,7,50,passed,2023-03-20T07:00:00,124.44,
3065,53618,2023-08-06T16:00:00,ID_RENEWAL,11,106,passed,2023-09-26T16:00:00,9.04,
3066,85810,2023-08-17T00:00:00,ID_RENEWAL,10,72,flagged,2023-10-05T00:00:00,1055.11,AUDIT_DONE
3067,85478,2024-03-19T20:00:00,BUSINESS_PERMIT,2,156,passed,2024-05-17T20:00:00,96.96,
3068,61018,2023-05-19T08:00:00,BIRTH_CERT,6,40,passed,2023-06-18T08:00:00,21.9,
3069,56391,2023-10-04T16:00:00,BUSINESS_PERMIT,1,77,passed,2023-10-24T16:00:00,8.45,
3070,39199,2024-05-18T09:00:00,BIRTH_CERT,9,4,passed,2024-07-04T09:00:00,99.65,
3071,15918,2023-09-15T21:00:00,TAX_CERT,1,87,passed,2023-10-27T21:00:00,125.59,
3072,15805,2024-03-18T00:00:00,TAX_CERT,3,158,passed,2024-05-15T00:00:00,29.43,
3073,46748,2023-04-03T11:00:00,BIRTH_CERT,9,154,rejected,2023-05-13T11:00:00,7.0,AUDIT_DONE
3074,67674,2023-01-18T14:00:00,BUSINESS_PERMIT,4,80,passed,2023-03-02T14:00:00,45.47,
3075,96023,2024-04-27T09:00:00,FAMILY_STATUS,9,112,passed,2024-05-11T09:00:00,121.93,
3076,30836,2023-03-10T16:00:00,TAX_CERT,7,69,rejected,2023-05-02T16:00:00,34.34,AUDIT_DONE
3077,78157,2023-01-04T16:00:00,BUSINESS_PERMIT,9,34,flagged,2023-02-21T16:00:00,1184.0,AUDIT_DONE
3078,38807,2024-06-10T08:00:00,TAX_CERT,2,147,passed,2024-08-05T08:00:00,48.94,
3079,91619,2024-03-15T00:00:00,FAMILY_STATUS,12,165,passed,2024-05-06T00:00:00,109.73,
3080,68124,2023-06-19T14:00:00,TAX_CERT,7,124,passed,2023-07-02T14:00:00,103.27,
3081,99310,2023-01-03T12:00:00,ID_RENEWAL,7,47,flagged,2023-02-20T12:00:00,1056.36,AUDIT_DONE
3082,29225,2024-01-16T02:00:00,BUSINESS_PERMIT,9,24,passed,2024-02-10T02:00:00,100.13,
3083,13067,2024-01-06T10:00:00,BUSINESS_PERMIT,10,80,passed,2024-03-06T10:00:00,109.75,
3084,25603,2023-06-06T07:00:00,BUSINESS_PERMIT,3,118,flagged,2023-07-13T07:00:00,1064.08,AUDIT_DONE
3085,85131,2024-05-29T18:00:00,ID_RENEWAL,1,39,flagged,2024-07-18T18:00:00,1073.6,AUDIT_DONE
3086,81061,2023-02-06T22:00:00,BUSINESS_PERMIT,7,81,flagged,2023-03-30T22:00:00,1847.51,AUDIT_DONE
3087,52331,2023-02-26T21:00:00,FAMILY_STATUS,9,72,flagged,2023-04-11T21:00:00,1981.32,AUDIT_DONE
3088,78790,2023-03-14T20:00:00,ID_RENEWAL,8,108,passed,2023-04-27T20:00:00,62.77,
3089,18493,2023-02-10T14:00:00,FAMILY_STATUS,12,54,passed,2023-03-26T14:00:00,13.26,
3090,92206,2024-05-20T19:00:00,BUSINESS_PERMIT,1,143,passed,2024-07-04T19:00:00,73.92,
3091,63873,2023-06-21T12:00:00,TAX_CERT,9,54,passed,2023-07-26T12:00:00,110.1,
3092,41168,2024-06-21T00:00:00,BIRTH_CERT,3,5,passed,2024-07-07T00:00:00,79.72,
3093,88987,2024-02-13T21:00:00,ID_RENEWAL,2,47,passed,2024-04-02T21:00:00,126.32,
3094,84327,2023-12-08T23:00:00,BIRTH_CERT,2,141,flagged,2023-12-24T23:00:00,1456.19,AUDIT_DONE
3095,27539,2024-06-19T20:00:00,ID_RENEWAL,7,168,flagged,2024-08-14T20:00:00,917.95,AUDIT_DONE
3096,14803,2024-05-15T00:00:00,ID_RENEWAL,7,100,flagged,2024-06-29T00:00:00,1819.77,AUDIT_DONE
3097,82723,2023-02-18T14:00:00,TAX_CERT,10,34,passed,2023-04-03T14:00:00,155.87,
3098,96868,2024-02-01T17:00:00,BUSINESS_PERMIT,10,60,passed,2024-03-11T17:00:00,181.06,
3099,74334,2023-11-08T19:00:00,FAMILY_STATUS,8,12,passed,2023-12-11T19:00:00,63.24,
3100,35035,2024-04-16T16:00:00,FAMILY_STATUS,10,106,flagged,2024-05-07T16:00:00,1739.53,AUDIT_DONE
3101,23311,2023-12-29T22:00:00,TAX_CERT,8,4,flagged,2024-02-21T22:00:00,1330.71,AUDIT_DONE
3102,51719,2023-08-12T03:00:00,BUSINESS_PERMIT,6,85,passed,2023-10-07T03:00:00,8.54,
3103,98539,2023-02-03T11:00:00,TAX_CERT,3,165,passed,2023-03-20T11:00:00,95.69,
3104,80437,2024-06-12T08:00:00,TAX_CERT,12,72,passed,2024-07-21T08:00:00,62.24,
3105,95380,2023-04-18T02:00:00,ID_RENEWAL,5,17,passed,2023-04-28T02:00:00,96.68,
3106,68191,2023-06-06T07:00:00,ID_RENEWAL,11,83,flagged,2023-07-17T07:00:00,1038.14,AUDIT_DONE
3107,93737,2023-11-29T20:00:00,BUSINESS_PERMIT,7,137,passed,2024-01-12T20:00:00,148.73,
3108,93730,2024-04-06T19:00:00,FAMILY_STATUS,8,138,passed,2024-04-27T19:00:00,176.5,
3109,85301,2023-10-01T11:00:00,FAMILY_STATUS,7,132,passed,2023-11-07T11:00:00,82.4,
3110,66623,2023-01-26T07:00:00,TAX_CERT,7,110,rejected,2023-02-06T07:00:00,40.72,AUDIT_DONE
3111,37303,2023-05-18T19:00:00,ID_RENEWAL,6,123,passed,2023-07-06T19:00:00,99.72,
3112,97734,2023-12-30T18:00:00,TAX_CERT,8,94,passed,2024-02-13T18:00:00,183.4,
3113,37312,2024-03-25T07:00:00,ID_RENEWAL,2,131,passed,2024-05-18T07:00:00,111.91,
3114,49885,2023-05-20T18:00:00,TAX_CERT,2,85,passed,2023-07-08T18:00:00,184.35,
3115,58869,2023-08-21T07:00:00,ID_RENEWAL,3,77,passed,2023-10-14T07:00:00,170.91,
3116,60995,2023-12-22T20:00:00,ID_RENEWAL,12,66,passed,2024-02-18T20:00:00,116.62,
3117,43371,2024-04-22T06:00:00,BUSINESS_PERMIT,5,75,flagged,2024-06-13T06:00:00,1815.87,AUDIT_DONE
3118,47150,2023-06-30T23:00:00,ID_RENEWAL,2,89,flagged,2023-08-10T23:00:00,1486.76,AUDIT_DONE
3119,54128,2024-05-13T08:00:00,ID_RENEWAL,12,157,passed,2024-05-20T08:00:00,12.73,
3120,19411,2023-06-15T05:00:00,FAMILY_STATUS,2,132,passed,2023-07-27T05:00:00,80.9,
3121,87437,2023-04-12T07:00:00,FAMILY_STATUS,5,71,passed,2023-04-22T07:00:00,77.32,
3122,87527,2023-07-28T22:00:00,TAX_CERT,8,116,passed,2023-08-12T22:00:00,147.19,
3123,13758,2024-02-19T09:00:00,TAX_CERT,11,164,rejected,2024-04-15T09:00:00,48.55,AUDIT_DONE
3124,34532,2024-03-10T20:00:00,ID_RENEWAL,6,8,passed,2024-04-10T20:00:00,129.16,
3125,64458,2023-07-13T13:00:00,BUSINESS_PERMIT,7,116,passed,2023-08-13T13:00:00,119.96,
3126,46422,2024-03-21T02:00:00,TAX_CERT,1,36,rejected,2024-04-12T02:00:00,37.33,AUDIT_DONE
3127,90441,2023-02-02T04:00:00,BIRTH_CERT,3,35,passed,2023-02-26T04:00:00,195.77,
3128,73992,2023-02-10T02:00:00,FAMILY_STATUS,4,113,rejected,2023-03-15T02:00:00,27.69,AUDIT_DONE
3129,49902,2023-01-17T03:00:00,FAMILY_STATUS,8,116,passed,2023-03-05T03:00:00,65.48,
3130,55935,2024-02-18T03:00:00,ID_RENEWAL,5,76,passed,2024-03-11T03:00:00,32.84,
3131,59400,2024-04-13T09:00:00,ID_RENEWAL,7,93,passed,2024-06-10T09:00:00,61.43,
3132,18714,2023-04-23T17:00:00,BIRTH_CERT,7,64,passed,2023-05-13T17:00:00,25.65,
3133,86368,2024-01-01T23:00:00,TAX_CERT,11,98,flagged,2024-01-30T23:00:00,1560.45,AUDIT_DONE
3134,22147,2023-07-07T15:00:00,FAMILY_STATUS,11,113,passed,2023-09-03T15:00:00,176.16,
3135,53846,2023-02-16T00:00:00,FAMILY_STATUS,4,141,passed,2023-04-11T00:00:00,194.56,
3136,47820,2023-03-07T23:00:00,FAMILY_STATUS,12,54,flagged,2023-03-31T23:00:00,1738.15,AUDIT_DONE
3137,10104,2024-02-13T15:00:00,FAMILY_STATUS,3,47,passed,2024-03-27T15:00:00,107.19,
3138,20969,2024-04-25T07:00:00,FAMILY_STATUS,4,17,passed,2024-05-26T07:00:00,72.24,
3139,87117,2024-05-08T09:00:00,BUSINESS_PERMIT,10,51,passed,2024-05-31T09:00:00,18.56,
3140,11058,2024-06-22T16:00:00,FAMILY_STATUS,8,151,flagged,2024-07-07T16:00:00,1056.39,AUDIT_DONE
3141,65695,2023-01-15T18:00:00,ID_RENEWAL,6,74,passed,2023-02-18T18:00:00,99.11,
3142,17834,2024-06-10T06:00:00,ID_RENEWAL,1,179,passed,2024-06-20T06:00:00,74.8,
3143,18509,2024-05-06T07:00:00,FAMILY_STATUS,2,80,passed,2024-05-18T07:00:00,16.86,
3144,11937,2023-08-23T13:00:00,BUSINESS_PERMIT,8,137,passed,2023-10-20T13:00:00,126.26,
3145,78747,2023-03-21T17:00:00,FAMILY_STATUS,8,25,passed,2023-05-07T17:00:00,134.28,
3146,94189,2024-03-09T09:00:00,BIRTH_CERT,3,85,flagged,2024-04-11T09:00:00,1806.74,AUDIT_DONE
3147,19450,2023-01-03T04:00:00,FAMILY_STATUS,7,149,passed,2023-03-02T04:00:00,48.88,
3148,35590,2023-09-27T05:00:00,ID_RENEWAL,12,51,passed,2023-10-15T05:00:00,6.65,
3149,12472,2023-07-09T16:00:00,FAMILY_STATUS,7,86,rejected,2023-08-06T16:00:00,34.57,AUDIT_DONE
3150,62915,2023-05-22T05:00:00,BUSINESS_PERMIT,5,25,passed,2023-05-30T05:00:00,157.65,
3151,84237,2024-05-06T01:00:00,TAX_CERT,2,81,passed,2024-06-19T01:00:00,63.95,
3152,78066,2023-01-20T03:00:00,TAX_CERT,7,109,flagged,2023-03-15T03:00:00,1046.97,AUDIT_DONE
3153,86953,2023-05-12T04:00:00,TAX_CERT,3,72,passed,2023-06-02T04:00:00,198.24,
3154,22531,2023-07-08T21:00:00,BIRTH_CERT,3,13,passed,2023-07-16T21:00:00,27.97,
3155,85481,2023-02-17T02:00:00,ID_RENEWAL,2,54,passed,2023-03-10T02:00:00,61.35,
3156,38138,2023-07-17T07:00:00,TAX_CERT,11,45,passed,2023-07-31T07:00:00,103.4,
3157,47133,2023-09-07T23:00:00,FAMILY_STATUS,10,66,passed,2023-10-27T23:00:00,171.98,
3158,49052,2023-05-10T06:00:00,BIRTH_CERT,5,48,passed,2023-07-07T06:00:00,59.68,
3159,35339,2024-03-29T13:00:00,FAMILY_STATUS,1,45,passed,2024-05-02T13:00:00,102.4,
3160,69482,2023-06-28T23:00:00,BUSINESS_PERMIT,1,150,rejected,2023-08-22T23:00:00,12.38,AUDIT_DONE
3161,91504,2023-09-06T08:00:00,BUSINESS_PERMIT,11,147,passed,2023-09-24T08:00:00,125.02,
3162,62990,2023-08-26T11:00:00,FAMILY_STATUS,7,24,passed,2023-09-26T11:00:00,35.51,
3163,58461,2023-12-07T18:00:00,TAX_CERT,2,69,passed,2023-12-24T18:00:00,179.45,
3164,58427,2024-06-07T01:00:00,TAX_CERT,10,107,passed,2024-07-14T01:00:00,21.05,
3165,45493,2023-09-13T12:00:00,BUSINESS_PERMIT,10,179,passed,2023-10-18T12:00:00,57.71,
3166,63440,2024-03-20T23:00:00,TAX_CERT,6,171,passed,2024-05-03T23:00:00,41.68,
3167,60889,2023-12-14T23:00:00,BUSINESS_PERMIT,4,40,passed,2024-02-04T23:00:00,175.49,
3168,94523,2023-06-04T09:00:00,BUSINESS_PERMIT,2,87,passed,2023-07-10T09:00:00,31.33,
3169,96422,2023-07-21T23:00:00,FAMILY_STATUS,11,141,rejected,2023-08-10T23:00:00,16.2,AUDIT_DONE
3170,13425,2024-02-25T17:00:00,BUSINESS_PERMIT,6,129,flagged,2024-04-08T17:00:00,1095.62,AUDIT_DONE
3171,93743,2023-04-14T12:00:00,TAX_CERT,12,138,passed,2023-05-28T12:00:00,113.1,
3172,20918,2023-03-21T13:00:00,ID_RENEWAL,2,91,flagged,2023-04-29T13:00:00,1608.57,AUDIT_DONE
3173,13030,2024-02-08T16:00:00,BUSINESS_PERMIT,11,51,passed,2024-03-01T16:00:00,17.68,
3174,10533,2023-08-02T15:00:00,ID_RENEWAL,3,98,passed,2023-09-27T15:00:00,138.23,
3175,12503,2023-10-08T17:00:00,BIRTH_CERT,10,109,flagged,2023-11-29T17:00:00,1950.71,AUDIT_DONE
3176,47417,2023-05-24T12:00:00,BUSINESS_PERMIT,12,71,passed,2023-06-07T12:00:00,23.56,
3177,28894,2023-07-21T18:00:00,BIRTH_CERT,5,114,passed,2023-08-14T18:00:00,64.66,
3178,35068,2023-06-18T12:00:00,BIRTH_CERT,12,76,passed,2023-08-16T12:00:00,81.09,
3179,11487,2023-04-22T14:00:00,TAX_CERT,3,150,flagged,2023-05-18T14:00:00,1506.36,AUDIT_DONE
3180,24396,2024-02-09T18:00:00,TAX_CERT,5,130,flagged,2024-03-29T18:00:00,895.91,AUDIT_DONE
3181,69178,2024-02-28T22:00:00,ID_RENEWAL,7,75,passed,2024-04-01T22:00:00,17.69,
3182,14307,2024-02-26T21:00:00,ID_RENEWAL,9,58,passed,2024-03-11T21:00:00,44.13,
3183,62606,2024-02-03T03:00:00,TAX_CERT,3,90,flagged,2024-02-17T03:00:00,1485.46,AUDIT_DONE
3184,40359,2023-10-06T23:00:00,FAMILY_STATUS,10,9,flagged,2023-10-27T23:00:00,897.56,AUDIT_DONE
3185,36885,2023-10-06T06:00:00,FAMILY_STATUS,8,171,passed,2023-12-03T06:00:00,96.41,
3186,18136,2023-04-13T09:00:00,ID_RENEWAL,1,145,passed,2023-04-25T09:00:00,138.27,
3187,21946,2024-03-20T15:00:00,ID_RENEWAL,10,56,passed,2024-04-30T15:00:00,198.8,
3188,20883,2024-02-15T00:00:00,ID_RENEWAL,5,149,passed,2024-04-04T00:00:00,118.06,
3189,83639,2023-02-18T09:00:00,BUSINESS_PERMIT,11,42,flagged,2023-03-30T09:00:00,846.38,AUDIT_DONE
3190,91375,2024-03-03T03:00:00,BIRTH_CERT,7,140,rejected,2024-03-14T03:00:00,37.4,AUDIT_DONE
3191,43792,2023-02-10T07:00:00,BIRTH_CERT,5,37,passed,2023-03-01T07:00:00,169.13,
3192,51844,2023-12-04T09:00:00,TAX_CERT,9,67,flagged,2023-12-24T09:00:00,1995.7,AUDIT_DONE
3193,73656,2023-03-18T13:00:00,BIRTH_CERT,1,179,passed,2023-03-31T13:00:00,196.87,
3194,22960,2023-04-13T06:00:00,ID_RENEWAL,9,98,passed,2023-05-20T06:00:00,64.79,
3195,50558,2024-05-22T03:00:00,ID_RENEWAL,4,35,flagged,2024-07-11T03:00:00,917.31,AUDIT_DONE
3196,82829,2023-05-19T09:00:00,ID_RENEWAL,8,172,flagged,2023-06-28T09:00:00,993.89,AUDIT_DONE
3197,49200,2023-10-24T02:00:00,FAMILY_STATUS,2,34,flagged,2023-12-10T02:00:00,1351.25,AUDIT_DONE
3198,72447,2023-05-20T15:00:00,BIRTH_CERT,12,20,flagged,2023-06-23T15:00:00,1529.09,AUDIT_DONE
3199,41305,2024-01-13T15:00:00,BIRTH_CERT,7,76,flagged,2024-01-24T15:00:00,1025.03,AUDIT_DONE
3200,59669,2023-03-23T01:00:00,ID_RENEWAL,11,128,passed,2023-05-11T01:00:00,194.13,
3201,19979,2023-10-21T05:00:00,TAX_CERT,4,165,passed,2023-10-31T05:00:00,69.67,
3202,96755,2023-03-26T10:00:00,TAX_CERT,4,85,passed,2023-04-29T10:00:00,119.36,
3203,52359,2024-02-02T02:00:00,TAX_CERT,7,141,passed,2024-02-19T02:00:00,68.88,
3204,73774,2024-05-23T23:00:00,ID_RENEWAL,5,20,passed,2024-06-17T23:00:00,126.6,
3205,57040,2024-04-22T18:00:00,BUSINESS_PERMIT,9,153,flagged,2024-06-01T18:00:00,1131.1,AUDIT_DONE
3206,17648,2024-02-04T19:00:00,ID_RENEWAL,5,130,passed,2024-02-25T19:00:00,189.93,
3207,55595,2024-01-14T03:00:00,BUSINESS_PERMIT,10,161,flagged,2024-02-18T03:00:00,1208.88,AUDIT_DONE
3208,68753,2023-08-02T11:00:00,ID_RENEWAL,6,130,passed,2023-08-20T11:00:00,29.13,
3209,58097,2024-04-11T04:00:00,ID_RENEWAL,7,104,passed,2024-05-13T04:00:00,130.68,
3210,95709,2023-09-23T12:00:00,FAMILY_STATUS,1,122,passed,2023-10-18T12:00:00,8.57,
3211,33597,2023-04-24T07:00:00,FAMILY_STATUS,1,97,passed,2023-05-27T07:00:00,191.14,
3212,10449,2023-02-11T22:00:00,BUSINESS_PERMIT,9,114,flagged,2023-02-18T22:00:00,923.13,AUDIT_DONE
3213,23145,2024-02-23T17:00:00,BUSINESS_PERMIT,10,16,passed,2024-04-21T17:00:00,197.66,
3214,24591,2023-05-19T17:00:00,ID_RENEWAL,3,2,passed,2023-06-27T17:00:00,33.7,
3215,32936,2023-12-26T21:00:00,BIRTH_CERT,3,36,passed,2024-01-13T21:00:00,110.44,
3216,78945,2023-06-08T09:00:00,TAX_CERT,1,138,passed,2023-06-24T09:00:00,65.35,
3217,15113,2024-01-02T19:00:00,BIRTH_CERT,10,153,passed,2024-01-14T19:00:00,0.26,
3218,25133,2023-10-02T14:00:00,TAX_CERT,10,30,passed,2023-10-15T14:00:00,177.98,
3219,29086,2023-12-22T21:00:00,TAX_CERT,1,81,passed,2024-01-26T21:00:00,193.44,
3220,57105,2023-05-15T00:00:00,BUSINESS_PERMIT,7,75,passed,2023-07-03T00:00:00,140.04,
3221,12253,2023-02-11T19:00:00,ID_RENEWAL,8,135,passed,2023-03-24T19:00:00,25.53,
3222,41796,2023-01-25T09:00:00,FAMILY_STATUS,2,160,passed,2023-02-22T09:00:00,173.34,
3223,95955,2023-03-21T19:00:00,FAMILY_STATUS,6,33,flagged,2023-04-03T19:00:00,1412.65,AUDIT_DONE
3224,26894,2023-10-22T15:00:00,BIRTH_CERT,9,105,flagged,2023-12-08T15:00:00,1145.4,AUDIT_DONE
3225,39264,2023-02-07T05:00:00,ID_RENEWAL,2,165,passed,2023-03-25T05:00:00,111.09,
3226,13268,2024-01-30T07:00:00,TAX_CERT,6,128,rejected,2024-03-22T07:00:00,27.96,AUDIT_DONE
3227,96593,2024-04-20T17:00:00,BIRTH_CERT,10,30,passed,2024-06-18T17:00:00,19.47,
3228,53507,2024-03-31T08:00:00,BIRTH_CERT,4,104,passed,2024-05-29T08:00:00,2.75,
3229,12733,2023-11-27T11:00:00,BIRTH_CERT,8,96,passed,2024-01-22T11:00:00,61.21,
3230,84244,2023-10-12T05:00:00,ID_RENEWAL,10,1,flagged,2023-11-15T05:00:00,1523.29,AUDIT_DONE
3231,59448,2023-11-02T11:00:00,ID_RENEWAL,3,134,passed,2023-11-09T11:00:00,108.64,
3232,45830,2023-02-19T12:00:00,FAMILY_STATUS,6,108,passed,2023-04-15T12:00:00,46.71,
3233,39185,2024-03-30T01:00:00,BUSINESS_PERMIT,2,103,passed,2024-04-11T01:00:00,88.83,
3234,12686,2023-03-12T09:00:00,BIRTH_CERT,10,142,passed,2023-04-28T09:00:00,71.54,
3235,62136,2023-10-15T06:00:00,FAMILY_STATUS,8,103,passed,2023-11-30T06:00:00,32.15,
3236,11199,2023-10-03T09:00:00,BIRTH_CERT,8,128,flagged,2023-11-30T09:00:00,1016.42,AUDIT_DONE
3237,37864,2023-10-16T21:00:00,FAMILY_STATUS,3,62,flagged,2023-11-03T21:00:00,1881.14,AUDIT_DONE
3238,24497,2024-06-08T00:00:00,FAMILY_STATUS,1,71,passed,2024-07-04T00:00:00,141.89,
3239,70101,2023-12-17T07:00:00,FAMILY_STATUS,7,154,passed,2024-01-13T07:00:00,106.92,
3240,46379,2023-01-30T12:00:00,TAX_CERT,3,128,passed,2023-02-16T12:00:00,75.76,
3241,28926,2024-01-13T14:00:00,BIRTH_CERT,1,62,rejected,2024-03-02T14:00:00,10.64,AUDIT_DONE
3242,52225,2023-12-13T21:00:00,BIRTH_CERT,10,75,passed,2023-12-25T21:00:00,186.18,
3243,28326,2023-05-23T16:00:00,BIRTH_CERT,7,58,passed,2023-07-22T16:00:00,4.05,
3244,23003,2024-03-21T12:00:00,BUSINESS_PERMIT,3,177,passed,2024-04-07T12:00:00,18.13,
3245,63381,2023-10-30T05:00:00,BUSINESS_PERMIT,10,36,flagged,2023-11-11T05:00:00,831.73,AUDIT_DONE
3246,60128,2023-07-01T03:00:00,BIRTH_CERT,6,176,passed,2023-08-02T03:00:00,35.22,
3247,14327,2023-08-03T15:00:00,TAX_CERT,1,102,passed,2023-09-01T15:00:00,25.24,
3248,56962,2023-05-05T07:00:00,ID_RENEWAL,10,41,passed,2023-06-30T07:00:00,60.41,
3249,85557,2023-07-09T04:00:00,TAX_CERT,1,108,passed,2023-07-22T04:00:00,117.01,
3250,89128,2023-09-07T06:00:00,ID_RENEWAL,6,159,passed,2023-09-19T06:00:00,120.84,
3251,66398,2023-01-03T01:00:00,ID_RENEWAL,11,6,passed,2023-01-31T01:00:00,116.35,
3252,74517,2024-01-21T04:00:00,ID_RENEWAL,3,88,passed,2024-02-14T04:00:00,143.59,
3253,68916,2024-06-10T23:00:00,BIRTH_CERT,6,91,rejected,2024-08-02T23:00:00,15.46,AUDIT_DONE
3254,38468,2023-05-27T07:00:00,TAX_CERT,1,74,flagged,2023-07-24T07:00:00,1212.95,AUDIT_DONE
3255,80054,2023-08-28T02:00:00,ID_RENEWAL,7,167,passed,2023-10-24T02:00:00,93.09,
3256,68187,2023-10-19T10:00:00,ID_RENEWAL,7,75,passed,2023-11-10T10:00:00,57.59,
3257,20522,2023-05-02T19:00:00,BUSINESS_PERMIT,5,91,passed,2023-05-15T19:00:00,122.86,
3258,71725,2024-05-25T13:00:00,BUSINESS_PERMIT,7,110,passed,2024-07-13T13:00:00,68.92,
3259,94935,2023-03-10T04:00:00,FAMILY_STATUS,1,148,passed,2023-04-30T04:00:00,17.31,
3260,17847,2024-05-03T17:00:00,TAX_CERT,1,105,passed,2024-06-18T17:00:00,159.43,
3261,99096,2023-05-16T07:00:00,BUSINESS_PERMIT,2,173,passed,2023-06-27T07:00:00,95.69,
3262,27758,2023-01-25T12:00:00,TAX_CERT,11,123,passed,2023-02-16T12:00:00,40.9,
3263,28095,2023-07-23T21:00:00,BUSINESS_PERMIT,8,32,passed,2023-08-03T21:00:00,117.15,
3264,20982,2024-06-13T23:00:00,ID_RENEWAL,5,166,passed,2024-07-21T23:00:00,82.82,
3265,42091,2023-10-20T04:00:00,BUSINESS_PERMIT,10,80,passed,2023-12-13T04:00:00,8.01,
3266,19587,2023-12-11T07:00:00,TAX_CERT,10,138,passed,2024-01-02T07:00:00,139.38,
3267,59805,2023-05-27T08:00:00,BIRTH_CERT,7,89,passed,2023-06-27T08:00:00,125.27,
3268,82580,2023-08-02T04:00:00,TAX_CERT,8,138,flagged,2023-09-20T04:00:00,923.94,AUDIT_DONE
3269,78654,2024-05-23T13:00:00,TAX_CERT,6,146,passed,2024-06-12T13:00:00,197.09,
3270,56281,2023-02-12T03:00:00,TAX_CERT,2,71,passed,2023-03-15T03:00:00,6.07,
3271,58339,2024-03-14T12:00:00,ID_RENEWAL,5,48,passed,2024-04-04T12:00:00,173.16,
3272,42624,2023-05-28T15:00:00,BUSINESS_PERMIT,3,72,passed,2023-07-25T15:00:00,69.09,
3273,63835,2024-01-10T21:00:00,FAMILY_STATUS,7,81,rejected,2024-02-16T21:00:00,19.3,AUDIT_DONE
3274,85727,2024-03-27T16:00:00,FAMILY_STATUS,5,151,passed,2024-05-25T16:00:00,32.94,
3275,64168,2024-01-12T03:00:00,BIRTH_CERT,1,79,passed,2024-01-19T03:00:00,27.62,
3276,28742,2023-05-13T18:00:00,ID_RENEWAL,7,84,passed,2023-05-27T18:00:00,185.76,
3277,51887,2024-03-07T04:00:00,ID_RENEWAL,8,107,flagged,2024-03-28T04:00:00,1015.19,AUDIT_DONE
3278,19561,2024-03-27T18:00:00,TAX_CERT,4,66,passed,2024-04-11T18:00:00,53.86,
3279,35674,2023-04-23T09:00:00,FAMILY_STATUS,7,169,passed,2023-05-09T09:00:00,0.87,
3280,10819,2024-05-20T14:00:00,FAMILY_STATUS,9,177,rejected,2024-07-12T14:00:00,34.96,AUDIT_DONE
3281,25232,2023-12-20T15:00:00,BIRTH_CERT,12,146,passed,2024-01-19T15:00:00,175.44,
3282,90080,2023-10-26T22:00:00,BIRTH_CERT,11,14,passed,2023-12-13T22:00:00,40.72,
3283,41852,2023-05-18T02:00:00,TAX_CERT,5,116,passed,2023-06-03T02:00:00,168.18,
3284,45353,2024-03-31T20:00:00,FAMILY_STATUS,12,40,passed,2024-05-21T20:00:00,185.29,
3285,61829,2023-03-07T22:00:00,TAX_CERT,7,125,passed,2023-03-14T22:00:00,145.97,
3286,78186,2024-02-21T20:00:00,BUSINESS_PERMIT,4,172,passed,2024-04-19T20:00:00,172.58,
3287,29863,2023-07-25T00:00:00,ID_RENEWAL,2,18,rejected,2023-09-22T00:00:00,44.16,AUDIT_DONE
3288,60816,2023-02-20T23:00:00,FAMILY_STATUS,11,133,passed,2023-03-07T23:00:00,183.62,
3289,13006,2023-07-28T06:00:00,BIRTH_CERT,4,109,flagged,2023-08-28T06:00:00,1610.83,AUDIT_DONE
3290,21245,2023-06-20T22:00:00,TAX_CERT,9,155,passed,2023-08-06T22:00:00,144.76,
3291,66998,2024-01-26T00:00:00,BIRTH_CERT,6,164,passed,2024-02-20T00:00:00,121.32,
3292,16815,2023-05-17T00:00:00,ID_RENEWAL,9,95,rejected,2023-07-08T00:00:00,14.0,AUDIT_DONE
3293,38200,2023-07-12T04:00:00,FAMILY_STATUS,5,160,passed,2023-08-24T04:00:00,173.43,
3294,24381,2023-02-21T20:00:00,BUSINESS_PERMIT,1,20,passed,2023-03-25T20:00:00,66.36,
3295,16394,2023-12-20T16:00:00,TAX_CERT,12,177,flagged,2024-01-30T16:00:00,1570.74,AUDIT_DONE
3296,47465,2024-06-20T23:00:00,FAMILY_STATUS,9,148,passed,2024-06-29T23:00:00,145.65,
3297,60457,2023-03-11T01:00:00,BIRTH_CERT,5,16,passed,2023-04-12T01:00:00,12.77,
3298,95790,2023-12-15T02:00:00,ID_RENEWAL,11,55,flagged,2024-01-31T02:00:00,1029.12,AUDIT_DONE
3299,76281,2023-10-09T16:00:00,ID_RENEWAL,11,56,passed,2023-11-07T16:00:00,91.62,
3300,51649,2023-07-21T01:00:00,BUSINESS_PERMIT,10,164,passed,2023-08-30T01:00:00,184.43,
3301,14730,2023-10-16T14:00:00,ID_RENEWAL,2,125,flagged,2023-11-08T14:00:00,1340.96,AUDIT_DONE
3302,83237,2023-02-08T04:00:00,TAX_CERT,8,169,passed,2023-03-20T04:00:00,179.49,
3303,65612,2024-05-10T22:00:00,BIRTH_CERT,2,112,passed,2024-06-10T22:00:00,73.16,
3304,67480,2024-03-08T03:00:00,FAMILY_STATUS,2,146,passed,2024-04-08T03:00:00,165.32,
3305,52054,2024-06-17T06:00:00,ID_RENEWAL,11,51,passed,2024-06-26T06:00:00,13.13,
3306,18778,2023-12-07T17:00:00,BIRTH_CERT,4,96,passed,2024-01-17T17:00:00,71.31,
3307,57807,2023-12-23T13:00:00,TAX_CERT,6,113,flagged,2024-01-14T13:00:00,1454.52,AUDIT_DONE
3308,30869,2023-09-11T18:00:00,BUSINESS_PERMIT,11,152,flagged,2023-10-06T18:00:00,1411.02,AUDIT_DONE
3309,53928,2024-02-14T21:00:00,BIRTH_CERT,3,25,passed,2024-03-22T21:00:00,155.36,
3310,66066,2023-02-14T02:00:00,BIRTH_CERT,11,85,passed,2023-03-20T02:00:00,53.54,
3311,29873,2024-05-11T19:00:00,BIRTH_CERT,4,2,flagged,2024-05-18T19:00:00,1731.64,AUDIT_DONE
3312,87663,2023-12-16T06:00:00,BIRTH_CERT,3,119,passed,2024-01-19T06:00:00,150.79,
3313,18025,2023-08-16T08:00:00,TAX_CERT,6,18,passed,2023-10-07T08:00:00,162.2,
3314,10579,2023-11-24T04:00:00,BIRTH_CERT,9,95,rejected,2023-12-16T04:00:00,21.32,AUDIT_DONE
3315,11045,2024-04-23T06:00:00,BUSINESS_PERMIT,1,138,rejected,2024-05-08T06:00:00,46.19,AUDIT_DONE
3316,69753,2023-08-18T17:00:00,ID_RENEWAL,12,43,rejected,2023-09-24T17:00:00,39.67,AUDIT_DONE
3317,95520,2023-05-04T16:00:00,BIRTH_CERT,5,36,passed,2023-06-10T16:00:00,138.66,
3318,29192,2024-02-04T06:00:00,ID_RENEWAL,1,155,passed,2024-02-16T06:00:00,88.52,
3319,74075,2023-02-19T04:00:00,TAX_CERT,12,72,passed,2023-03-16T04:00:00,59.04,
3320,68593,2023-02-23T11:00:00,BUSINESS_PERMIT,12,169,passed,2023-04-13T11:00:00,164.33,
3321,92692,2023-04-07T19:00:00,BUSINESS_PERMIT,12,110,rejected,2023-05-21T19:00:00,33.89,AUDIT_DONE
3322,69671,2023-04-21T12:00:00,BUSINESS_PERMIT,6,157,passed,2023-05-23T12:00:00,154.38,
3323,35529,2023-10-31T01:00:00,FAMILY_STATUS,10,157,flagged,2023-11-22T01:00:00,1253.15,AUDIT_DONE
3324,46903,2023-09-30T00:00:00,TAX_CERT,1,158,flagged,2023-11-28T00:00:00,982.81,AUDIT_DONE
3325,33894,2024-01-24T21:00:00,TAX_CERT,12,94,passed,2024-02-12T21:00:00,91.78,
3326,70116,2023-04-01T18:00:00,ID_RENEWAL,2,67,passed,2023-04-08T18:00:00,124.75,
3327,24944,2024-01-06T22:00:00,FAMILY_STATUS,5,123,passed,2024-03-01T22:00:00,84.27,
3328,22606,2024-05-19T20:00:00,ID_RENEWAL,10,30,passed,2024-05-28T20:00:00,188.94,
3329,27635,2023-03-12T12:00:00,BUSINESS_PERMIT,12,39,passed,2023-03-21T12:00:00,6.15,
3330,88364,2023-12-24T17:00:00,BUSINESS_PERMIT,10,54,passed,2024-01-21T17:00:00,168.94,
3331,74486,2023-07-28T07:00:00,ID_RENEWAL,6,74,passed,2023-08-26T07:00:00,142.75,
3332,43049,2023-07-11T03:00:00,BUSINESS_PERMIT,5,147,passed,2023-09-08T03:00:00,114.03,
3333,98968,2023-09-06T22:00:00,TAX_CERT,9,106,rejected,2023-10-01T22:00:00,19.37,AUDIT_DONE
3334,28180,2023-06-09T00:00:00,BUSINESS_PERMIT,4,24,rejected,2023-07-30T00:00:00,47.49,AUDIT_DONE
3335,44585,2024-03-09T11:00:00,BIRTH_CERT,3,133,passed,2024-04-06T11:00:00,78.57,
3336,14506,2023-06-20T23:00:00,TAX_CERT,8,172,passed,2023-08-17T23:00:00,0.52,
3337,59412,2023-01-22T17:00:00,ID_RENEWAL,7,171,passed,2023-03-17T17:00:00,60.84,
3338,28774,2023-11-24T02:00:00,BUSINESS_PERMIT,10,7,passed,2023-12-14T02:00:00,67.58,
3339,35971,2023-04-28T12:00:00,TAX_CERT,11,52,flagged,2023-06-18T12:00:00,1854.93,AUDIT_DONE
3340,36315,2023-11-24T13:00:00,ID_RENEWAL,11,56,passed,2024-01-23T13:00:00,142.55,
3341,87154,2023-04-02T01:00:00,TAX_CERT,1,10,passed,2023-05-17T01:00:00,105.26,
3342,79690,2023-03-09T17:00:00,ID_RENEWAL,8,134,passed,2023-04-04T17:00:00,0.71,
3343,53922,2023-06-27T16:00:00,BIRTH_CERT,11,60,passed,2023-07-08T16:00:00,190.37,
3344,38917,2023-07-04T19:00:00,BUSINESS_PERMIT,11,13,passed,2023-07-27T19:00:00,46.02,
3345,94239,2024-03-03T13:00:00,ID_RENEWAL,2,63,flagged,2024-04-13T13:00:00,1272.69,AUDIT_DONE
3346,55716,2024-06-08T02:00:00,BIRTH_CERT,3,36,passed,2024-06-19T02:00:00,85.82,
3347,38873,2023-11-07T14:00:00,ID_RENEWAL,12,66,flagged,2023-12-06T14:00:00,1816.17,AUDIT_DONE
3348,42048,2023-04-01T01:00:00,ID_RENEWAL,6,175,passed,2023-05-27T01:00:00,42.42,
3349,22407,2024-03-19T15:00:00,BIRTH_CERT,4,155,passed,2024-04-03T15:00:00,100.77,
3350,63502,2023-05-08T23:00:00,FAMILY_STATUS,5,36,passed,2023-06-14T23:00:00,121.28,
3351,22883,2023-01-30T23:00:00,BIRTH_CERT,2,104,flagged,2023-03-22T23:00:00,1312.57,AUDIT_DONE
3352,63630,2024-05-22T15:00:00,TAX_CERT,7,33,passed,2024-06-11T15:00:00,108.54,
3353,95818,2024-03-18T17:00:00,BUSINESS_PERMIT,9,171,passed,2024-05-10T17:00:00,4.91,
3354,67013,2023-06-15T14:00:00,BUSINESS_PERMIT,7,45,passed,2023-07-19T14:00:00,36.82,
3355,94355,2024-06-11T22:00:00,BUSINESS_PERMIT,9,3,passed,2024-07-16T22:00:00,137.56,
3356,98601,2023-03-29T12:00:00,BIRTH_CERT,6,44,passed,2023-05-13T12:00:00,183.36,
3357,80183,2023-01-01T14:00:00,ID_RENEWAL,5,149,passed,2023-02-13T14:00:00,161.68,
3358,52299,2023-05-19T10:00:00,BIRTH_CERT,6,160,passed,2023-06-22T10:00:00,92.97,
3359,58412,2024-05-22T12:00:00,BIRTH_CERT,5,7,passed,2024-07-03T12:00:00,37.59,
3360,26357,2023-01-26T10:00:00,BUSINESS_PERMIT,1,19,rejected,2023-02-20T10:00:00,47.06,AUDIT_DONE
3361,28228,2023-04-22T12:00:00,BIRTH_CERT,6,124,passed,2023-05-03T12:00:00,37.69,
3362,24961,2023-12-27T12:00:00,FAMILY_STATUS,6,24,passed,2024-02-13T12:00:00,88.28,
3363,10571,2024-06-22T13:00:00,BIRTH_CERT,1,15,flagged,2024-07-01T13:00:00,1233.27,AUDIT_DONE
3364,83554,2023-07-08T08:00:00,BUSINESS_PERMIT,5,153,flagged,2023-08-12T08:00:00,1017.14,AUDIT_DONE
3365,28519,2023-12-24T20:00:00,BIRTH_CERT,8,13,passed,2024-02-18T20:00:00,128.51,
3366,11729,2023-07-20T00:00:00,ID_RENEWAL,2,27,flagged,2023-09-05T00:00:00,979.91,AUDIT_DONE
3367,13009,2024-06-03T12:00:00,BUSINESS_PERMIT,11,10,passed,2024-07-28T12:00:00,34.18,
3368,37632,2023-12-19T04:00:00,ID_RENEWAL,3,42,passed,2024-02-02T04:00:00,37.81,
3369,35633,2023-01-17T12:00:00,ID_RENEWAL,3,11,passed,2023-03-05T12:00:00,190.45,
3370,85263,2023-05-20T08:00:00,BUSINESS_PERMIT,3,99,passed,2023-06-12T08:00:00,84.69,
3371,52812,2024-01-08T07:00:00,BUSINESS_PERMIT,8,163,passed,2024-03-06T07:00:00,4.98,
3372,58166,2023-04-05T20:00:00,BUSINESS_PERMIT,5,79,passed,2023-05-20T20:00:00,132.67,
3373,57433,2024-05-22T08:00:00,FAMILY_STATUS,1,98,passed,2024-06-11T08:00:00,98.59,
3374,95893,2023-09-17T11:00:00,BUSINESS_PERMIT,4,66,passed,2023-10-18T11:00:00,13.12,
3375,35991,2024-03-04T11:00:00,FAMILY_STATUS,9,51,passed,2024-04-12T11:00:00,174.52,
3376,64590,2023-08-23T21:00:00,BUSINESS_PERMIT,6,168,passed,2023-09-09T21:00:00,85.79,
3377,96900,2023-08-10T13:00:00,BUSINESS_PERMIT,7,77,passed,2023-08-18T13:00:00,48.07,
3378,48106,2024-04-29T11:00:00,TAX_CERT,9,121,passed,2024-06-13T11:00:00,101.58,
3379,43006,2023-06-12T20:00:00,FAMILY_STATUS,7,157,passed,2023-07-30T20:00:00,131.38,
3380,56665,2023-09-07T23:00:00,ID_RENEWAL,7,153,passed,2023-09-16T23:00:00,173.3,
3381,79731,2023-11-09T10:00:00,FAMILY_STATUS,1,93,rejected,2023-11-27T10:00:00,1.59,AUDIT_DONE
3382,89103,2024-02-15T14:00:00,TAX_CERT,3,3,passed,2024-03-04T14:00:00,39.41,
3383,87370,2023-02-16T22:00:00,FAMILY_STATUS,8,115,passed,2023-03-04T22:00:00,147.66,
3384,83692,2023-10-04T20:00:00,ID_RENEWAL,6,171,passed,2023-10-26T20:00:00,137.13,
3385,15039,2023-03-06T13:00:00,TAX_CERT,3,86,passed,2023-04-04T13:00:00,70.23,
3386,50848,2023-01-05T09:00:00,TAX_CERT,6,6,passed,2023-01-18T09:00:00,191.88,
3387,99624,2023-12-18T07:00:00,TAX_CERT,2,36,rejected,2024-02-12T07:00:00,29.83,AUDIT_DONE
3388,23181,2023-08-18T15:00:00,ID_RENEWAL,10,85,passed,2023-10-10T15:00:00,159.5,
3389,62573,2023-05-26T07:00:00,FAMILY_STATUS,11,91,passed,2023-06-12T07:00:00,54.95,
3390,34009,2023-07-09T14:00:00,FAMILY_STATUS,5,39,passed,2023-08-09T14:00:00,168.1,
3391,82614,2023-04-24T22:00:00,FAMILY_STATUS,1,135,passed,2023-05-13T22:00:00,44.69,
3392,89118,2023-12-23T09:00:00,ID_RENEWAL,6,21,passed,2024-01-01T09:00:00,151.32,
3393,55091,2023-08-26T10:00:00,FAMILY_STATUS,2,21,passed,2023-09-21T10:00:00,180.38,
3394,64772,2023-11-17T21:00:00,TAX_CERT,4,177,passed,2024-01-11T21:00:00,6.25,
3395,42791,2024-04-30T05:00:00,BUSINESS_PERMIT,9,28,passed,2024-06-04T05:00:00,39.96,
3396,31860,2023-04-08T04:00:00,BUSINESS_PERMIT,2,171,passed,2023-05-12T04:00:00,95.13,
3397,76999,2023-09-21T03:00:00,BUSINESS_PERMIT,3,109,passed,2023-10-05T03:00:00,51.51,
3398,40676,2024-02-06T05:00:00,ID_RENEWAL,1,151,passed,2024-03-20T05:00:00,11.84,
3399,67124,2024-03-17T07:00:00,BUSINESS_PERMIT,1,61,rejected,2024-03-28T07:00:00,29.89,AUDIT_DONE
3400,87355,2023-03-02T09:00:00,BIRTH_CERT,6,9,flagged,2023-04-30T09:00:00,1665.32,AUDIT_DONE
3401,32707,2023-05-27T04:00:00,TAX_CERT,11,108,passed,2023-06-09T04:00:00,135.34,
3402,55109,2023-10-15T07:00:00,ID_RENEWAL,9,143,passed,2023-11-23T07:00:00,7.7,
3403,62525,2023-10-26T20:00:00,FAMILY_STATUS,3,15,passed,2023-11-17T20:00:00,121.56,
3404,24033,2024-01-11T01:00:00,TAX_CERT,11,38,passed,2024-02-02T01:00:00,157.09,
3405,34222,2023-09-19T04:00:00,BIRTH_CERT,8,93,flagged,2023-10-25T04:00:00,1329.88,AUDIT_DONE
3406,92406,2023-03-07T03:00:00,FAMILY_STATUS,12,85,passed,2023-04-01T03:00:00,4.86,
3407,58825,2023-07-18T02:00:00,TAX_CERT,9,52,passed,2023-09-02T02:00:00,49.75,
3408,73413,2023-03-28T01:00:00,BUSINESS_PERMIT,11,168,flagged,2023-05-11T01:00:00,1597.37,AUDIT_DONE
3409,86617,2023-05-02T21:00:00,ID_RENEWAL,11,28,passed,2023-06-21T21:00:00,81.6,
3410,18418,2024-04-23T19:00:00,BUSINESS_PERMIT,3,100,rejected,2024-06-20T19:00:00,48.0,AUDIT_DONE
3411,20928,2023-08-07T05:00:00,ID_RENEWAL,9,29,flagged,2023-09-22T05:00:00,969.51,AUDIT_DONE
3412,42268,2024-05-30T15:00:00,BUSINESS_PERMIT,4,159,passed,2024-07-11T15:00:00,19.59,
3413,24930,2023-03-19T10:00:00,ID_RENEWAL,8,56,passed,2023-04-25T10:00:00,87.03,
3414,94340,2024-01-03T04:00:00,FAMILY_STATUS,10,132,passed,2024-02-07T04:00:00,97.46,
3415,17402,2023-12-21T19:00:00,FAMILY_STATUS,12,159,flagged,2024-01-09T19:00:00,897.17,AUDIT_DONE
3416,94698,2023-10-08T10:00:00,BUSINESS_PERMIT,1,3,flagged,2023-10-23T10:00:00,1013.1,AUDIT_DONE
3417,50590,2024-06-17T07:00:00,FAMILY_STATUS,9,127,passed,2024-07-07T07:00:00,6.84,
3418,16190,2023-02-26T05:00:00,TAX_CERT,10,81,passed,2023-03-30T05:00:00,90.52,
3419,63488,2023-02-18T08:00:00,BUSINESS_PERMIT,1,155,flagged,2023-03-14T08:00:00,1746.41,AUDIT_DONE
3420,65569,2023-12-23T09:00:00,BIRTH_CERT,11,18,passed,2024-01-14T09:00:00,144.72,
3421,27322,2024-06-01T03:00:00,BUSINESS_PERMIT,1,20,flagged,2024-07-20T03:00:00,1796.13,AUDIT_DONE
3422,17878,2023-06-26T02:00:00,ID_RENEWAL,1,81,passed,2023-07-27T02:00:00,48.91,
3423,32158,2023-11-14T05:00:00,FAMILY_STATUS,3,1,passed,2023-12-26T05:00:00,107.08,
3424,98095,2023-08-30T05:00:00,BUSINESS_PERMIT,1,141,flagged,2023-09-10T05:00:00,1622.17,AUDIT_DONE
3425,41137,2024-06-19T03:00:00,BIRTH_CERT,12,164,passed,2024-06-26T03:00:00,83.07,
3426,11655,2023-03-30T20:00:00,BUSINESS_PERMIT,12,123,rejected,2023-05-14T20:00:00,36.91,AUDIT_DONE
3427,16051,2024-06-06T18:00:00,ID_RENEWAL,12,79,passed,2024-06-24T18:00:00,85.68,
3428,16600,2023-01-24T11:00:00,BUSINESS_PERMIT,3,21,passed,2023-03-21T11:00:00,143.45,
3429,13615,2023-01-10T14:00:00,BIRTH_CERT,2,112,passed,2023-03-08T14:00:00,112.13,
3430,24434,2023-11-25T03:00:00,BIRTH_CERT,3,56,passed,2023-12-07T03:00:00,105.82,
3431,65091,2023-03-24T19:00:00,BIRTH_CERT,5,165,passed,2023-04-23T19:00:00,51.91,
3432,88648,2024-04-28T04:00:00,TAX_CERT,10,102,passed,2024-05-12T04:00:00,77.9,
3433,25247,2024-04-09T13:00:00,BIRTH_CERT,8,21,passed,2024-05-29T13:00:00,89.23,
3434,27625,2024-05-27T13:00:00,BUSINESS_PERMIT,3,109,passed,2024-06-09T13:00:00,70.88,
3435,37193,2024-01-26T14:00:00,BUSINESS_PERMIT,9,57,rejected,2024-03-04T14:00:00,18.61,AUDIT_DONE
3436,31741,2023-04-11T06:00:00,TAX_CERT,9,135,passed,2023-04-20T06:00:00,57.3,
3437,48944,2023-08-11T21:00:00,BUSINESS_PERMIT,11,74,passed,2023-09-06T21:00:00,192.28,
3438,99125,2024-01-26T05:00:00,ID_RENEWAL,8,109,passed,2024-02-20T05:00:00,43.68,
3439,23404,2023-03-15T14:00:00,FAMILY_STATUS,7,25,passed,2023-05-03T14:00:00,34.82,
3440,65246,2023-07-10T09:00:00,TAX_CERT,9,59,passed,2023-08-20T09:00:00,79.36,
3441,80601,2024-03-01T08:00:00,BIRTH_CERT,8,7,flagged,2024-04-01T08:00:00,1265.96,AUDIT_DONE
3442,83234,2024-02-01T18:00:00,TAX_CERT,9,124,rejected,2024-03-14T18:00:00,10.82,AUDIT_DONE
3443,39863,2023-01-04T00:00:00,BUSINESS_PERMIT,5,139,passed,2023-02-21T00:00:00,136.58,
3444,87838,2023-08-21T22:00:00,ID_RENEWAL,2,89,passed,2023-09-06T22:00:00,36.22,
3445,15725,2023-06-21T15:00:00,FAMILY_STATUS,1,99,passed,2023-07-02T15:00:00,44.61,
3446,69200,2023-02-21T12:00:00,TAX_CERT,12,176,passed,2023-04-03T12:00:00,18.84,
3447,21469,2023-05-12T16:00:00,BIRTH_CERT,3,72,passed,2023-05-20T16:00:00,103.72,
3448,17002,2023-04-27T14:00:00,BUSINESS_PERMIT,12,150,flagged,2023-06-14T14:00:00,1935.2,AUDIT_DONE
3449,78241,2023-12-09T21:00:00,FAMILY_STATUS,8,135,passed,2024-01-31T21:00:00,158.01,
3450,31132,2024-05-03T09:00:00,TAX_CERT,10,158,passed,2024-05-30T09:00:00,120.05,
3451,54007,2023-04-20T15:00:00,BUSINESS_PERMIT,2,29,passed,2023-06-16T15:00:00,170.73,
3452,11233,2023-12-31T16:00:00,BUSINESS_PERMIT,12,25,passed,2024-01-13T16:00:00,106.91,
3453,51075,2023-03-20T15:00:00,BUSINESS_PERMIT,4,162,flagged,2023-05-11T15:00:00,1824.99,AUDIT_DONE
3454,58040,2023-09-07T03:00:00,FAMILY_STATUS,7,52,flagged,2023-10-13T03:00:00,1001.8,AUDIT_DONE
3455,63807,2024-04-04T05:00:00,TAX_CERT,12,107,passed,2024-05-19T05:00:00,119.34,
3456,78885,2024-05-14T17:00:00,BIRTH_CERT,9,19,passed,2024-06-03T17:00:00,167.84,
3457,94279,2023-02-24T12:00:00,ID_RENEWAL,9,43,passed,2023-03-16T12:00:00,22.77,
3458,32510,2024-05-26T02:00:00,ID_RENEWAL,7,127,passed,2024-07-16T02:00:00,159.07,
3459,41729,2024-02-03T07:00:00,ID_RENEWAL,12,50,passed,2024-04-03T07:00:00,24.11,
3460,50694,2024-04-26T19:00:00,BIRTH_CERT,9,85,passed,2024-05-05T19:00:00,7.33,
3461,58702,2023-02-27T07:00:00,BIRTH_CERT,8,173,passed,2023-03-24T07:00:00,71.45,
3462,40725,2023-12-07T16:00:00,BIRTH_CERT,4,88,passed,2024-02-04T16:00:00,180.76,
3463,30201,2023-05-07T04:00:00,TAX_CERT,8,72,rejected,2023-06-23T04:00:00,10.89,AUDIT_DONE
3464,34150,2023-11-26T10:00:00,FAMILY_STATUS,2,113,flagged,2024-01-10T10:00:00,883.69,AUDIT_DONE
3465,23932,2023-03-10T20:00:00,TAX_CERT,12,66,flagged,2023-03-28T20:00:00,1841.18,AUDIT_DONE
3466,88411,2023-07-12T12:00:00,FAMILY_STATUS,1,32,passed,2023-08-24T12:00:00,79.03,
3467,40638,2024-01-02T08:00:00,ID_RENEWAL,2,54,flagged,2024-01-29T08:00:00,1465.83,AUDIT_DONE
3468,71642,2023-11-18T12:00:00,BIRTH_CERT,4,14,passed,2024-01-13T12:00:00,1.74,
3469,86958,2024-02-14T16:00:00,BUSINESS_PERMIT,11,87,flagged,2024-04-02T16:00:00,1546.11,AUDIT_DONE
3470,14208,2023-11-10T11:00:00,BIRTH_CERT,10,138,passed,2024-01-02T11:00:00,125.93,
3471,53073,2023-06-30T22:00:00,ID_RENEWAL,2,118,passed,2023-07-19T22:00:00,155.28,
3472,71665,2024-03-04T12:00:00,TAX_CERT,9,17,passed,2024-04-19T12:00:00,41.24,
3473,39669,2024-03-15T14:00:00,FAMILY_STATUS,1,123,passed,2024-05-03T14:00:00,24.2,
3474,45438,2023-01-12T22:00:00,ID_RENEWAL,3,79,passed,2023-01-29T22:00:00,34.33,
3475,40761,2024-06-21T23:00:00,BUSINESS_PERMIT,4,16,passed,2024-07-09T23:00:00,182.47,
3476,50632,2023-11-17T09:00:00,FAMILY_STATUS,1,25,flagged,2024-01-13T09:00:00,919.85,AUDIT_DONE
3477,97576,2023-10-02T05:00:00,ID_RENEWAL,5,142,flagged,2023-11-20T05:00:00,1124.9,AUDIT_DONE
3478,88764,2023-06-11T22:00:00,FAMILY_STATUS,5,63,flagged,2023-06-18T22:00:00,1704.73,AUDIT_DONE
3479,77469,2024-03-25T13:00:00,BUSINESS_PERMIT,6,180,flagged,2024-05-13T13:00:00,909.03,AUDIT_DONE
3480,23506,2023-03-08T10:00:00,FAMILY_STATUS,7,71,passed,2023-04-02T10:00:00,160.54,
3481,71270,2024-05-21T11:00:00,ID_RENEWAL,4,159,passed,2024-06-09T11:00:00,141.34,
3482,99702,2023-11-24T09:00:00,BIRTH_CERT,11,35,passed,2023-12-06T09:00:00,64.96,
3483,19253,2023-02-27T16:00:00,ID_RENEWAL,3,99,flagged,2023-04-27T16:00:00,1600.88,AUDIT_DONE
3484,87808,2023-07-24T10:00:00,TAX_CERT,7,82,passed,2023-09-05T10:00:00,36.25,
3485,86426,2023-02-06T20:00:00,BUSINESS_PERMIT,3,62,passed,2023-03-12T20:00:00,142.22,
3486,84538,2023-06-27T05:00:00,FAMILY_STATUS,10,89,passed,2023-07-09T05:00:00,107.45,
3487,12128,2023-04-06T02:00:00,BIRTH_CERT,11,139,flagged,2023-05-26T02:00:00,1030.25,AUDIT_DONE
3488,10288,2023-08-25T09:00:00,BUSINESS_PERMIT,3,72,passed,2023-09-19T09:00:00,171.73,
3489,36420,2024-03-10T21:00:00,FAMILY_STATUS,3,132,flagged,2024-03-29T21:00:00,1124.19,AUDIT_DONE
3490,58618,2024-06-13T17:00:00,ID_RENEWAL,10,59,rejected,2024-07-20T17:00:00,12.87,AUDIT_DONE
3491,57444,2024-06-23T12:00:00,FAMILY_STATUS,7,157,passed,2024-07-27T12:00:00,7.46,
3492,82677,2023-06-29T09:00:00,FAMILY_STATUS,4,144,passed,2023-07-14T09:00:00,188.76,
3493,85709,2023-12-18T00:00:00,FAMILY_STATUS,8,69,passed,2023-12-26T00:00:00,164.24,
3494,45648,2023-06-17T17:00:00,BUSINESS_PERMIT,11,134,flagged,2023-08-01T17:00:00,1986.44,AUDIT_DONE
3495,47143,2023-01-09T07:00:00,FAMILY_STATUS,10,110,flagged,2023-02-12T07:00:00,1526.06,AUDIT_DONE
3496,15872,2023-08-03T10:00:00,FAMILY_STATUS,10,25,flagged,2023-08-31T10:00:00,1364.39,AUDIT_DONE
3497,87162,2024-04-13T03:00:00,FAMILY_STATUS,9,134,passed,2024-05-27T03:00:00,7.53,
3498,47329,2023-10-08T04:00:00,BIRTH_CERT,9,131,rejected,2023-11-01T04:00:00,10.61,AUDIT_DONE
3499,80633,2024-02-16T21:00:00,BIRTH_CERT,7,133,rejected,2024-03-31T21:00:00,21.48,AUDIT_DONE
3500,12916,2023-09-22T14:00:00,BUSINESS_PERMIT,1,105,flagged,2023-11-09T14:00:00,1349.09,AUDIT_DONE
3501,38166,2023-02-22T02:00:00,BIRTH_CERT,5,160,passed,2023-03-02T02:00:00,16.41,
3502,64897,2023-09-24T22:00:00,BUSINESS_PERMIT,8,27,passed,2023-10-23T22:00:00,96.09,
3503,12621,2023-11-30T00:00:00,ID_RENEWAL,11,87,passed,2024-01-03T00:00:00,145.59,
3504,33684,2024-01-29T15:00:00,TAX_CERT,11,75,passed,2024-03-19T15:00:00,177.36,
3505,85429,2023-10-18T22:00:00,BIRTH_CERT,4,95,passed,2023-11-21T22:00:00,127.93,
3506,63603,2023-12-02T00:00:00,BUSINESS_PERMIT,5,83,flagged,2023-12-30T00:00:00,819.97,AUDIT_DONE
3507,44641,2023-08-23T15:00:00,TAX_CERT,6,80,passed,2023-10-16T15:00:00,164.96,
3508,68419,2024-03-21T02:00:00,ID_RENEWAL,8,180,passed,2024-04-18T02:00:00,33.56,
3509,80636,2023-11-04T01:00:00,FAMILY_STATUS,3,85,passed,2023-11-26T01:00:00,172.44,
3510,77392,2024-05-17T13:00:00,ID_RENEWAL,12,45,flagged,2024-06-12T13:00:00,1849.45,AUDIT_DONE
3511,63373,2024-02-26T07:00:00,BIRTH_CERT,9,166,passed,2024-04-20T07:00:00,48.9,
3512,21086,2023-02-23T21:00:00,ID_RENEWAL,7,51,passed,2023-03-03T21:00:00,70.16,
3513,90005,2023-03-23T04:00:00,TAX_CERT,8,141,passed,2023-04-04T04:00:00,120.22,
3514,74189,2023-01-02T09:00:00,BUSINESS_PERMIT,11,129,flagged,2023-02-23T09:00:00,976.92,AUDIT_DONE
3515,64388,2023-12-25T16:00:00,TAX_CERT,7,122,passed,2024-01-21T16:00:00,43.25,
3516,37693,2023-02-22T06:00:00,BIRTH_CERT,12,109,passed,2023-03-19T06:00:00,60.81,
3517,40491,2023-09-22T12:00:00,ID_RENEWAL,9,154,passed,2023-10-14T12:00:00,147.75,
3518,21636,2023-03-15T21:00:00,BUSINESS_PERMIT,3,51,passed,2023-04-17T21:00:00,87.95,
3519,70422,2023-02-18T14:00:00,BUSINESS_PERMIT,4,32,flagged,2023-03-19T14:00:00,1161.74,AUDIT_DONE
3520,68261,2024-03-14T05:00:00,BIRTH_CERT,11,106,flagged,2024-04-15T05:00:00,1265.75,AUDIT_DONE
3521,74013,2023-11-17T22:00:00,BUSINESS_PERMIT,1,131,passed,2024-01-01T22:00:00,181.9,
3522,47389,2023-09-29T15:00:00,BIRTH_CERT,6,157,passed,2023-10-21T15:00:00,57.37,
3523,43259,2023-12-09T04:00:00,ID_RENEWAL,10,91,flagged,2024-01-14T04:00:00,1335.35,AUDIT_DONE
3524,44752,2023-09-03T15:00:00,TAX_CERT,7,120,passed,2023-09-11T15:00:00,95.06,
3525,55971,2023-01-24T15:00:00,TAX_CERT,7,120,passed,2023-02-28T15:00:00,61.63,
3526,37257,2023-11-02T02:00:00,ID_RENEWAL,2,82,flagged,2023-12-20T02:00:00,1719.84,AUDIT_DONE
3527,63613,2023-03-01T01:00:00,FAMILY_STATUS,11,12,passed,2023-03-10T01:00:00,55.55,
3528,44523,2024-02-12T11:00:00,FAMILY_STATUS,12,130,passed,2024-04-05T11:00:00,148.97,
3529,33631,2023-09-08T16:00:00,TAX_CERT,6,168,passed,2023-10-06T16:00:00,73.09,
3530,11766,2023-05-14T13:00:00,ID_RENEWAL,7,9,passed,2023-07-02T13:00:00,183.08,
3531,42180,2023-09-24T14:00:00,FAMILY_STATUS,1,147,flagged,2023-11-17T14:00:00,884.17,AUDIT_DONE
3532,84409,2024-01-06T13:00:00,BIRTH_CERT,2,21,passed,2024-02-14T13:00:00,153.08,
3533,75848,2024-02-13T10:00:00,TAX_CERT,2,23,passed,2024-03-11T10:00:00,136.57,
3534,68809,2024-04-03T08:00:00,BUSINESS_PERMIT,7,110,passed,2024-05-10T08:00:00,146.03,
3535,46787,2023-04-06T16:00:00,BUSINESS_PERMIT,11,166,passed,2023-04-13T16:00:00,97.37,
3536,29301,2024-02-26T12:00:00,BIRTH_CERT,11,167,flagged,2024-04-08T12:00:00,1800.67,AUDIT_DONE
3537,86830,2023-01-17T23:00:00,FAMILY_STATUS,6,35,passed,2023-03-03T23:00:00,68.62,
3538,40496,2023-01-18T16:00:00,TAX_CERT,11,159,passed,2023-03-10T16:00:00,143.67,
3539,12273,2023-01-04T23:00:00,FAMILY_STATUS,3,148,flagged,2023-01-29T23:00:00,1395.66,AUDIT_DONE
3540,18793,2023-10-12T15:00:00,FAMILY_STATUS,11,62,passed,2023-10-28T15:00:00,84.47,
3541,14224,2023-02-26T11:00:00,FAMILY_STATUS,2,56,flagged,2023-03-29T11:00:00,1438.32,AUDIT_DONE
3542,43204,2024-05-11T09:00:00,BUSINESS_PERMIT,8,63,passed,2024-05-23T09:00:00,118.16,
3543,26803,2024-05-27T10:00:00,ID_RENEWAL,3,67,passed,2024-07-25T10:00:00,172.95,
3544,98106,2023-07-12T10:00:00,TAX_CERT,10,68,passed,2023-09-04T10:00:00,3.34,
3545,80421,2023-08-20T16:00:00,BUSINESS_PERMIT,8,166,passed,2023-09-01T16:00:00,71.47,
3546,58033,2024-02-28T09:00:00,ID_RENEWAL,8,123,passed,2024-03-19T09:00:00,40.76,
3547,45066,2024-06-01T21:00:00,BUSINESS_PERMIT,4,3,passed,2024-06-20T21:00:00,102.82,
3548,80512,2023-11-22T17:00:00,FAMILY_STATUS,2,90,passed,2024-01-01T17:00:00,124.4,
3549,91248,2023-06-21T22:00:00,ID_RENEWAL,2,126,passed,2023-08-06T22:00:00,65.57,
3550,82613,2024-06-19T09:00:00,BUSINESS_PERMIT,12,174,flagged,2024-07-06T09:00:00,891.17,AUDIT_DONE
3551,33306,2023-12-05T11:00:00,TAX_CERT,9,29,passed,2024-01-20T11:00:00,69.03,
3552,22019,2023-07-30T03:00:00,BIRTH_CERT,10,57,passed,2023-09-11T03:00:00,152.44,
3553,60486,2023-02-12T23:00:00,TAX_CERT,1,51,rejected,2023-03-07T23:00:00,3.25,AUDIT_DONE
3554,23473,2023-09-23T04:00:00,BIRTH_CERT,12,156,rejected,2023-10-10T04:00:00,8.65,AUDIT_DONE
3555,87021,2024-01-14T18:00:00,ID_RENEWAL,8,62,rejected,2024-03-14T18:00:00,42.35,AUDIT_DONE
3556,21885,2023-06-27T02:00:00,ID_RENEWAL,9,81,passed,2023-07-22T02:00:00,180.92,
3557,56708,2023-10-30T23:00:00,FAMILY_STATUS,7,23,passed,2023-12-17T23:00:00,16.77,
3558,50279,2023-07-20T01:00:00,FAMILY_STATUS,2,83,passed,2023-09-16T01:00:00,37.96,
3559,90824,2023-01-11T14:00:00,BUSINESS_PERMIT,8,137,passed,2023-01-21T14:00:00,142.44,
3560,63317,2024-01-05T19:00:00,BUSINESS_PERMIT,9,78,passed,2024-02-10T19:00:00,62.57,
3561,83185,2023-09-01T23:00:00,TAX_CERT,5,84,rejected,2023-10-28T23:00:00,15.18,AUDIT_DONE
3562,30014,2023-04-11T04:00:00,ID_RENEWAL,7,158,flagged,2023-05-09T04:00:00,1517.54,AUDIT_DONE
3563,23497,2024-03-02T09:00:00,ID_RENEWAL,11,22,rejected,2024-04-29T09:00:00,45.87,AUDIT_DONE
3564,22226,2024-03-05T03:00:00,ID_RENEWAL,12,98,rejected,2024-04-20T03:00:00,19.03,AUDIT_DONE
3565,27563,2023-03-02T22:00:00,ID_RENEWAL,12,135,passed,2023-03-25T22:00:00,32.01,
3566,20973,2024-02-19T17:00:00,BUSINESS_PERMIT,3,107,flagged,2024-03-06T17:00:00,1910.07,AUDIT_DONE
3567,84511,2023-12-31T20:00:00,BUSINESS_PERMIT,7,44,passed,2024-02-15T20:00:00,76.21,
3568,21318,2023-05-30T00:00:00,ID_RENEWAL,9,50,passed,2023-07-27T00:00:00,99.31,
3569,93040,2023-01-12T11:00:00,FAMILY_STATUS,10,59,passed,2023-02-28T11:00:00,159.93,
3570,30696,2024-05-19T04:00:00,TAX_CERT,3,142,passed,2024-06-07T04:00:00,9.83,
3571,54512,2023-02-01T01:00:00,BIRTH_CERT,11,170,passed,2023-03-15T01:00:00,169.06,
3572,28972,2024-05-20T23:00:00,BIRTH_CERT,3,66,flagged,2024-06-03T23:00:00,1467.8,AUDIT_DONE
3573,53408,2023-12-25T02:00:00,BIRTH_CERT,5,86,passed,2024-01-03T02:00:00,143.44,
3574,59820,2023-01-24T22:00:00,ID_RENEWAL,3,162,rejected,2023-03-23T22:00:00,19.97,AUDIT_DONE
3575,11676,2023-10-22T17:00:00,BUSINESS_PERMIT,1,45,flagged,2023-11-14T17:00:00,1798.1,AUDIT_DONE
3576,89559,2024-01-03T09:00:00,FAMILY_STATUS,8,68,passed,2024-02-23T09:00:00,160.93,
3577,86601,2023-02-12T22:00:00,BIRTH_CERT,10,6,passed,2023-03-23T22:00:00,16.69,
3578,53152,2023-12-05T13:00:00,FAMILY_STATUS,7,177,passed,2024-01-05T13:00:00,7.06,
3579,68038,2024-03-17T04:00:00,BUSINESS_PERMIT,4,132,passed,2024-04-25T04:00:00,106.17,
3580,61033,2023-12-22T13:00:00,ID_RENEWAL,12,158,passed,2024-01-11T13:00:00,47.53,
3581,22804,2024-03-02T20:00:00,TAX_CERT,3,36,flagged,2024-03-14T20:00:00,827.64,AUDIT_DONE
3582,68617,2024-01-27T00:00:00,ID_RENEWAL,5,124,flagged,2024-03-22T00:00:00,1132.51,AUDIT_DONE
3583,43600,2023-01-16T06:00:00,BIRTH_CERT,9,5,passed,2023-03-10T06:00:00,24.25,
3584,50375,2023-11-27T23:00:00,ID_RENEWAL,4,144,passed,2023-12-22T23:00:00,143.65,
3585,50321,2023-05-05T08:00:00,BUSINESS_PERMIT,8,145,flagged,2023-05-26T08:00:00,1948.44,AUDIT_DONE
3586,63587,2023-05-12T17:00:00,BUSINESS_PERMIT,4,151,passed,2023-07-05T17:00:00,18.6,
3587,61621,2023-08-09T20:00:00,BUSINESS_PERMIT,1,145,passed,2023-09-27T20:00:00,44.21,
3588,79300,2023-01-09T17:00:00,BUSINESS_PERMIT,5,131,flagged,2023-02-25T17:00:00,1284.81,AUDIT_DONE
3589,96970,2023-12-06T12:00:00,BIRTH_CERT,12,170,passed,2024-01-05T12:00:00,178.18,
3590,24520,2023-07-10T05:00:00,BIRTH_CERT,9,43,flagged,2023-09-03T05:00:00,1881.28,AUDIT_DONE
3591,77402,2023-08-12T04:00:00,FAMILY_STATUS,4,96,passed,2023-09-20T04:00:00,87.36,
3592,63674,2024-03-13T17:00:00,BUSINESS_PERMIT,12,77,passed,2024-04-20T17:00:00,166.36,
3593,72866,2024-05-29T00:00:00,FAMILY_STATUS,10,103,passed,2024-06-19T00:00:00,160.34,
3594,56846,2023-10-15T18:00:00,TAX_CERT,6,148,passed,2023-11-05T18:00:00,29.31,
3595,92379,2023-03-25T15:00:00,TAX_CERT,6,89,passed,2023-05-09T15:00:00,141.82,
3596,21401,2024-05-30T22:00:00,ID_RENEWAL,10,126,passed,2024-06-23T22:00:00,141.71,
3597,68164,2023-10-26T16:00:00,FAMILY_STATUS,7,176,flagged,2023-11-29T16:00:00,1914.25,AUDIT_DONE
3598,43708,2023-05-04T23:00:00,FAMILY_STATUS,11,31,flagged,2023-06-07T23:00:00,1542.58,AUDIT_DONE
3599,56948,2023-08-18T08:00:00,BUSINESS_PERMIT,10,105,passed,2023-10-13T08:00:00,63.66,
3600,11040,2023-11-15T03:00:00,ID_RENEWAL,10,104,passed,2023-12-07T03:00:00,119.77,
3601,61904,2023-07-31T11:00:00,TAX_CERT,12,130,flagged,2023-08-14T11:00:00,873.23,AUDIT_DONE
3602,32616,2023-02-08T02:00:00,FAMILY_STATUS,12,84,passed,2023-02-24T02:00:00,130.44,
3603,50017,2023-05-29T04:00:00,BIRTH_CERT,9,72,flagged,2023-06-18T04:00:00,1750.26,AUDIT_DONE
3604,43297,2023-06-21T15:00:00,BUSINESS_PERMIT,7,106,passed,2023-07-31T15:00:00,113.55,
3605,36736,2023-02-20T02:00:00,TAX_CERT,11,130,rejected,2023-04-18T02:00:00,13.73,AUDIT_DONE
3606,67492,2023-11-04T17:00:00,TAX_CERT,1,19,flagged,2023-11-25T17:00:00,1200.37,AUDIT_DONE
3607,52768,2024-01-19T16:00:00,FAMILY_STATUS,7,103,rejected,2024-02-17T16:00:00,24.3,AUDIT_DONE
3608,15361,2023-10-07T13:00:00,BIRTH_CERT,1,89,passed,2023-11-08T13:00:00,30.85,
3609,16301,2024-03-23T15:00:00,FAMILY_STATUS,5,104,passed,2024-04-07T15:00:00,27.56,
3610,30074,2023-07-31T12:00:00,BIRTH_CERT,12,77,passed,2023-09-14T12:00:00,12.59,
3611,57766,2023-12-24T13:00:00,ID_RENEWAL,8,161,rejected,2024-02-01T13:00:00,7.68,AUDIT_DONE
3612,96030,2023-06-24T02:00:00,TAX_CERT,6,83,flagged,2023-08-11T02:00:00,1819.75,AUDIT_DONE
3613,28187,2023-09-09T00:00:00,ID_RENEWAL,11,128,passed,2023-10-21T00:00:00,174.95,
3614,62122,2023-06-12T12:00:00,BUSINESS_PERMIT,3,107,passed,2023-07-12T12:00:00,188.48,
3615,12932,2024-06-08T08:00:00,BUSINESS_PERMIT,5,102,passed,2024-08-03T08:00:00,112.24,
3616,76174,2023-12-18T02:00:00,ID_RENEWAL,11,145,passed,2024-02-01T02:00:00,187.63,
3617,46351,2024-04-12T15:00:00,FAMILY_STATUS,6,95,passed,2024-06-02T15:00:00,114.52,
3618,46122,2023-04-09T09:00:00,BIRTH_CERT,10,43,passed,2023-05-13T09:00:00,134.44,
3619,84758,2023-07-02T16:00:00,BUSINESS_PERMIT,11,63,passed,2023-08-20T16:00:00,128.82,
3620,14810,2023-10-06T14:00:00,BUSINESS_PERMIT,8,112,passed,2023-11-19T14:00:00,156.03,
3621,37557,2023-01-20T11:00:00,FAMILY_STATUS,6,78,flagged,2023-03-18T11:00:00,1115.99,AUDIT_DONE
3622,83882,2023-08-16T13:00:00,TAX_CERT,9,121,passed,2023-09-18T13:00:00,20.37,
3623,73815,2023-05-25T23:00:00,BUSINESS_PERMIT,1,150,passed,2023-06-04T23:00:00,122.5,
3624,26382,2023-09-04T09:00:00,ID_RENEWAL,2,89,passed,2023-10-10T09:00:00,118.75,
3625,47714,2023-02-18T03:00:00,BIRTH_CERT,2,86,passed,2023-03-11T03:00:00,92.47,
3626,80327,2023-09-27T07:00:00,BUSINESS_PERMIT,11,19,flagged,2023-11-17T07:00:00,1591.12,AUDIT_DONE
3627,43365,2023-05-17T05:00:00,ID_RENEWAL,6,94,passed,2023-06-18T05:00:00,100.1,
3628,22482,2023-08-17T10:00:00,BUSINESS_PERMIT,5,166,rejected,2023-09-12T10:00:00,31.69,AUDIT_DONE
3629,41167,2023-12-03T20:00:00,TAX_CERT,6,120,passed,2023-12-19T20:00:00,133.04,
3630,86293,2024-01-11T11:00:00,FAMILY_STATUS,6,142,passed,2024-03-05T11:00:00,155.05,
3631,22808,2024-05-12T23:00:00,BUSINESS_PERMIT,10,78,flagged,2024-06-20T23:00:00,1234.55,AUDIT_DONE
3632,25408,2024-02-17T01:00:00,TAX_CERT,3,136,flagged,2024-04-04T01:00:00,1114.99,AUDIT_DONE
3633,49577,2024-02-25T05:00:00,BUSINESS_PERMIT,4,55,flagged,2024-04-12T05:00:00,1586.24,AUDIT_DONE
3634,68273,2023-01-02T09:00:00,ID_RENEWAL,1,120,passed,2023-02-15T09:00:00,80.09,
3635,42185,2023-09-18T23:00:00,FAMILY_STATUS,8,172,passed,2023-11-15T23:00:00,144.07,
3636,38410,2023-05-08T17:00:00,BUSINESS_PERMIT,6,82,passed,2023-06-17T17:00:00,198.94,
3637,89755,2023-10-18T11:00:00,BUSINESS_PERMIT,12,104,passed,2023-11-06T11:00:00,92.3,
3638,15152,2023-04-14T00:00:00,ID_RENEWAL,2,118,passed,2023-06-02T00:00:00,135.56,
3639,85317,2024-03-24T23:00:00,ID_RENEWAL,1,99,passed,2024-04-17T23:00:00,158.12,
3640,51132,2024-05-15T17:00:00,ID_RENEWAL,7,180,passed,2024-06-11T17:00:00,188.83,
3641,40978,2024-02-12T22:00:00,BIRTH_CERT,3,29,flagged,2024-04-10T22:00:00,1238.2,AUDIT_DONE
3642,66156,2024-03-10T14:00:00,BUSINESS_PERMIT,7,174,passed,2024-05-06T14:00:00,199.64,
3643,74100,2023-09-03T11:00:00,ID_RENEWAL,11,92,flagged,2023-09-12T11:00:00,1513.22,AUDIT_DONE
3644,38001,2024-04-10T04:00:00,TAX_CERT,3,137,passed,2024-04-22T04:00:00,54.02,
3645,89115,2023-12-20T03:00:00,BUSINESS_PERMIT,4,157,passed,2023-12-30T03:00:00,54.42,
3646,63108,2023-11-14T05:00:00,TAX_CERT,8,163,passed,2023-12-18T05:00:00,122.9,
3647,45131,2023-11-18T15:00:00,BIRTH_CERT,12,146,passed,2023-11-29T15:00:00,153.73,
3648,98282,2023-01-23T06:00:00,TAX_CERT,12,171,passed,2023-02-28T06:00:00,10.31,
3649,13301,2024-01-08T20:00:00,BIRTH_CERT,7,94,passed,2024-03-07T20:00:00,30.67,
3650,87502,2023-06-28T10:00:00,FAMILY_STATUS,3,172,passed,2023-08-04T10:00:00,179.39,
3651,21594,2023-03-11T04:00:00,TAX_CERT,9,134,passed,2023-03-24T04:00:00,187.79,
3652,30849,2023-05-12T06:00:00,BUSINESS_PERMIT,3,20,passed,2023-06-08T06:00:00,131.53,
3653,29234,2023-03-26T03:00:00,FAMILY_STATUS,10,126,flagged,2023-05-23T03:00:00,1455.87,AUDIT_DONE
3654,59485,2023-11-10T12:00:00,FAMILY_STATUS,6,116,rejected,2023-12-04T12:00:00,31.46,AUDIT_DONE
3655,24336,2023-08-08T05:00:00,BIRTH_CERT,6,176,flagged,2023-08-19T05:00:00,1136.2,AUDIT_DONE
3656,21184,2023-04-10T22:00:00,TAX_CERT,9,171,flagged,2023-05-08T22:00:00,1886.1,AUDIT_DONE
3657,17594,2024-01-27T14:00:00,TAX_CERT,4,131,rejected,2024-02-12T14:00:00,34.36,AUDIT_DONE
3658,77238,2023-04-13T22:00:00,FAMILY_STATUS,10,56,passed,2023-05-17T22:00:00,190.24,
3659,27639,2023-04-13T17:00:00,TAX_CERT,5,128,rejected,2023-06-01T17:00:00,13.01,AUDIT_DONE
3660,44991,2023-01-29T02:00:00,ID_RENEWAL,5,170,passed,2023-02-25T02:00:00,39.67,
3661,11496,2023-04-10T03:00:00,TAX_CERT,3,114,passed,2023-05-11T03:00:00,41.41,
3662,16056,2023-01-02T16:00:00,BIRTH_CERT,8,102,rejected,2023-02-08T16:00:00,23.44,AUDIT_DONE
3663,41095,2023-01-11T13:00:00,BUSINESS_PERMIT,11,171,passed,2023-02-21T13:00:00,21.68,
3664,73278,2024-01-22T04:00:00,ID_RENEWAL,12,155,passed,2024-03-10T04:00:00,96.64,
3665,77652,2024-03-02T05:00:00,BUSINESS_PERMIT,2,128,passed,2024-04-11T05:00:00,56.39,
3666,15861,2023-02-20T21:00:00,TAX_CERT,5,27,passed,2023-03-13T21:00:00,162.78,
3667,66282,2023-06-15T12:00:00,BUSINESS_PERMIT,5,168,passed,2023-07-31T12:00:00,80.12,
3668,99743,2023-11-02T03:00:00,TAX_CERT,10,157,passed,2023-12-24T03:00:00,7.4,
3669,73772,2023-01-21T12:00:00,ID_RENEWAL,5,146,passed,2023-03-14T12:00:00,112.91,
3670,88142,2023-08-23T09:00:00,BUSINESS_PERMIT,3,87,flagged,2023-10-14T09:00:00,1997.66,AUDIT_DONE
3671,23086,2023-02-24T03:00:00,TAX_CERT,9,18,flagged,2023-04-08T03:00:00,1248.52,AUDIT_DONE
3672,46342,2024-02-11T17:00:00,TAX_CERT,3,149,passed,2024-03-18T17:00:00,190.9,
3673,28159,2023-05-01T10:00:00,FAMILY_STATUS,4,18,passed,2023-06-02T10:00:00,127.52,
3674,13287,2023-06-25T12:00:00,BIRTH_CERT,1,36,passed,2023-08-18T12:00:00,84.69,
3675,89099,2024-06-06T14:00:00,TAX_CERT,6,71,passed,2024-08-05T14:00:00,28.31,
3676,99449,2023-07-23T11:00:00,BIRTH_CERT,9,60,flagged,2023-08-11T11:00:00,1793.07,AUDIT_DONE
3677,21070,2023-03-26T00:00:00,BUSINESS_PERMIT,7,93,passed,2023-04-22T00:00:00,177.08,
3678,55240,2023-11-15T10:00:00,ID_RENEWAL,5,97,passed,2024-01-06T10:00:00,154.3,
3679,21590,2023-01-27T05:00:00,TAX_CERT,12,21,passed,2023-03-23T05:00:00,181.47,
3680,86402,2023-09-08T06:00:00,BUSINESS_PERMIT,2,147,passed,2023-10-25T06:00:00,102.65,
3681,20675,2023-01-13T07:00:00,BUSINESS_PERMIT,6,155,passed,2023-02-20T07:00:00,98.56,
3682,85121,2023-01-28T06:00:00,FAMILY_STATUS,1,89,passed,2023-02-07T06:00:00,90.38,
3683,43209,2023-03-17T04:00:00,BIRTH_CERT,5,179,passed,2023-04-18T04:00:00,65.99,
3684,60486,2023-08-26T20:00:00,BIRTH_CERT,11,143,passed,2023-09-30T20:00:00,41.77,
3685,97455,2023-09-23T03:00:00,BUSINESS_PERMIT,9,117,flagged,2023-10-29T03:00:00,1284.45,AUDIT_DONE
3686,86955,2023-03-04T00:00:00,BUSINESS_PERMIT,7,72,passed,2023-04-21T00:00:00,64.92,
3687,33205,2023-08-27T02:00:00,FAMILY_STATUS,11,121,flagged,2023-09-17T02:00:00,853.53,AUDIT_DONE
3688,44606,2024-03-06T23:00:00,FAMILY_STATUS,12,116,passed,2024-04-13T23:00:00,150.99,
3689,86893,2023-04-30T00:00:00,FAMILY_STATUS,5,139,passed,2023-05-09T00:00:00,106.67,
3690,12560,2024-03-25T23:00:00,FAMILY_STATUS,4,30,passed,2024-04-25T23:00:00,198.17,
3691,57170,2023-10-24T05:00:00,BIRTH_CERT,8,14,passed,2023-12-07T05:00:00,155.89,
3692,71952,2023-11-03T15:00:00,BUSINESS_PERMIT,7,31,passed,2023-12-16T15:00:00,10.24,
3693,70468,2023-11-11T14:00:00,TAX_CERT,6,75,passed,2023-12-09T14:00:00,70.22,
3694,48802,2024-06-08T18:00:00,BIRTH_CERT,8,39,passed,2024-06-28T18:00:00,136.62,
3695,76515,2023-12-12T08:00:00,FAMILY_STATUS,11,7,flagged,2024-01-26T08:00:00,1495.96,AUDIT_DONE
3696,87349,2024-01-25T16:00:00,BIRTH_CERT,6,107,passed,2024-03-18T16:00:00,86.77,
3697,81809,2023-07-06T20:00:00,BUSINESS_PERMIT,12,105,passed,2023-08-08T20:00:00,103.88,
3698,71392,2023-02-04T19:00:00,ID_RENEWAL,8,113,flagged,2023-03-06T19:00:00,1326.84,AUDIT_DONE
3699,87235,2023-07-30T18:00:00,TAX_CERT,10,105,passed,2023-09-04T18:00:00,44.56,
3700,56870,2024-03-30T02:00:00,ID_RENEWAL,11,22,passed,2024-04-21T02:00:00,87.56,
3701,63328,2023-05-14T17:00:00,BIRTH_CERT,10,108,passed,2023-05-23T17:00:00,132.14,
3702,41700,2023-06-21T09:00:00,ID_RENEWAL,4,42,passed,2023-08-16T09:00:00,136.88,
3703,12956,2023-05-27T06:00:00,BUSINESS_PERMIT,10,151,rejected,2023-06-27T06:00:00,12.61,AUDIT_DONE
3704,62275,2023-01-29T12:00:00,BIRTH_CERT,10,67,flagged,2023-02-05T12:00:00,1616.06,AUDIT_DONE
3705,52351,2023-12-19T20:00:00,TAX_CERT,3,49,passed,2024-01-20T20:00:00,107.54,
3706,16364,2023-11-09T02:00:00,ID_RENEWAL,3,130,passed,2024-01-08T02:00:00,96.48,
3707,79692,2024-01-27T08:00:00,BUSINESS_PERMIT,5,136,flagged,2024-02-21T08:00:00,1466.82,AUDIT_DONE
3708,78194,2023-12-15T07:00:00,ID_RENEWAL,2,30,rejected,2024-02-08T07:00:00,31.59,AUDIT_DONE
3709,10846,2023-09-20T05:00:00,FAMILY_STATUS,6,90,rejected,2023-10-30T05:00:00,45.23,AUDIT_DONE
3710,13914,2023-09-11T14:00:00,BUSINESS_PERMIT,7,78,rejected,2023-11-08T14:00:00,18.26,AUDIT_DONE
3711,98963,2024-03-10T17:00:00,TAX_CERT,9,164,rejected,2024-03-18T17:00:00,27.22,AUDIT_DONE
3712,19851,2023-02-13T07:00:00,BUSINESS_PERMIT,12,152,rejected,2023-03-07T07:00:00,8.44,AUDIT_DONE
3713,87577,2023-02-05T02:00:00,BIRTH_CERT,10,84,passed,2023-02-25T02:00:00,192.89,
3714,75151,2023-05-15T17:00:00,TAX_CERT,8,145,passed,2023-06-24T17:00:00,96.81,
3715,85533,2023-03-20T08:00:00,ID_RENEWAL,3,80,passed,2023-04-07T08:00:00,159.44,
3716,40730,2024-04-30T21:00:00,TAX_CERT,10,101,passed,2024-05-07T21:00:00,22.97,
3717,20299,2023-07-07T17:00:00,ID_RENEWAL,9,130,passed,2023-08-03T17:00:00,0.9,
3718,29285,2023-07-03T16:00:00,TAX_CERT,8,80,passed,2023-07-11T16:00:00,15.86,
3719,18758,2023-01-04T02:00:00,BUSINESS_PERMIT,12,126,passed,2023-01-28T02:00:00,73.31,
3720,17281,2023-10-10T16:00:00,FAMILY_STATUS,8,159,passed,2023-10-21T16:00:00,172.98,
3721,22802,2024-02-20T13:00:00,FAMILY_STATUS,3,120,passed,2024-04-16T13:00:00,147.94,
3722,16658,2023-06-25T12:00:00,TAX_CERT,11,175,passed,2023-07-12T12:00:00,50.57,
3723,81152,2024-02-12T01:00:00,TAX_CERT,8,137,rejected,2024-04-06T01:00:00,17.08,AUDIT_DONE
3724,82796,2023-07-26T00:00:00,TAX_CERT,10,96,passed,2023-08-17T00:00:00,98.68,
3725,44028,2024-02-12T17:00:00,FAMILY_STATUS,12,165,passed,2024-02-24T17:00:00,9.79,
3726,96987,2024-04-01T19:00:00,BIRTH_CERT,3,59,passed,2024-04-25T19:00:00,97.09,
3727,57838,2023-12-17T16:00:00,ID_RENEWAL,12,26,passed,2023-12-30T16:00:00,92.06,
3728,97727,2023-04-20T18:00:00,TAX_CERT,7,128,passed,2023-05-27T18:00:00,169.4,
3729,83708,2023-01-29T19:00:00,TAX_CERT,3,90,passed,2023-02-12T19:00:00,26.14,
3730,10491,2023-12-28T04:00:00,FAMILY_STATUS,4,59,flagged,2024-02-01T04:00:00,1963.44,AUDIT_DONE
3731,55045,2023-07-22T15:00:00,BIRTH_CERT,10,88,passed,2023-08-04T15:00:00,118.68,
3732,94662,2024-01-16T10:00:00,BUSINESS_PERMIT,2,20,passed,2024-03-01T10:00:00,42.2,
3733,53810,2023-03-27T09:00:00,BUSINESS_PERMIT,10,43,rejected,2023-05-02T09:00:00,45.2,AUDIT_DONE
3734,71308,2023-11-06T22:00:00,TAX_CERT,2,80,rejected,2024-01-03T22:00:00,14.95,AUDIT_DONE
3735,41160,2024-02-26T05:00:00,ID_RENEWAL,7,34,passed,2024-04-07T05:00:00,15.95,
3736,68921,2023-07-02T09:00:00,TAX_CERT,11,148,rejected,2023-08-08T09:00:00,48.39,AUDIT_DONE
3737,35070,2024-03-20T22:00:00,FAMILY_STATUS,8,123,passed,2024-04-15T22:00:00,150.3,
3738,31599,2023-07-22T20:00:00,BIRTH_CERT,6,78,passed,2023-08-29T20:00:00,92.49,
3739,50289,2024-01-21T11:00:00,TAX_CERT,8,29,passed,2024-03-13T11:00:00,81.22,
3740,16144,2024-06-14T21:00:00,TAX_CERT,11,12,flagged,2024-07-27T21:00:00,1536.06,AUDIT_DONE
3741,86176,2023-10-04T17:00:00,BUSINESS_PERMIT,11,5,passed,2023-11-10T17:00:00,25.07,
3742,64912,2023-02-21T20:00:00,FAMILY_STATUS,1,13,passed,2023-03-04T20:00:00,1.9,
3743,60062,2024-05-09T07:00:00,TAX_CERT,8,107,passed,2024-06-10T07:00:00,175.8,
3744,88590,2023-05-09T11:00:00,TAX_CERT,5,153,passed,2023-06-11T11:00:00,6.61,
3745,23140,2023-02-24T19:00:00,FAMILY_STATUS,2,69,rejected,2023-03-06T19:00:00,31.48,AUDIT_DONE
3746,34162,2023-06-01T14:00:00,TAX_CERT,4,28,rejected,2023-07-07T14:00:00,5.68,AUDIT_DONE
3747,84917,2024-02-10T09:00:00,ID_RENEWAL,2,67,passed,2024-03-14T09:00:00,173.26,
3748,39199,2023-01-12T20:00:00,TAX_CERT,2,134,passed,2023-03-11T20:00:00,183.68,
3749,85393,2023-12-04T19:00:00,BIRTH_CERT,9,70,passed,2023-12-21T19:00:00,61.23,
3750,73084,2023-09-06T20:00:00,BUSINESS_PERMIT,6,158,passed,2023-10-27T20:00:00,83.09,
3751,31433,2023-03-26T11:00:00,FAMILY_STATUS,4,153,passed,2023-04-29T11:00:00,33.76,
3752,28776,2024-04-21T23:00:00,BIRTH_CERT,4,104,passed,2024-05-10T23:00:00,8.54,
3753,63291,2023-01-17T18:00:00,ID_RENEWAL,1,163,passed,2023-02-22T18:00:00,60.12,
3754,52583,2023-11-16T09:00:00,FAMILY_STATUS,3,116,passed,2024-01-09T09:00:00,49.88,
3755,91165,2023-09-24T21:00:00,BUSINESS_PERMIT,1,73,passed,2023-10-26T21:00:00,49.72,
3756,45080,2023-05-28T23:00:00,BIRTH_CERT,12,16,flagged,2023-06-27T23:00:00,1331.45,AUDIT_DONE
3757,87002,2023-08-19T19:00:00,ID_RENEWAL,4,79,rejected,2023-09-20T19:00:00,34.2,AUDIT_DONE
3758,55450,2023-10-11T10:00:00,TAX_CERT,4,172,passed,2023-12-01T10:00:00,36.64,
3759,76970,2024-06-09T15:00:00,ID_RENEWAL,9,178,passed,2024-07-01T15:00:00,91.33,
3760,99025,2023-08-15T07:00:00,TAX_CERT,1,124,passed,2023-10-01T07:00:00,68.08,
3761,48419,2023-02-21T05:00:00,BUSINESS_PERMIT,4,109,passed,2023-03-09T05:00:00,169.03,
3762,70114,2023-09-17T00:00:00,TAX_CERT,11,146,passed,2023-11-15T00:00:00,38.18,
3763,16317,2023-02-26T07:00:00,TAX_CERT,4,89,passed,2023-03-30T07:00:00,183.17,
3764,57924,2023-09-12T04:00:00,FAMILY_STATUS,6,25,flagged,2023-09-24T04:00:00,1384.97,AUDIT_DONE
3765,93106,2023-11-29T17:00:00,ID_RENEWAL,8,14,flagged,2023-12-23T17:00:00,1947.23,AUDIT_DONE
3766,61546,2023-10-07T04:00:00,FAMILY_STATUS,3,166,flagged,2023-11-04T04:00:00,1610.12,AUDIT_DONE
3767,27248,2023-03-14T02:00:00,FAMILY_STATUS,10,159,passed,2023-03-26T02:00:00,162.6,
3768,42698,2023-08-27T16:00:00,FAMILY_STATUS,1,125,flagged,2023-09-08T16:00:00,890.44,AUDIT_DONE
3769,18962,2023-01-22T11:00:00,BIRTH_CERT,12,58,flagged,2023-02-14T11:00:00,1172.07,AUDIT_DONE
3770,75034,2024-04-26T03:00:00,ID_RENEWAL,6,178,passed,2024-05-25T03:00:00,151.29,
3771,46394,2024-02-06T13:00:00,BUSINESS_PERMIT,4,45,rejected,2024-02-21T13:00:00,31.59,AUDIT_DONE
3772,97995,2023-09-09T00:00:00,BIRTH_CERT,7,31,flagged,2023-09-20T00:00:00,960.95,AUDIT_DONE
3773,10101,2024-01-09T22:00:00,BUSINESS_PERMIT,7,61,passed,2024-03-05T22:00:00,1.85,
3774,83711,2024-03-22T02:00:00,BUSINESS_PERMIT,6,11,passed,2024-05-06T02:00:00,10.95,
3775,50117,2024-05-27T11:00:00,TAX_CERT,11,167,passed,2024-06-07T11:00:00,89.08,
3776,87707,2023-08-09T22:00:00,ID_RENEWAL,7,7,rejected,2023-10-02T22:00:00,25.26,AUDIT_DONE
3777,16560,2023-04-22T01:00:00,TAX_CERT,2,73,flagged,2023-05-05T01:00:00,1301.12,AUDIT_DONE
3778,37148,2023-06-02T15:00:00,ID_RENEWAL,9,135,passed,2023-07-17T15:00:00,19.63,
3779,24926,2023-10-15T12:00:00,BUSINESS_PERMIT,11,30,passed,2023-11-24T12:00:00,48.61,
3780,99791,2024-06-04T15:00:00,FAMILY_STATUS,12,138,flagged,2024-08-02T15:00:00,906.31,AUDIT_DONE
3781,53787,2024-03-06T19:00:00,BUSINESS_PERMIT,1,90,passed,2024-04-06T19:00:00,132.17,
3782,73999,2023-06-14T12:00:00,TAX_CERT,8,46,passed,2023-06-30T12:00:00,2.41,
3783,68645,2023-01-02T23:00:00,TAX_CERT,11,142,passed,2023-01-27T23:00:00,133.75,
3784,39265,2023-07-17T14:00:00,ID_RENEWAL,4,91,passed,2023-08-26T14:00:00,3.55,
3785,88435,2023-08-16T01:00:00,BIRTH_CERT,7,155,passed,2023-10-10T01:00:00,176.86,
3786,36793,2024-01-16T03:00:00,BUSINESS_PERMIT,11,66,passed,2024-02-27T03:00:00,56.81,
3787,59665,2024-04-17T02:00:00,BIRTH_CERT,5,100,passed,2024-05-21T02:00:00,112.86,
3788,74411,2024-06-11T23:00:00,ID_RENEWAL,7,116,passed,2024-07-09T23:00:00,173.68,
3789,57899,2023-03-28T13:00:00,BUSINESS_PERMIT,5,91,passed,2023-05-12T13:00:00,70.22,
3790,67526,2023-08-01T09:00:00,TAX_CERT,4,23,passed,2023-09-18T09:00:00,183.22,
3791,66167,2023-05-31T00:00:00,FAMILY_STATUS,12,9,passed,2023-06-29T00:00:00,105.85,
3792,36222,2023-08-08T07:00:00,ID_RENEWAL,8,123,passed,2023-09-27T07:00:00,48.39,
3793,64484,2024-01-23T15:00:00,ID_RENEWAL,12,143,passed,2024-02-09T15:00:00,118.38,
3794,28818,2024-01-16T09:00:00,FAMILY_STATUS,9,124,passed,2024-01-29T09:00:00,2.52,
3795,54839,2023-02-28T04:00:00,FAMILY_STATUS,6,75,passed,2023-03-10T04:00:00,4.76,
3796,37365,2023-02-02T16:00:00,BIRTH_CERT,12,10,passed,2023-03-16T16:00:00,117.23,
3797,50613,2024-05-22T12:00:00,BUSINESS_PERMIT,11,118,passed,2024-06-06T12:00:00,102.0,
3798,42601,2023-04-10T12:00:00,BIRTH_CERT,4,4,passed,2023-05-05T12:00:00,158.71,
3799,51008,2023-08-14T21:00:00,TAX_CERT,1,8,passed,2023-09-04T21:00:00,15.89,
3800,23940,2023-11-11T19:00:00,BUSINESS_PERMIT,4,5,passed,2023-12-05T19:00:00,194.73,
3801,75081,2024-02-27T10:00:00,TAX_CERT,5,106,flagged,2024-04-13T10:00:00,983.12,AUDIT_DONE
3802,30342,2024-01-03T03:00:00,BUSINESS_PERMIT,9,156,flagged,2024-01-31T03:00:00,988.11,AUDIT_DONE
3803,26992,2023-12-02T20:00:00,TAX_CERT,7,15,passed,2023-12-11T20:00:00,25.48,
3804,34176,2023-10-21T01:00:00,FAMILY_STATUS,6,98,flagged,2023-11-03T01:00:00,1341.93,AUDIT_DONE
3805,23407,2023-03-22T21:00:00,BIRTH_CERT,6,133,passed,2023-04-14T21:00:00,8.7,
3806,81075,2023-06-19T16:00:00,ID_RENEWAL,1,87,passed,2023-06-28T16:00:00,80.51,
3807,46098,2023-07-04T06:00:00,BUSINESS_PERMIT,10,33,passed,2023-08-29T06:00:00,110.67,
3808,28420,2023-02-04T18:00:00,BUSINESS_PERMIT,9,98,flagged,2023-03-03T18:00:00,1299.54,AUDIT_DONE
3809,49681,2024-02-05T19:00:00,FAMILY_STATUS,6,142,flagged,2024-03-01T19:00:00,1826.61,AUDIT_DONE
3810,29552,2023-06-09T00:00:00,FAMILY_STATUS,3,41,flagged,2023-07-21T00:00:00,1111.43,AUDIT_DONE
3811,20067,2024-02-07T06:00:00,FAMILY_STATUS,12,19,passed,2024-03-14T06:00:00,92.3,
3812,14137,2024-01-11T01:00:00,TAX_CERT,4,19,flagged,2024-02-21T01:00:00,1845.79,AUDIT_DONE
3813,25928,2024-01-25T21:00:00,BIRTH_CERT,7,162,passed,2024-02-17T21:00:00,24.36,
3814,69532,2023-09-12T21:00:00,ID_RENEWAL,10,105,passed,2023-10-05T21:00:00,17.05,
3815,90692,2024-05-28T18:00:00,TAX_CERT,12,32,flagged,2024-07-25T18:00:00,1777.5,AUDIT_DONE
3816,73727,2023-11-19T12:00:00,BUSINESS_PERMIT,11,174,passed,2024-01-11T12:00:00,177.68,
3817,35952,2023-08-05T09:00:00,ID_RENEWAL,2,12,passed,2023-08-17T09:00:00,15.7,
3818,21262,2024-06-12T03:00:00,TAX_CERT,2,144,passed,2024-07-10T03:00:00,62.41,
3819,50595,2023-06-10T10:00:00,FAMILY_STATUS,11,30,passed,2023-06-17T10:00:00,117.45,
3820,16260,2024-04-06T01:00:00,BUSINESS_PERMIT,9,93,passed,2024-04-30T01:00:00,114.5,
3821,19071,2024-04-09T03:00:00,ID_RENEWAL,5,170,flagged,2024-04-29T03:00:00,1350.53,AUDIT_DONE
3822,72102,2023-07-22T03:00:00,TAX_CERT,5,91,flagged,2023-08-18T03:00:00,1267.67,AUDIT_DONE
3823,17163,2023-06-06T14:00:00,BUSINESS_PERMIT,6,170,rejected,2023-08-02T14:00:00,29.98,AUDIT_DONE
3824,43852,2023-10-02T00:00:00,BIRTH_CERT,4,55,flagged,2023-10-25T00:00:00,1924.83,AUDIT_DONE
3825,39983,2024-06-21T14:00:00,BUSINESS_PERMIT,1,155,rejected,2024-07-04T14:00:00,12.35,AUDIT_DONE
3826,60503,2023-10-23T02:00:00,ID_RENEWAL,3,162,passed,2023-10-30T02:00:00,60.09,
3827,94659,2023-08-18T05:00:00,BIRTH_CERT,7,116,passed,2023-10-08T05:00:00,188.06,
3828,20644,2023-02-16T11:00:00,ID_RENEWAL,8,102,passed,2023-02-25T11:00:00,137.09,
3829,39603,2024-02-20T20:00:00,BUSINESS_PERMIT,6,76,passed,2024-03-18T20:00:00,18.92,
3830,62429,2023-02-08T12:00:00,BUSINESS_PERMIT,5,6,passed,2023-03-20T12:00:00,88.16,
3831,45602,2023-11-04T17:00:00,BIRTH_CERT,7,163,passed,2023-12-18T17:00:00,163.26,
3832,23962,2023-09-16T16:00:00,ID_RENEWAL,2,120,passed,2023-10-18T16:00:00,129.93,
3833,39087,2023-02-24T14:00:00,BUSINESS_PERMIT,8,2,flagged,2023-04-20T14:00:00,1333.42,AUDIT_DONE
3834,68215,2023-11-17T18:00:00,BIRTH_CERT,5,153,passed,2023-11-26T18:00:00,40.4,
3835,16825,2023-04-16T03:00:00,ID_RENEWAL,2,114,passed,2023-05-20T03:00:00,140.7,
3836,21289,2023-10-12T19:00:00,FAMILY_STATUS,1,44,rejected,2023-11-06T19:00:00,13.4,AUDIT_DONE
3837,96766,2023-12-09T18:00:00,BIRTH_CERT,7,115,passed,2024-01-27T18:00:00,46.47,
3838,31202,2023-11-07T21:00:00,TAX_CERT,10,105,rejected,2023-12-07T21:00:00,46.28,AUDIT_DONE
3839,41955,2023-04-22T15:00:00,ID_RENEWAL,11,7,flagged,2023-05-22T15:00:00,1672.27,AUDIT_DONE
3840,92117,2023-02-26T09:00:00,BUSINESS_PERMIT,10,178,flagged,2023-03-29T09:00:00,1500.33,AUDIT_DONE
3841,72602,2023-12-23T06:00:00,BUSINESS_PERMIT,12,99,flagged,2024-02-07T06:00:00,1948.69,AUDIT_DONE
3842,66042,2023-08-30T03:00:00,TAX_CERT,8,56,rejected,2023-10-24T03:00:00,43.45,AUDIT_DONE
3843,83420,2023-10-07T16:00:00,FAMILY_STATUS,8,39,rejected,2023-11-30T16:00:00,9.8,AUDIT_DONE
3844,96357,2024-06-22T12:00:00,BUSINESS_PERMIT,6,170,passed,2024-07-29T12:00:00,124.35,
3845,45845,2024-04-09T21:00:00,BIRTH_CERT,2,67,flagged,2024-05-01T21:00:00,1989.24,AUDIT_DONE
3846,10768,2023-07-25T03:00:00,FAMILY_STATUS,8,156,passed,2023-08-28T03:00:00,187.45,
3847,70621,2024-01-08T17:00:00,BIRTH_CERT,11,26,passed,2024-02-04T17:00:00,45.8,
3848,86997,2023-05-09T03:00:00,BIRTH_CERT,12,32,passed,2023-06-10T03:00:00,67.8,
3849,80138,2023-07-12T11:00:00,BIRTH_CERT,5,101,passed,2023-08-25T11:00:00,41.73,
3850,57267,2024-04-03T00:00:00,BUSINESS_PERMIT,2,76,passed,2024-04-30T00:00:00,125.68,
3851,22983,2023-01-06T07:00:00,BIRTH_CERT,10,61,passed,2023-02-26T07:00:00,26.46,
3852,89211,2024-02-09T12:00:00,ID_RENEWAL,12,150,rejected,2024-02-24T12:00:00,18.11,AUDIT_DONE
3853,97400,2023-12-04T00:00:00,ID_RENEWAL,10,45,passed,2023-12-14T00:00:00,10.72,
3854,64431,2023-04-24T21:00:00,ID_RENEWAL,12,15,passed,2023-05-05T21:00:00,65.34,
3855,91721,2024-04-15T06:00:00,BIRTH_CERT,9,67,flagged,2024-06-08T06:00:00,1961.53,AUDIT_DONE
3856,77108,2023-03-25T04:00:00,TAX_CERT,2,60,passed,2023-05-06T04:00:00,134.52,
3857,16715,2023-07-17T16:00:00,BIRTH_CERT,5,171,rejected,2023-09-01T16:00:00,41.61,AUDIT_DONE
3858,44563,2024-02-19T15:00:00,FAMILY_STATUS,3,51,passed,2024-02-29T15:00:00,43.61,
3859,57553,2023-05-08T15:00:00,FAMILY_STATUS,11,120,rejected,2023-06-10T15:00:00,12.25,AUDIT_DONE
3860,81689,2024-03-05T02:00:00,TAX_CERT,10,36,passed,2024-04-14T02:00:00,14.36,
3861,47673,2023-05-24T00:00:00,ID_RENEWAL,7,55,flagged,2023-06-25T00:00:00,1431.52,AUDIT_DONE
3862,13808,2024-05-07T12:00:00,TAX_CERT,2,164,passed,2024-05-28T12:00:00,194.95,
3863,65516,2023-07-14T13:00:00,BIRTH_CERT,5,30,passed,2023-08-05T13:00:00,87.27,
3864,66956,2023-07-13T10:00:00,FAMILY_STATUS,11,157,passed,2023-08-18T10:00:00,82.77,
3865,84916,2023-01-16T07:00:00,TAX_CERT,3,58,flagged,2023-03-09T07:00:00,1599.71,AUDIT_DONE
3866,62732,2023-07-03T10:00:00,BUSINESS_PERMIT,3,137,passed,2023-08-30T10:00:00,177.37,
3867,91869,2023-04-15T05:00:00,BIRTH_CERT,7,155,passed,2023-05-30T05:00:00,116.63,
3868,43719,2023-11-25T05:00:00,FAMILY_STATUS,3,81,passed,2024-01-19T05:00:00,122.98,
3869,92548,2023-11-05T21:00:00,BUSINESS_PERMIT,9,72,flagged,2023-12-29T21:00:00,1097.98,AUDIT_DONE
3870,38938,2024-03-21T16:00:00,ID_RENEWAL,2,30,passed,2024-04-11T16:00:00,156.63,
3871,75494,2024-03-12T08:00:00,BUSINESS_PERMIT,1,155,flagged,2024-04-23T08:00:00,829.43,AUDIT_DONE
3872,17312,2023-03-29T10:00:00,BUSINESS_PERMIT,6,180,passed,2023-05-25T10:00:00,134.96,
3873,85645,2023-06-20T15:00:00,ID_RENEWAL,9,123,rejected,2023-07-19T15:00:00,2.61,AUDIT_DONE
3874,32059,2023-06-05T00:00:00,ID_RENEWAL,12,69,rejected,2023-07-11T00:00:00,47.69,AUDIT_DONE
3875,34937,2024-02-27T05:00:00,FAMILY_STATUS,12,102,passed,2024-03-14T05:00:00,4.5,
3876,55180,2024-06-04T09:00:00,BIRTH_CERT,2,138,flagged,2024-07-01T09:00:00,1010.25,AUDIT_DONE
3877,88858,2024-05-16T14:00:00,FAMILY_STATUS,4,117,rejected,2024-06-04T14:00:00,39.83,AUDIT_DONE
3878,29142,2024-05-15T18:00:00,FAMILY_STATUS,6,89,passed,2024-07-13T18:00:00,192.33,
3879,61316,2024-04-07T08:00:00,BUSINESS_PERMIT,11,22,passed,2024-04-27T08:00:00,95.9,
3880,95581,2023-01-13T06:00:00,BUSINESS_PERMIT,12,136,passed,2023-02-14T06:00:00,192.26,
3881,31019,2024-03-17T03:00:00,TAX_CERT,2,42,passed,2024-05-09T03:00:00,111.12,
3882,14203,2023-08-01T00:00:00,BIRTH_CERT,1,140,passed,2023-08-23T00:00:00,79.58,
3883,77014,2023-05-30T18:00:00,BUSINESS_PERMIT,3,161,passed,2023-06-14T18:00:00,127.5,
3884,78781,2023-08-17T05:00:00,TAX_CERT,2,11,flagged,2023-09-26T05:00:00,1619.54,AUDIT_DONE
3885,48090,2023-03-27T05:00:00,BIRTH_CERT,11,113,passed,2023-04-25T05:00:00,85.35,
3886,68876,2023-12-24T04:00:00,ID_RENEWAL,3,1,passed,2024-02-08T04:00:00,1.32,
3887,99375,2023-10-30T04:00:00,TAX_CERT,9,121,passed,2023-12-03T04:00:00,134.68,
3888,52761,2024-05-16T19:00:00,ID_RENEWAL,12,111,flagged,2024-06-17T19:00:00,1051.21,AUDIT_DONE
3889,12553,2023-06-10T19:00:00,ID_RENEWAL,12,84,passed,2023-08-01T19:00:00,18.27,
3890,43545,2024-01-08T02:00:00,TAX_CERT,1,132,passed,2024-02-18T02:00:00,60.71,
3891,11407,2023-05-12T13:00:00,BUSINESS_PERMIT,3,54,passed,2023-06-14T13:00:00,2.57,
3892,40266,2023-05-18T04:00:00,ID_RENEWAL,4,83,passed,2023-06-27T04:00:00,149.16,
3893,35885,2023-07-14T21:00:00,BUSINESS_PERMIT,5,175,passed,2023-08-07T21:00:00,163.85,
3894,83433,2023-12-05T06:00:00,ID_RENEWAL,10,30,rejected,2023-12-21T06:00:00,38.38,AUDIT_DONE
3895,65872,2023-04-25T13:00:00,BIRTH_CERT,12,102,passed,2023-06-21T13:00:00,84.41,
3896,43323,2024-01-30T17:00:00,FAMILY_STATUS,8,174,passed,2024-02-06T17:00:00,49.75,
3897,86059,2023-10-13T08:00:00,BUSINESS_PERMIT,2,5,passed,2023-11-05T08:00:00,87.18,
3898,82393,2023-01-05T00:00:00,ID_RENEWAL,11,140,passed,2023-02-02T00:00:00,157.76,
3899,86035,2023-04-13T10:00:00,BUSINESS_PERMIT,12,168,passed,2023-04-29T10:00:00,81.44,
3900,10795,2023-06-24T16:00:00,FAMILY_STATUS,1,151,passed,2023-07-23T16:00:00,19.18,
3901,22938,2023-01-19T20:00:00,TAX_CERT,10,105,passed,2023-02-21T20:00:00,195.64,
3902,31318,2023-05-06T10:00:00,TAX_CERT,3,85,passed,2023-06-26T10:00:00,139.63,
3903,93356,2023-02-19T10:00:00,FAMILY_STATUS,9,141,passed,2023-03-26T10:00:00,91.21,
3904,75135,2023-08-29T11:00:00,BUSINESS_PERMIT,5,15,rejected,2023-09-24T11:00:00,42.54,AUDIT_DONE
3905,23960,2023-06-28T10:00:00,ID_RENEWAL,12,174,passed,2023-08-23T10:00:00,72.83,
3906,33799,2023-04-29T10:00:00,BUSINESS_PERMIT,3,84,passed,2023-06-28T10:00:00,137.16,
3907,20807,2024-04-01T22:00:00,BUSINESS_PERMIT,9,142,passed,2024-04-22T22:00:00,80.37,
3908,79946,2023-10-10T17:00:00,BIRTH_CERT,10,5,rejected,2023-11-08T17:00:00,0.99,AUDIT_DONE
3909,50566,2023-01-08T22:00:00,TAX_CERT,10,121,passed,2023-01-19T22:00:00,108.71,
3910,48668,2023-07-02T19:00:00,FAMILY_STATUS,4,95,rejected,2023-08-22T19:00:00,16.42,AUDIT_DONE
3911,75001,2023-07-05T01:00:00,BIRTH_CERT,6,91,passed,2023-08-09T01:00:00,88.59,
3912,81860,2023-04-01T03:00:00,TAX_CERT,11,49,flagged,2023-05-29T03:00:00,1987.33,AUDIT_DONE
3913,42782,2023-01-19T22:00:00,FAMILY_STATUS,5,85,passed,2023-02-23T22:00:00,194.31,
3914,79547,2023-04-17T02:00:00,BIRTH_CERT,7,1,passed,2023-05-16T02:00:00,195.78,
3915,25241,2024-04-20T01:00:00,TAX_CERT,2,90,passed,2024-05-08T01:00:00,192.85,
3916,77373,2023-07-26T12:00:00,TAX_CERT,12,134,passed,2023-08-02T12:00:00,75.19,
3917,93311,2023-10-06T14:00:00,BIRTH_CERT,7,175,flagged,2023-11-14T14:00:00,955.89,AUDIT_DONE
3918,46800,2024-06-12T18:00:00,BUSINESS_PERMIT,10,59,passed,2024-07-20T18:00:00,197.68,
3919,93761,2023-04-19T23:00:00,BUSINESS_PERMIT,2,64,flagged,2023-06-13T23:00:00,1486.69,AUDIT_DONE
3920,16375,2023-05-10T14:00:00,TAX_CERT,2,163,rejected,2023-06-11T14:00:00,16.42,AUDIT_DONE
3921,56237,2023-08-05T16:00:00,TAX_CERT,11,125,flagged,2023-09-24T16:00:00,1858.31,AUDIT_DONE
3922,77122,2024-06-09T11:00:00,BUSINESS_PERMIT,12,165,rejected,2024-07-25T11:00:00,28.04,AUDIT_DONE
3923,85416,2024-06-08T20:00:00,BUSINESS_PERMIT,2,140,flagged,2024-06-30T20:00:00,1109.84,AUDIT_DONE
3924,94547,2024-02-10T22:00:00,ID_RENEWAL,4,14,flagged,2024-02-17T22:00:00,1875.85,AUDIT_DONE
3925,95652,2024-04-26T07:00:00,FAMILY_STATUS,8,151,passed,2024-06-11T07:00:00,116.48,
3926,50593,2023-10-11T10:00:00,FAMILY_STATUS,8,176,rejected,2023-12-08T10:00:00,32.97,AUDIT_DONE
3927,65842,2023-04-23T01:00:00,TAX_CERT,8,104,passed,2023-06-16T01:00:00,165.67,
3928,56485,2024-01-30T20:00:00,BIRTH_CERT,6,73,passed,2024-03-05T20:00:00,59.54,
3929,54680,2023-04-22T22:00:00,BIRTH_CERT,7,8,rejected,2023-05-14T22:00:00,36.68,AUDIT_DONE
3930,84408,2024-06-11T06:00:00,ID_RENEWAL,10,133,passed,2024-08-02T06:00:00,125.33,
3931,69040,2024-04-18T19:00:00,BIRTH_CERT,12,147,rejected,2024-05-15T19:00:00,18.19,AUDIT_DONE
3932,19442,2023-08-17T21:00:00,BUSINESS_PERMIT,8,85,passed,2023-09-28T21:00:00,197.24,
3933,37592,2024-05-03T16:00:00,ID_RENEWAL,5,56,rejected,2024-06-10T16:00:00,33.86,AUDIT_DONE
3934,60846,2024-03-29T20:00:00,ID_RENEWAL,11,26,flagged,2024-05-04T20:00:00,1808.24,AUDIT_DONE
3935,80071,2023-07-17T10:00:00,TAX_CERT,11,7,passed,2023-08-25T10:00:00,0.52,
3936,52145,2024-02-02T18:00:00,FAMILY_STATUS,3,39,passed,2024-03-12T18:00:00,143.1,
3937,82656,2023-01-14T07:00:00,FAMILY_STATUS,4,105,passed,2023-01-29T07:00:00,120.8,
3938,99571,2023-02-14T23:00:00,BUSINESS_PERMIT,3,58,passed,2023-03-01T23:00:00,199.94,
3939,53386,2023-11-19T06:00:00,ID_RENEWAL,3,118,passed,2024-01-10T06:00:00,138.87,
3940,28304,2023-10-19T19:00:00,TAX_CERT,8,40,passed,2023-11-07T19:00:00,137.99,
3941,53219,2023-09-09T08:00:00,ID_RENEWAL,8,125,passed,2023-10-25T08:00:00,84.78,
3942,29503,2023-09-06T22:00:00,ID_RENEWAL,6,81,passed,2023-09-15T22:00:00,138.97,
3943,44795,2023-02-11T13:00:00,FAMILY_STATUS,2,121,passed,2023-03-09T13:00:00,38.91,
3944,42673,2023-10-08T15:00:00,BIRTH_CERT,7,29,flagged,2023-11-20T15:00:00,929.33,AUDIT_DONE
3945,64850,2023-04-06T20:00:00,FAMILY_STATUS,3,123,passed,2023-04-13T20:00:00,151.16,
3946,80912,2023-01-31T14:00:00,TAX_CERT,12,104,passed,2023-02-16T14:00:00,30.76,
3947,42549,2023-01-28T11:00:00,ID_RENEWAL,7,76,passed,2023-02-26T11:00:00,111.49,
3948,16691,2023-09-20T11:00:00,TAX_CERT,6,83,flagged,2023-10-18T11:00:00,1208.13,AUDIT_DONE
3949,80639,2024-02-22T06:00:00,BIRTH_CERT,12,86,passed,2024-03-31T06:00:00,99.94,
3950,85570,2023-11-16T06:00:00,BIRTH_CERT,4,166,passed,2023-12-05T06:00:00,81.99,
3951,42007,2023-03-05T08:00:00,BUSINESS_PERMIT,11,106,passed,2023-04-25T08:00:00,103.91,
3952,12276,2024-01-22T23:00:00,TAX_CERT,11,37,rejected,2024-03-05T23:00:00,21.2,AUDIT_DONE
3953,13062,2023-07-08T04:00:00,BUSINESS_PERMIT,1,145,passed,2023-08-27T04:00:00,189.78,
3954,13113,2023-04-17T14:00:00,ID_RENEWAL,10,10,passed,2023-05-23T14:00:00,187.71,
3955,43141,2023-12-15T21:00:00,FAMILY_STATUS,2,45,passed,2024-01-04T21:00:00,41.44,
3956,60120,2023-02-03T14:00:00,TAX_CERT,7,154,passed,2023-02-17T14:00:00,32.72,
3957,40305,2023-03-17T17:00:00,BIRTH_CERT,11,50,passed,2023-05-15T17:00:00,150.98,
3958,89875,2023-03-16T23:00:00,TAX_CERT,10,41,passed,2023-05-03T23:00:00,75.58,
3959,64775,2023-04-26T00:00:00,ID_RENEWAL,6,58,passed,2023-05-14T00:00:00,17.01,
3960,46664,2023-02-26T17:00:00,TAX_CERT,3,38,passed,2023-04-02T17:00:00,130.47,
3961,80972,2024-04-09T01:00:00,BIRTH_CERT,6,74,passed,2024-06-02T01:00:00,64.83,
3962,96538,2024-03-31T05:00:00,BIRTH_CERT,9,38,passed,2024-04-17T05:00:00,38.7,
3963,43906,2023-01-27T02:00:00,BUSINESS_PERMIT,3,108,rejected,2023-02-21T02:00:00,27.67,AUDIT_DONE
3964,74365,2024-03-05T11:00:00,BUSINESS_PERMIT,9,149,passed,2024-03-29T11:00:00,148.13,
3965,44769,2023-01-14T18:00:00,BUSINESS_PERMIT,7,178,flagged,2023-03-15T18:00:00,1576.08,AUDIT_DONE
3966,57420,2023-06-09T22:00:00,BUSINESS_PERMIT,11,66,rejected,2023-06-27T22:00:00,49.97,AUDIT_DONE
3967,80299,2023-08-11T14:00:00,FAMILY_STATUS,9,120,passed,2023-09-22T14:00:00,93.85,
3968,72724,2023-01-15T14:00:00,BUSINESS_PERMIT,1,179,passed,2023-02-11T14:00:00,54.52,
3969,89516,2024-04-14T01:00:00,BUSINESS_PERMIT,7,23,passed,2024-05-23T01:00:00,122.96,
3970,27869,2023-06-06T17:00:00,BIRTH_CERT,5,40,passed,2023-07-21T17:00:00,12.26,
3971,25666,2023-05-31T12:00:00,BUSINESS_PERMIT,11,19,flagged,2023-06-23T12:00:00,1707.07,AUDIT_DONE
3972,65606,2023-01-28T00:00:00,ID_RENEWAL,6,51,flagged,2023-03-09T00:00:00,889.44,AUDIT_DONE
3973,19734,2023-12-09T12:00:00,BUSINESS_PERMIT,12,102,passed,2023-12-28T12:00:00,2.11,
3974,71107,2024-01-23T09:00:00,BIRTH_CERT,8,148,flagged,2024-02-08T09:00:00,1563.17,AUDIT_DONE
3975,82960,2024-06-20T06:00:00,FAMILY_STATUS,2,45,flagged,2024-07-05T06:00:00,1996.05,AUDIT_DONE
3976,12360,2023-09-01T11:00:00,ID_RENEWAL,11,176,passed,2023-10-28T11:00:00,167.69,
3977,10362,2023-03-29T19:00:00,ID_RENEWAL,9,175,passed,2023-05-03T19:00:00,3.94,
3978,23470,2024-04-27T00:00:00,FAMILY_STATUS,12,132,flagged,2024-06-04T00:00:00,1622.19,AUDIT_DONE
3979,71773,2023-06-24T01:00:00,FAMILY_STATUS,8,120,passed,2023-07-04T01:00:00,144.91,
3980,68016,2023-03-01T09:00:00,BIRTH_CERT,4,58,passed,2023-03-31T09:00:00,109.59,
3981,97777,2024-01-24T14:00:00,ID_RENEWAL,12,39,passed,2024-02-05T14:00:00,58.73,
3982,16716,2023-12-02T02:00:00,BUSINESS_PERMIT,2,9,rejected,2023-12-09T02:00:00,28.53,AUDIT_DONE
3983,11549,2023-02-22T03:00:00,FAMILY_STATUS,8,143,flagged,2023-03-12T03:00:00,833.69,AUDIT_DONE
3984,92145,2023-02-19T04:00:00,TAX_CERT,6,171,passed,2023-04-10T04:00:00,94.71,
3985,57772,2023-06-29T01:00:00,BIRTH_CERT,2,4,rejected,2023-08-05T01:00:00,8.61,AUDIT_DONE
3986,93886,2024-04-29T08:00:00,TAX_CERT,11,118,passed,2024-05-27T08:00:00,130.79,
3987,31888,2024-03-08T10:00:00,FAMILY_STATUS,10,116,flagged,2024-05-02T10:00:00,1105.29,AUDIT_DONE
3988,97680,2023-06-04T12:00:00,TAX_CERT,11,174,passed,2023-06-27T12:00:00,152.71,
3989,37680,2023-02-27T09:00:00,BUSINESS_PERMIT,2,104,passed,2023-04-21T09:00:00,69.84,
3990,41241,2023-10-26T01:00:00,BUSINESS_PERMIT,11,94,passed,2023-11-14T01:00:00,179.61,
3991,89681,2023-08-24T14:00:00,BUSINESS_PERMIT,7,102,flagged,2023-10-13T14:00:00,1725.74,AUDIT_DONE
3992,79493,2024-01-24T17:00:00,FAMILY_STATUS,2,174,rejected,2024-01-31T17:00:00,38.36,AUDIT_DONE
3993,57601,2023-12-18T15:00:00,BIRTH_CERT,2,118,passed,2024-02-14T15:00:00,131.46,
3994,87100,2023-11-02T19:00:00,BIRTH_CERT,12,101,passed,2023-11-26T19:00:00,15.77,
3995,62529,2023-02-05T16:00:00,TAX_CERT,1,55,rejected,2023-03-16T16:00:00,39.85,AUDIT_DONE
3996,13513,2023-10-18T23:00:00,BIRTH_CERT,1,173,passed,2023-11-15T23:00:00,51.1,
3997,67851,2024-03-23T06:00:00,BIRTH_CERT,3,67,passed,2024-04-08T06:00:00,48.7,
3998,77905,2023-04-22T03:00:00,FAMILY_STATUS,2,24,passed,2023-06-12T03:00:00,11.35,
3999,82601,2023-03-14T17:00:00,FAMILY_STATUS,5,106,passed,2023-04-29T17:00:00,179.41,
4000,75546,2023-08-16T05:00:00,TAX_CERT,2,63,passed,2023-08-30T05:00:00,115.37,
4001,11089,2023-02-23T21:00:00,ID_RENEWAL,8,178,passed,2023-04-05T21:00:00,55.0,
4002,96861,2023-06-09T04:00:00,TAX_CERT,11,108,passed,2023-07-17T04:00:00,69.23,
4003,77769,2023-01-09T10:00:00,BUSINESS_PERMIT,6,76,passed,2023-02-21T10:00:00,32.79,
4004,46951,2023-04-15T22:00:00,BUSINESS_PERMIT,10,37,rejected,2023-06-12T22:00:00,42.69,AUDIT_DONE
4005,48625,2023-09-19T19:00:00,TAX_CERT,12,139,passed,2023-09-26T19:00:00,61.01,
4006,72185,2023-09-11T14:00:00,TAX_CERT,2,124,flagged,2023-10-31T14:00:00,1902.62,AUDIT_DONE
4007,16215,2023-03-24T08:00:00,FAMILY_STATUS,7,21,passed,2023-05-04T08:00:00,99.81,
4008,66080,2023-12-19T04:00:00,BIRTH_CERT,10,47,passed,2024-02-17T04:00:00,172.85,
4009,70427,2024-05-30T16:00:00,BUSINESS_PERMIT,11,159,passed,2024-07-09T16:00:00,198.63,
4010,48654,2023-12-05T09:00:00,ID_RENEWAL,5,85,passed,2024-01-29T09:00:00,176.7,
4011,86184,2023-08-30T08:00:00,TAX_CERT,1,30,rejected,2023-09-14T08:00:00,46.31,AUDIT_DONE
4012,69464,2024-03-01T00:00:00,FAMILY_STATUS,12,85,rejected,2024-04-21T00:00:00,21.75,AUDIT_DONE
4013,89011,2023-03-07T22:00:00,ID_RENEWAL,10,54,passed,2023-04-16T22:00:00,179.16,
4014,41772,2023-04-24T04:00:00,BUSINESS_PERMIT,5,136,passed,2023-06-08T04:00:00,58.92,
4015,62699,2023-12-24T13:00:00,TAX_CERT,2,18,rejected,2024-02-20T13:00:00,20.48,AUDIT_DONE
4016,96144,2023-05-16T22:00:00,BUSINESS_PERMIT,4,16,rejected,2023-05-24T22:00:00,40.57,AUDIT_DONE
4017,23387,2023-12-10T19:00:00,BUSINESS_PERMIT,5,133,passed,2023-12-31T19:00:00,63.21,
4018,42515,2023-02-05T04:00:00,ID_RENEWAL,12,34,passed,2023-02-27T04:00:00,184.76,
4019,74495,2023-08-07T14:00:00,ID_RENEWAL,11,46,flagged,2023-09-28T14:00:00,1896.31,AUDIT_DONE
4020,64836,2024-02-28T20:00:00,TAX_CERT,11,42,passed,2024-03-28T20:00:00,91.31,
4021,74427,2023-03-06T03:00:00,BIRTH_CERT,3,161,passed,2023-03-13T03:00:00,108.72,
4022,64551,2023-07-10T17:00:00,ID_RENEWAL,8,139,flagged,2023-08-11T17:00:00,856.98,AUDIT_DONE
4023,62604,2023-11-23T22:00:00,BUSINESS_PERMIT,5,89,passed,2024-01-01T22:00:00,102.13,
4024,13764,2023-08-26T11:00:00,TAX_CERT,7,84,flagged,2023-10-05T11:00:00,1155.74,AUDIT_DONE
4025,78591,2024-06-18T05:00:00,BIRTH_CERT,6,36,passed,2024-08-06T05:00:00,34.27,
4026,45718,2024-01-26T13:00:00,BUSINESS_PERMIT,10,11,rejected,2024-03-12T13:00:00,15.8,AUDIT_DONE
4027,79810,2024-06-22T09:00:00,FAMILY_STATUS,3,138,passed,2024-08-12T09:00:00,31.26,
4028,98409,2024-04-04T01:00:00,TAX_CERT,6,40,passed,2024-04-25T01:00:00,15.85,
4029,37261,2024-04-16T02:00:00,BUSINESS_PERMIT,12,43,passed,2024-04-24T02:00:00,31.87,
4030,72984,2024-01-26T16:00:00,BIRTH_CERT,7,76,passed,2024-03-20T16:00:00,88.5,
4031,71760,2024-02-03T04:00:00,TAX_CERT,7,139,flagged,2024-02-21T04:00:00,1733.36,AUDIT_DONE
4032,73323,2024-04-18T23:00:00,BUSINESS_PERMIT,7,8,flagged,2024-05-27T23:00:00,979.45,AUDIT_DONE
4033,97272,2023-08-20T08:00:00,BIRTH_CERT,8,21,rejected,2023-09-07T08:00:00,0.36,AUDIT_DONE
4034,93441,2023-08-22T07:00:00,FAMILY_STATUS,5,164,passed,2023-10-16T07:00:00,162.65,
4035,69364,2024-05-06T07:00:00,BUSINESS_PERMIT,6,109,passed,2024-05-21T07:00:00,190.81,
4036,86547,2023-02-07T01:00:00,BUSINESS_PERMIT,5,85,passed,2023-03-31T01:00:00,106.15,
4037,26588,2023-08-12T01:00:00,TAX_CERT,3,119,passed,2023-10-10T01:00:00,127.21,
4038,29974,2023-12-19T14:00:00,FAMILY_STATUS,1,80,flagged,2023-12-28T14:00:00,1746.39,AUDIT_DONE
4039,99644,2023-12-17T10:00:00,TAX_CERT,5,106,passed,2024-02-06T10:00:00,145.29,
4040,83127,2024-04-05T14:00:00,BIRTH_CERT,11,10,passed,2024-05-12T14:00:00,20.8,
4041,94531,2023-03-12T11:00:00,BUSINESS_PERMIT,10,108,passed,2023-04-13T11:00:00,172.85,
4042,77488,2023-08-27T16:00:00,FAMILY_STATUS,7,88,passed,2023-09-20T16:00:00,2.03,
4043,19247,2024-03-17T15:00:00,TAX_CERT,12,59,passed,2024-05-02T15:00:00,142.34,
4044,67370,2023-10-18T17:00:00,ID_RENEWAL,10,85,passed,2023-12-08T17:00:00,93.05,
4045,86373,2023-01-11T21:00:00,BIRTH_CERT,7,42,passed,2023-02-07T21:00:00,122.99,
4046,82765,2023-10-13T05:00:00,BIRTH_CERT,7,71,passed,2023-11-29T05:00:00,82.52,
4047,42104,2023-11-27T06:00:00,BIRTH_CERT,1,22,passed,2023-12-18T06:00:00,143.68,
4048,21942,2024-06-07T00:00:00,BUSINESS_PERMIT,12,31,passed,2024-07-15T00:00:00,189.06,
4049,52004,2023-05-28T17:00:00,BIRTH_CERT,4,64,passed,2023-06-07T17:00:00,109.94,
4050,38633,2023-03-19T01:00:00,TAX_CERT,9,173,passed,2023-05-17T01:00:00,23.39,
4051,95974,2024-04-13T08:00:00,BUSINESS_PERMIT,4,84,passed,2024-05-30T08:00:00,4.24,
4052,57948,2024-05-17T05:00:00,BIRTH_CERT,9,118,passed,2024-06-17T05:00:00,63.75,
4053,48773,2024-03-17T21:00:00,FAMILY_STATUS,10,95,passed,2024-05-05T21:00:00,183.3,
4054,13331,2024-05-21T10:00:00,FAMILY_STATUS,10,88,passed,2024-06-20T10:00:00,74.17,
4055,92777,2023-11-28T20:00:00,ID_RENEWAL,4,177,passed,2024-01-19T20:00:00,26.8,
4056,47516,2024-03-29T03:00:00,ID_RENEWAL,5,132,passed,2024-05-28T03:00:00,178.02,
4057,58099,2023-08-18T19:00:00,TAX_CERT,6,42,passed,2023-10-06T19:00:00,26.2,
4058,19739,2023-03-05T14:00:00,BUSINESS_PERMIT,11,136,passed,2023-04-30T14:00:00,100.12,
4059,59055,2023-11-17T03:00:00,BUSINESS_PERMIT,2,157,passed,2023-12-13T03:00:00,36.99,
4060,97138,2023-10-30T22:00:00,TAX_CERT,5,82,passed,2023-11-08T22:00:00,160.77,
4061,77225,2024-04-29T20:00:00,BIRTH_CERT,7,160,flagged,2024-05-07T20:00:00,1355.88,AUDIT_DONE
4062,32584,2023-05-25T09:00:00,ID_RENEWAL,1,49,flagged,2023-06-16T09:00:00,1234.85,AUDIT_DONE
4063,36250,2023-06-22T23:00:00,BUSINESS_PERMIT,5,74,passed,2023-08-05T23:00:00,140.45,
4064,21606,2023-08-28T09:00:00,BIRTH_CERT,11,6,passed,2023-10-25T09:00:00,18.05,
4065,86414,2023-02-09T11:00:00,BIRTH_CERT,12,169,passed,2023-03-08T11:00:00,95.64,
4066,21605,2023-03-04T22:00:00,TAX_CERT,1,73,rejected,2023-03-27T22:00:00,23.92,AUDIT_DONE
4067,21398,2023-08-31T04:00:00,ID_RENEWAL,6,78,passed,2023-10-15T04:00:00,17.27,
4068,71995,2023-07-28T09:00:00,ID_RENEWAL,12,60,passed,2023-08-27T09:00:00,100.47,
4069,66035,2023-07-26T06:00:00,BIRTH_CERT,10,176,passed,2023-08-31T06:00:00,138.38,
4070,25269,2024-03-01T02:00:00,TAX_CERT,3,127,passed,2024-03-15T02:00:00,163.88,
4071,20955,2023-01-27T05:00:00,TAX_CERT,10,23,flagged,2023-03-07T05:00:00,1649.3,AUDIT_DONE
4072,91011,2023-02-10T02:00:00,BIRTH_CERT,5,152,flagged,2023-02-27T02:00:00,1472.58,AUDIT_DONE
4073,98791,2023-02-21T17:00:00,BUSINESS_PERMIT,9,166,passed,2023-03-24T17:00:00,14.05,
4074,85460,2023-11-06T11:00:00,BIRTH_CERT,3,49,passed,2023-12-26T11:00:00,114.46,
4075,83608,2023-02-06T16:00:00,TAX_CERT,3,18,passed,2023-03-10T16:00:00,38.44,
4076,62257,2023-04-07T14:00:00,BUSINESS_PERMIT,3,60,flagged,2023-05-24T14:00:00,1857.2,AUDIT_DONE
4077,11487,2023-02-25T09:00:00,TAX_CERT,12,179,rejected,2023-03-09T09:00:00,45.56,AUDIT_DONE
4078,52081,2023-04-05T19:00:00,ID_RENEWAL,2,130,flagged,2023-04-14T19:00:00,1374.96,AUDIT_DONE
4079,45708,2023-04-25T07:00:00,FAMILY_STATUS,12,53,flagged,2023-05-17T07:00:00,827.51,AUDIT_DONE
4080,61228,2024-01-12T13:00:00,FAMILY_STATUS,1,127,passed,2024-02-18T13:00:00,178.87,
4081,95592,2023-03-01T22:00:00,BUSINESS_PERMIT,8,117,passed,2023-03-30T22:00:00,140.67,
4082,13420,2023-06-05T07:00:00,TAX_CERT,2,97,flagged,2023-07-07T07:00:00,1050.76,AUDIT_DONE
4083,17191,2024-05-24T20:00:00,FAMILY_STATUS,9,20,passed,2024-07-12T20:00:00,194.48,
4084,17920,2024-03-26T00:00:00,BUSINESS_PERMIT,4,147,passed,2024-04-15T00:00:00,171.94,
4085,88275,2024-02-13T14:00:00,BUSINESS_PERMIT,1,4,passed,2024-03-16T14:00:00,121.51,
4086,42482,2024-02-11T21:00:00,TAX_CERT,10,63,flagged,2024-04-07T21:00:00,964.31,AUDIT_DONE
4087,11166,2024-04-17T01:00:00,ID_RENEWAL,1,127,passed,2024-05-27T01:00:00,136.24,
4088,33934,2024-05-22T02:00:00,TAX_CERT,5,168,passed,2024-06-13T02:00:00,84.17,
4089,48424,2023-11-02T06:00:00,FAMILY_STATUS,1,104,passed,2023-12-10T06:00:00,106.9,
4090,53916,2024-06-22T17:00:00,BIRTH_CERT,4,160,flagged,2024-07-28T17:00:00,1005.32,AUDIT_DONE
4091,81006,2023-01-06T18:00:00,TAX_CERT,8,48,passed,2023-02-02T18:00:00,170.18,
4092,37731,2024-01-18T17:00:00,BIRTH_CERT,6,71,passed,2024-02-01T17:00:00,199.79,
4093,31639,2023-04-28T18:00:00,TAX_CERT,7,7,rejected,2023-06-07T18:00:00,45.97,AUDIT_DONE
4094,35618,2024-03-14T15:00:00,BUSINESS_PERMIT,9,144,rejected,2024-04-21T15:00:00,27.39,AUDIT_DONE
4095,63896,2023-07-17T04:00:00,FAMILY_STATUS,4,137,passed,2023-08-08T04:00:00,51.62,
4096,77798,2024-03-25T11:00:00,BUSINESS_PERMIT,9,80,passed,2024-04-18T11:00:00,179.72,
4097,27074,2024-05-06T22:00:00,ID_RENEWAL,5,26,passed,2024-05-18T22:00:00,98.22,
4098,67968,2024-02-14T07:00:00,BUSINESS_PERMIT,2,118,passed,2024-03-28T07:00:00,178.05,
4099,23557,2024-02-14T01:00:00,ID_RENEWAL,2,67,passed,2024-03-24T01:00:00,60.38,
4100,50842,2023-10-03T08:00:00,TAX_CERT,2,95,passed,2023-11-24T08:00:00,108.81,
4101,60686,2024-01-24T02:00:00,ID_RENEWAL,2,107,passed,2024-02-19T02:00:00,23.65,
4102,12901,2023-07-23T12:00:00,FAMILY_STATUS,2,23,passed,2023-09-15T12:00:00,33.28,
4103,32996,2023-12-16T10:00:00,BUSINESS_PERMIT,12,162,passed,2024-01-08T10:00:00,194.27,
4104,40339,2024-05-27T07:00:00,BUSINESS_PERMIT,7,130,flagged,2024-07-22T07:00:00,1909.88,AUDIT_DONE
4105,45742,2024-04-07T02:00:00,FAMILY_STATUS,5,7,passed,2024-05-27T02:00:00,175.46,
4106,11162,2023-10-15T10:00:00,TAX_CERT,10,91,passed,2023-10-23T10:00:00,157.59,
4107,29947,2023-01-08T02:00:00,BUSINESS_PERMIT,2,154,rejected,2023-01-23T02:00:00,32.18,AUDIT_DONE
4108,26476,2023-06-03T07:00:00,ID_RENEWAL,9,97,flagged,2023-06-27T07:00:00,1365.89,AUDIT_DONE
4109,96261,2024-03-31T23:00:00,ID_RENEWAL,4,100,flagged,2024-04-30T23:00:00,1078.1,AUDIT_DONE
4110,43900,2023-11-29T21:00:00,ID_RENEWAL,11,116,passed,2023-12-18T21:00:00,158.0,
4111,63983,2023-03-29T13:00:00,FAMILY_STATUS,11,93,passed,2023-04-17T13:00:00,22.7,
4112,72109,2023-01-20T07:00:00,BUSINESS_PERMIT,5,136,passed,2023-02-08T07:00:00,112.39,
4113,53348,2023-02-04T00:00:00,BIRTH_CERT,12,108,passed,2023-03-19T00:00:00,97.4,
4114,43434,2023-12-10T22:00:00,FAMILY_STATUS,2,79,flagged,2024-01-08T22:00:00,1512.7,AUDIT_DONE
4115,72387,2024-02-01T13:00:00,FAMILY_STATUS,10,85,passed,2024-03-26T13:00:00,167.06,
4116,24712,2024-03-21T04:00:00,BUSINESS_PERMIT,8,88,passed,2024-03-28T04:00:00,1.55,
4117,47298,2023-03-10T20:00:00,FAMILY_STATUS,8,53,passed,2023-04-28T20:00:00,92.19,
4118,82194,2023-07-08T07:00:00,TAX_CERT,6,173,passed,2023-07-28T07:00:00,81.86,
4119,99589,2023-06-16T13:00:00,ID_RENEWAL,5,132,passed,2023-08-05T13:00:00,143.69,
4120,26442,2023-02-24T02:00:00,BIRTH_CERT,8,4,passed,2023-03-09T02:00:00,193.19,
4121,41379,2023-10-18T20:00:00,ID_RENEWAL,11,87,passed,2023-12-11T20:00:00,190.41,
4122,32771,2023-10-05T18:00:00,TAX_CERT,5,144,passed,2023-10-30T18:00:00,139.77,
4123,36475,2023-11-17T22:00:00,TAX_CERT,6,39,flagged,2023-12-28T22:00:00,1864.4,AUDIT_DONE
4124,96302,2024-05-09T05:00:00,BUSINESS_PERMIT,11,137,flagged,2024-06-10T05:00:00,1655.53,AUDIT_DONE
4125,59592,2023-05-08T21:00:00,FAMILY_STATUS,4,13,rejected,2023-06-04T21:00:00,20.73,AUDIT_DONE
4126,27025,2024-04-12T22:00:00,ID_RENEWAL,8,25,flagged,2024-05-24T22:00:00,1209.98,AUDIT_DONE
4127,19566,2024-06-21T14:00:00,ID_RENEWAL,1,173,flagged,2024-07-15T14:00:00,1748.48,AUDIT_DONE
4128,49412,2024-05-14T23:00:00,BUSINESS_PERMIT,10,31,passed,2024-05-25T23:00:00,83.3,
4129,76170,2023-09-21T08:00:00,TAX_CERT,7,167,passed,2023-11-04T08:00:00,20.61,
4130,49580,2023-03-03T18:00:00,BUSINESS_PERMIT,8,93,flagged,2023-04-28T18:00:00,1006.95,AUDIT_DONE
4131,54103,2023-08-06T23:00:00,TAX_CERT,11,133,rejected,2023-09-30T23:00:00,42.9,AUDIT_DONE
4132,74956,2023-09-04T15:00:00,BUSINESS_PERMIT,12,172,passed,2023-10-24T15:00:00,58.48,
4133,54647,2023-01-05T01:00:00,TAX_CERT,8,144,passed,2023-01-21T01:00:00,24.2,
4134,82735,2023-06-26T10:00:00,ID_RENEWAL,2,41,passed,2023-08-21T10:00:00,129.96,
4135,63621,2023-06-17T05:00:00,BUSINESS_PERMIT,7,124,passed,2023-08-02T05:00:00,117.11,
4136,36642,2024-02-26T23:00:00,BIRTH_CERT,1,38,passed,2024-04-19T23:00:00,72.12,
4137,97639,2023-08-09T18:00:00,BIRTH_CERT,11,93,passed,2023-09-10T18:00:00,81.97,
4138,71916,2023-05-17T03:00:00,ID_RENEWAL,12,1,flagged,2023-07-10T03:00:00,1026.69,AUDIT_DONE
4139,92773,2023-01-22T14:00:00,BIRTH_CERT,1,63,passed,2023-03-03T14:00:00,155.34,
4140,31524,2024-03-02T22:00:00,ID_RENEWAL,12,112,flagged,2024-03-23T22:00:00,1927.06,AUDIT_DONE
4141,45777,2024-05-25T22:00:00,BIRTH_CERT,1,147,rejected,2024-06-16T22:00:00,44.51,AUDIT_DONE
4142,49907,2023-10-05T19:00:00,BIRTH_CERT,3,173,passed,2023-11-27T19:00:00,87.04,
4143,47538,2024-03-26T13:00:00,FAMILY_STATUS,11,46,passed,2024-05-02T13:00:00,69.52,
4144,98733,2023-12-15T12:00:00,FAMILY_STATUS,6,114,passed,2024-01-14T12:00:00,94.18,
4145,45579,2023-04-02T19:00:00,BUSINESS_PERMIT,9,42,passed,2023-05-16T19:00:00,89.35,
4146,50282,2024-05-03T18:00:00,FAMILY_STATUS,6,1,flagged,2024-05-22T18:00:00,1767.76,AUDIT_DONE
4147,39591,2023-05-16T04:00:00,ID_RENEWAL,1,48,passed,2023-07-01T04:00:00,35.91,
4148,32522,2023-08-10T04:00:00,FAMILY_STATUS,12,100,passed,2023-09-08T04:00:00,180.81,
4149,70482,2024-03-29T07:00:00,FAMILY_STATUS,4,3,passed,2024-04-07T07:00:00,143.15,
4150,29220,2023-02-10T23:00:00,TAX_CERT,7,59,passed,2023-03-10T23:00:00,86.54,
4151,83135,2023-10-06T14:00:00,TAX_CERT,7,123,passed,2023-11-27T14:00:00,25.03,
4152,56944,2024-05-08T20:00:00,TAX_CERT,10,152,rejected,2024-07-05T20:00:00,3.09,AUDIT_DONE
4153,66947,2024-02-14T23:00:00,TAX_CERT,7,154,rejected,2024-03-23T23:00:00,9.71,AUDIT_DONE
4154,30885,2023-08-11T08:00:00,BIRTH_CERT,3,39,passed,2023-09-12T08:00:00,70.99,
4155,85986,2023-08-25T14:00:00,TAX_CERT,3,57,passed,2023-09-22T14:00:00,35.34,
4156,16973,2023-04-15T01:00:00,ID_RENEWAL,4,59,flagged,2023-06-07T01:00:00,1789.46,AUDIT_DONE
4157,68428,2023-11-16T04:00:00,ID_RENEWAL,11,54,passed,2023-12-06T04:00:00,179.22,
4158,92871,2023-10-01T06:00:00,BIRTH_CERT,4,60,flagged,2023-10-15T06:00:00,1035.98,AUDIT_DONE
4159,26761,2024-06-10T06:00:00,FAMILY_STATUS,9,72,passed,2024-06-22T06:00:00,126.92,
4160,87652,2024-05-13T17:00:00,BIRTH_CERT,11,4,passed,2024-05-26T17:00:00,43.82,
4161,60546,2024-01-16T21:00:00,BIRTH_CERT,11,30,passed,2024-03-05T21:00:00,84.19,
4162,50260,2023-01-17T20:00:00,FAMILY_STATUS,11,99,passed,2023-02-15T20:00:00,168.83,
4163,70760,2023-05-28T03:00:00,BIRTH_CERT,6,126,passed,2023-06-18T03:00:00,107.88,
4164,69022,2023-06-11T13:00:00,TAX_CERT,5,8,passed,2023-07-28T13:00:00,142.66,
4165,78966,2024-03-14T16:00:00,BIRTH_CERT,9,93,passed,2024-03-29T16:00:00,52.61,
4166,71439,2023-08-07T20:00:00,BIRTH_CERT,10,10,passed,2023-09-21T20:00:00,91.36,
4167,22399,2023-08-11T21:00:00,BIRTH_CERT,4,21,passed,2023-08-28T21:00:00,4.57,
4168,20577,2024-06-06T11:00:00,ID_RENEWAL,10,173,passed,2024-07-06T11:00:00,69.09,
4169,95111,2023-05-11T10:00:00,BIRTH_CERT,1,102,passed,2023-07-04T10:00:00,175.39,
4170,74777,2024-02-19T20:00:00,BUSINESS_PERMIT,11,10,passed,2024-03-16T20:00:00,91.55,
4171,28654,2024-04-27T02:00:00,BIRTH_CERT,5,146,passed,2024-05-19T02:00:00,106.38,
4172,53902,2024-01-02T23:00:00,TAX_CERT,10,23,flagged,2024-02-11T23:00:00,801.16,AUDIT_DONE
4173,84184,2023-11-14T04:00:00,BUSINESS_PERMIT,8,98,passed,2023-12-13T04:00:00,20.63,
4174,39865,2023-09-05T21:00:00,BIRTH_CERT,8,76,passed,2023-10-08T21:00:00,135.33,
4175,55595,2023-09-21T19:00:00,FAMILY_STATUS,6,153,passed,2023-11-03T19:00:00,40.21,
4176,19763,2023-10-20T13:00:00,BUSINESS_PERMIT,6,112,flagged,2023-11-08T13:00:00,1583.5,AUDIT_DONE
4177,12057,2023-03-01T16:00:00,TAX_CERT,8,56,passed,2023-03-13T16:00:00,29.92,
4178,55996,2024-04-23T06:00:00,BUSINESS_PERMIT,7,172,passed,2024-05-10T06:00:00,136.58,
4179,76190,2024-04-17T06:00:00,BUSINESS_PERMIT,12,48,passed,2024-05-12T06:00:00,145.94,
4180,10666,2023-10-02T18:00:00,ID_RENEWAL,4,154,rejected,2023-11-03T18:00:00,21.3,AUDIT_DONE
4181,13002,2023-05-07T01:00:00,BUSINESS_PERMIT,10,3,passed,2023-06-08T01:00:00,103.88,
4182,83088,2023-08-01T23:00:00,BIRTH_CERT,3,106,passed,2023-09-05T23:00:00,184.79,
4183,21975,2023-07-22T21:00:00,BUSINESS_PERMIT,8,132,passed,2023-08-15T21:00:00,72.61,
4184,64373,2024-03-17T01:00:00,FAMILY_STATUS,10,172,passed,2024-03-30T01:00:00,39.57,
4185,42364,2024-01-10T20:00:00,FAMILY_STATUS,9,28,passed,2024-02-17T20:00:00,70.01,
4186,40645,2024-03-04T13:00:00,BIRTH_CERT,10,77,passed,2024-03-24T13:00:00,98.75,
4187,96400,2024-03-27T17:00:00,FAMILY_STATUS,1,84,passed,2024-04-04T17:00:00,188.68,
4188,49707,2024-02-03T13:00:00,BUSINESS_PERMIT,6,23,passed,2024-04-01T13:00:00,88.5,
4189,68334,2024-03-29T02:00:00,FAMILY_STATUS,10,136,rejected,2024-04-20T02:00:00,26.99,AUDIT_DONE
4190,91129,2023-09-09T08:00:00,TAX_CERT,6,12,passed,2023-10-06T08:00:00,80.66,
4191,15908,2024-05-30T01:00:00,BIRTH_CERT,7,41,flagged,2024-06-21T01:00:00,869.31,AUDIT_DONE
4192,49081,2024-02-04T08:00:00,TAX_CERT,7,156,rejected,2024-02-25T08:00:00,8.27,AUDIT_DONE
4193,34466,2024-01-02T08:00:00,ID_RENEWAL,9,104,passed,2024-01-16T08:00:00,35.36,
4194,81552,2023-12-31T12:00:00,ID_RENEWAL,1,61,passed,2024-02-09T12:00:00,12.7,
4195,49276,2023-08-03T10:00:00,BIRTH_CERT,5,108,passed,2023-08-10T10:00:00,76.35,
4196,86393,2023-03-02T06:00:00,ID_RENEWAL,8,104,passed,2023-04-05T06:00:00,55.24,
4197,41161,2023-03-25T13:00:00,BIRTH_CERT,2,48,passed,2023-04-03T13:00:00,162.5,
4198,19192,2024-02-19T22:00:00,BIRTH_CERT,6,90,passed,2024-03-29T22:00:00,81.76,
4199,38400,2023-02-15T01:00:00,FAMILY_STATUS,5,32,passed,2023-03-07T01:00:00,120.44,
4200,77583,2023-05-15T17:00:00,FAMILY_STATUS,7,170,passed,2023-06-05T17:00:00,20.08,
4201,35299,2023-11-20T23:00:00,BIRTH_CERT,1,7,passed,2023-12-27T23:00:00,67.75,
4202,71039,2023-01-12T03:00:00,ID_RENEWAL,1,18,passed,2023-02-10T03:00:00,58.86,
4203,21877,2023-04-05T11:00:00,BIRTH_CERT,9,15,passed,2023-06-02T11:00:00,182.87,
4204,58978,2023-10-30T19:00:00,ID_RENEWAL,10,149,passed,2023-12-16T19:00:00,182.67,
4205,87740,2023-12-31T10:00:00,TAX_CERT,2,148,passed,2024-02-27T10:00:00,162.6,
4206,20066,2024-02-26T17:00:00,BUSINESS_PERMIT,8,21,passed,2024-04-04T17:00:00,158.99,
4207,36739,2023-01-08T17:00:00,TAX_CERT,1,165,passed,2023-02-22T17:00:00,189.58,
4208,87462,2024-01-10T00:00:00,TAX_CERT,8,180,passed,2024-01-26T00:00:00,84.51,
4209,15516,2023-08-01T04:00:00,BIRTH_CERT,2,50,passed,2023-08-16T04:00:00,70.6,
4210,98633,2023-09-29T01:00:00,ID_RENEWAL,11,14,rejected,2023-11-05T01:00:00,41.34,AUDIT_DONE
4211,68846,2024-04-27T15:00:00,FAMILY_STATUS,6,134,passed,2024-06-18T15:00:00,77.07,
4212,64331,2023-01-08T12:00:00,TAX_CERT,7,28,passed,2023-01-26T12:00:00,183.63,
4213,58575,2023-02-03T20:00:00,ID_RENEWAL,4,16,rejected,2023-04-04T20:00:00,29.6,AUDIT_DONE
4214,66573,2024-03-15T10:00:00,ID_RENEWAL,8,173,passed,2024-04-26T10:00:00,22.03,
4215,94550,2023-03-06T17:00:00,TAX_CERT,2,32,passed,2023-04-24T17:00:00,26.35,
4216,76580,2023-08-15T06:00:00,BUSINESS_PERMIT,1,47,passed,2023-10-08T06:00:00,116.74,
4217,96867,2023-05-19T01:00:00,FAMILY_STATUS,7,39,passed,2023-07-17T01:00:00,158.14,
4218,23822,2024-03-16T17:00:00,ID_RENEWAL,11,177,passed,2024-05-14T17:00:00,121.06,
4219,47775,2024-02-01T20:00:00,FAMILY_STATUS,2,147,flagged,2024-02-11T20:00:00,1832.21,AUDIT_DONE
4220,38462,2023-02-01T11:00:00,BUSINESS_PERMIT,3,23,passed,2023-04-02T11:00:00,150.91,
4221,82980,2023-01-07T16:00:00,ID_RENEWAL,2,104,flagged,2023-02-27T16:00:00,1731.17,AUDIT_DONE
4222,19879,2023-09-17T08:00:00,BIRTH_CERT,12,105,flagged,2023-11-07T08:00:00,1851.73,AUDIT_DONE
4223,45805,2024-05-26T03:00:00,BUSINESS_PERMIT,5,10,flagged,2024-06-17T03:00:00,1462.17,AUDIT_DONE
4224,11514,2023-11-30T08:00:00,BIRTH_CERT,5,145,flagged,2024-01-01T08:00:00,835.8,AUDIT_DONE
4225,44377,2023-12-07T16:00:00,FAMILY_STATUS,1,106,flagged,2024-01-12T16:00:00,1630.77,AUDIT_DONE
4226,55663,2024-02-12T13:00:00,BIRTH_CERT,10,143,passed,2024-03-24T13:00:00,123.65,
4227,28753,2023-02-11T15:00:00,BIRTH_CERT,5,37,passed,2023-03-09T15:00:00,54.84,
4228,68073,2023-01-17T09:00:00,BUSINESS_PERMIT,10,92,passed,2023-03-06T09:00:00,171.88,
4229,63246,2023-07-03T10:00:00,BUSINESS_PERMIT,4,173,flagged,2023-08-08T10:00:00,1440.38,AUDIT_DONE
4230,74929,2023-03-29T19:00:00,TAX_CERT,6,50,passed,2023-04-23T19:00:00,78.15,
4231,59194,2024-06-21T20:00:00,BIRTH_CERT,7,32,passed,2024-08-12T20:00:00,58.7,
4232,26970,2023-11-24T18:00:00,BIRTH_CERT,1,35,rejected,2023-12-25T18:00:00,48.1,AUDIT_DONE
4233,80797,2024-04-01T12:00:00,BUSINESS_PERMIT,2,31,flagged,2024-05-27T12:00:00,1264.34,AUDIT_DONE
4234,62431,2024-03-21T00:00:00,BIRTH_CERT,4,79,passed,2024-05-18T00:00:00,25.49,
4235,75226,2024-02-27T15:00:00,BUSINESS_PERMIT,11,12,passed,2024-03-15T15:00:00,73.92,
4236,27319,2023-10-30T01:00:00,TAX_CERT,3,17,flagged,2023-12-07T01:00:00,1786.23,AUDIT_DONE
4237,54591,2023-03-30T22:00:00,TAX_CERT,3,83,passed,2023-04-18T22:00:00,35.86,
4238,78482,2023-12-16T23:00:00,BIRTH_CERT,7,9,passed,2024-02-14T23:00:00,64.21,
4239,54496,2023-11-13T19:00:00,TAX_CERT,7,17,passed,2023-11-23T19:00:00,21.6,
4240,25601,2023-01-09T20:00:00,BIRTH_CERT,6,59,passed,2023-01-28T20:00:00,153.51,
4241,40138,2023-10-06T11:00:00,FAMILY_STATUS,7,5,passed,2023-11-21T11:00:00,192.14,
4242,89237,2023-06-02T07:00:00,ID_RENEWAL,3,33,flagged,2023-06-09T07:00:00,1653.33,AUDIT_DONE
4243,46328,2023-05-31T18:00:00,ID_RENEWAL,5,67,flagged,2023-06-13T18:00:00,1071.46,AUDIT_DONE
4244,35799,2023-10-15T00:00:00,BUSINESS_PERMIT,9,125,passed,2023-12-12T00:00:00,53.05,
4245,29475,2024-05-08T18:00:00,ID_RENEWAL,9,39,passed,2024-07-02T18:00:00,60.75,
4246,84167,2023-04-28T13:00:00,BIRTH_CERT,9,38,passed,2023-06-13T13:00:00,43.4,
4247,84299,2023-03-24T16:00:00,BUSINESS_PERMIT,2,168,passed,2023-05-13T16:00:00,8.53,
4248,90812,2023-06-04T09:00:00,BUSINESS_PERMIT,3,105,passed,2023-07-30T09:00:00,92.63,
4249,55459,2023-08-11T21:00:00,TAX_CERT,6,93,passed,2023-09-05T21:00:00,90.33,
4250,35614,2024-03-03T06:00:00,BUSINESS_PERMIT,12,77,passed,2024-03-19T06:00:00,190.07,
4251,36555,2023-06-02T10:00:00,FAMILY_STATUS,5,76,flagged,2023-06-29T10:00:00,953.91,AUDIT_DONE
4252,13308,2023-04-30T02:00:00,FAMILY_STATUS,8,135,passed,2023-06-11T02:00:00,151.45,
4253,34469,2023-02-17T07:00:00,BIRTH_CERT,5,87,passed,2023-03-29T07:00:00,110.8,
4254,59658,2024-04-28T05:00:00,ID_RENEWAL,1,68,passed,2024-05-29T05:00:00,94.56,
4255,75608,2023-05-12T17:00:00,BUSINESS_PERMIT,9,127,passed,2023-07-10T17:00:00,141.35,
4256,19470,2023-03-22T23:00:00,TAX_CERT,11,34,passed,2023-04-11T23:00:00,94.53,
4257,27860,2024-02-04T17:00:00,BUSINESS_PERMIT,6,155,passed,2024-03-30T17:00:00,74.28,
4258,20774,2023-05-12T03:00:00,FAMILY_STATUS,11,168,passed,2023-07-03T03:00:00,168.28,
4259,20698,2023-09-27T07:00:00,FAMILY_STATUS,1,163,flagged,2023-10-28T07:00:00,818.27,AUDIT_DONE
4260,56206,2023-10-21T11:00:00,BUSINESS_PERMIT,3,152,flagged,2023-11-16T11:00:00,1517.0,AUDIT_DONE
4261,22672,2023-11-16T08:00:00,ID_RENEWAL,4,55,passed,2023-12-23T08:00:00,159.14,
4262,31578,2024-01-07T07:00:00,BIRTH_CERT,4,63,flagged,2024-02-11T07:00:00,1742.59,AUDIT_DONE
4263,37003,2024-03-18T19:00:00,FAMILY_STATUS,8,8,passed,2024-05-11T19:00:00,150.0,
4264,81137,2023-08-20T09:00:00,FAMILY_STATUS,5,154,passed,2023-10-11T09:00:00,72.86,
4265,77074,2024-02-28T20:00:00,BUSINESS_PERMIT,2,136,passed,2024-04-05T20:00:00,18.46,
4266,89561,2023-02-24T22:00:00,FAMILY_STATUS,3,30,passed,2023-04-03T22:00:00,118.15,
4267,86463,2023-08-11T14:00:00,ID_RENEWAL,7,57,passed,2023-09-05T14:00:00,98.21,
4268,52138,2023-08-04T06:00:00,FAMILY_STATUS,2,42,passed,2023-09-18T06:00:00,45.82,
4269,78860,2023-02-11T14:00:00,TAX_CERT,1,75,passed,2023-03-09T14:00:00,137.15,
4270,43533,2024-02-10T17:00:00,ID_RENEWAL,8,80,passed,2024-03-19T17:00:00,144.61,
4271,56301,2024-04-15T00:00:00,BUSINESS_PERMIT,4,104,passed,2024-06-09T00:00:00,171.93,
4272,82040,2023-01-13T00:00:00,TAX_CERT,11,116,passed,2023-01-30T00:00:00,143.41,
4273,37856,2023-05-04T05:00:00,BIRTH_CERT,11,166,passed,2023-07-03T05:00:00,24.18,
4274,27519,2024-03-01T17:00:00,BUSINESS_PERMIT,3,124,passed,2024-04-05T17:00:00,52.32,
4275,57205,2023-09-25T22:00:00,BIRTH_CERT,4,154,passed,2023-10-21T22:00:00,170.1,
4276,96524,2024-03-17T18:00:00,BUSINESS_PERMIT,3,170,flagged,2024-04-18T18:00:00,1880.16,AUDIT_DONE
4277,43079,2023-02-03T08:00:00,FAMILY_STATUS,9,91,rejected,2023-02-22T08:00:00,4.73,AUDIT_DONE
4278,24741,2023-07-30T10:00:00,BIRTH_CERT,9,71,passed,2023-08-11T10:00:00,199.93,
4279,13812,2023-11-13T13:00:00,BUSINESS_PERMIT,6,26,passed,2023-11-27T13:00:00,52.28,
4280,50229,2023-08-29T14:00:00,BIRTH_CERT,9,175,passed,2023-09-06T14:00:00,151.43,
4281,63840,2023-08-19T12:00:00,FAMILY_STATUS,5,161,rejected,2023-10-09T12:00:00,4.74,AUDIT_DONE
4282,43817,2023-12-25T11:00:00,TAX_CERT,12,142,flagged,2024-02-06T11:00:00,1651.7,AUDIT_DONE
4283,37338,2023-03-17T19:00:00,BUSINESS_PERMIT,4,128,passed,2023-03-30T19:00:00,39.47,
4284,70452,2023-07-18T22:00:00,BUSINESS_PERMIT,7,87,passed,2023-08-19T22:00:00,35.45,
4285,83269,2024-06-16T15:00:00,BUSINESS_PERMIT,8,125,passed,2024-08-12T15:00:00,41.92,
4286,86654,2023-03-15T06:00:00,FAMILY_STATUS,5,23,passed,2023-03-26T06:00:00,199.68,
4287,66669,2023-08-14T17:00:00,BUSINESS_PERMIT,1,141,passed,2023-09-01T17:00:00,159.89,
4288,63220,2023-05-14T06:00:00,ID_RENEWAL,4,156,passed,2023-06-21T06:00:00,135.92,
4289,53818,2024-01-08T00:00:00,FAMILY_STATUS,1,25,passed,2024-01-21T00:00:00,44.79,
4290,75456,2024-06-22T00:00:00,BIRTH_CERT,5,73,passed,2024-07-15T00:00:00,39.76,
4291,78757,2023-06-10T02:00:00,BUSINESS_PERMIT,5,150,passed,2023-08-02T02:00:00,17.41,
4292,92423,2023-04-10T12:00:00,BIRTH_CERT,5,118,flagged,2023-06-09T12:00:00,822.26,AUDIT_DONE
4293,69531,2023-04-02T10:00:00,BIRTH_CERT,8,58,passed,2023-05-03T10:00:00,184.43,
4294,86550,2024-01-26T14:00:00,BUSINESS_PERMIT,11,60,passed,2024-02-04T14:00:00,36.3,
4295,98424,2023-05-02T01:00:00,TAX_CERT,3,50,passed,2023-05-23T01:00:00,86.47,
4296,44990,2023-02-28T11:00:00,FAMILY_STATUS,9,100,passed,2023-03-17T11:00:00,87.77,
4297,91010,2024-04-25T03:00:00,TAX_CERT,11,166,passed,2024-05-30T03:00:00,183.0,
4298,98844,2023-06-10T15:00:00,BIRTH_CERT,8,2,passed,2023-07-06T15:00:00,136.26,
4299,64225,2023-04-09T14:00:00,ID_RENEWAL,11,128,passed,2023-06-01T14:00:00,161.67,
4300,82128,2024-03-10T16:00:00,BUSINESS_PERMIT,6,105,passed,2024-04-27T16:00:00,137.57,
4301,75661,2023-03-06T01:00:00,BUSINESS_PERMIT,9,88,passed,2023-04-04T01:00:00,94.86,
4302,45888,2024-05-05T18:00:00,FAMILY_STATUS,5,55,rejected,2024-06-07T18:00:00,45.79,AUDIT_DONE
4303,74591,2024-05-23T01:00:00,BUSINESS_PERMIT,3,98,passed,2024-07-22T01:00:00,98.0,
4304,60757,2023-12-26T19:00:00,BUSINESS_PERMIT,7,68,flagged,2024-02-12T19:00:00,1421.89,AUDIT_DONE
4305,56344,2023-09-23T18:00:00,TAX_CERT,11,68,rejected,2023-10-22T18:00:00,37.23,AUDIT_DONE
4306,43185,2023-10-09T14:00:00,ID_RENEWAL,5,82,passed,2023-10-24T14:00:00,143.38,
4307,45768,2024-01-09T07:00:00,BIRTH_CERT,8,127,passed,2024-02-20T07:00:00,129.49,
4308,41067,2024-02-12T10:00:00,BUSINESS_PERMIT,4,165,passed,2024-02-20T10:00:00,66.55,
4309,59099,2023-12-24T08:00:00,TAX_CERT,9,9,flagged,2023-12-31T08:00:00,1378.45,AUDIT_DONE
4310,34448,2023-08-10T06:00:00,BIRTH_CERT,12,137,passed,2023-08-29T06:00:00,80.58,
4311,15622,2023-05-04T07:00:00,FAMILY_STATUS,7,154,passed,2023-06-13T07:00:00,195.2,
4312,21450,2023-01-30T15:00:00,FAMILY_STATUS,4,118,passed,2023-02-23T15:00:00,193.52,
4313,13842,2023-01-02T23:00:00,FAMILY_STATUS,7,56,passed,2023-01-25T23:00:00,197.89,
4314,69238,2023-04-16T01:00:00,BIRTH_CERT,12,37,passed,2023-05-27T01:00:00,103.31,
4315,65973,2024-03-18T06:00:00,FAMILY_STATUS,4,75,rejected,2024-05-05T06:00:00,23.36,AUDIT_DONE
4316,73660,2024-02-08T13:00:00,TAX_CERT,12,10,passed,2024-02-23T13:00:00,170.15,
4317,85440,2024-04-30T08:00:00,FAMILY_STATUS,2,86,passed,2024-06-21T08:00:00,156.51,
4318,73299,2023-03-13T01:00:00,BIRTH_CERT,2,6,passed,2023-03-22T01:00:00,97.85,
4319,44389,2023-04-23T21:00:00,BIRTH_CERT,10,84,passed,2023-06-02T21:00:00,59.81,
4320,12847,2024-04-17T15:00:00,BUSINESS_PERMIT,10,163,passed,2024-05-09T15:00:00,103.67,
4321,58654,2023-03-31T08:00:00,FAMILY_STATUS,5,56,flagged,2023-05-18T08:00:00,1336.62,AUDIT_DONE
4322,55080,2024-04-29T16:00:00,TAX_CERT,10,54,flagged,2024-06-26T16:00:00,827.51,AUDIT_DONE
4323,71652,2024-02-24T01:00:00,FAMILY_STATUS,3,120,passed,2024-04-04T01:00:00,80.7,
4324,81008,2024-03-19T15:00:00,ID_RENEWAL,1,124,passed,2024-05-09T15:00:00,169.23,
4325,38628,2023-06-13T19:00:00,BIRTH_CERT,3,62,flagged,2023-06-26T19:00:00,1278.95,AUDIT_DONE
4326,87103,2023-04-23T04:00:00,BIRTH_CERT,4,126,passed,2023-06-10T04:00:00,72.78,
4327,75303,2023-11-01T21:00:00,BUSINESS_PERMIT,2,180,flagged,2023-11-23T21:00:00,1048.52,AUDIT_DONE
4328,74130,2024-05-27T14:00:00,BIRTH_CERT,1,86,rejected,2024-06-03T14:00:00,25.25,AUDIT_DONE
4329,66009,2023-03-09T01:00:00,FAMILY_STATUS,11,104,flagged,2023-03-17T01:00:00,1236.04,AUDIT_DONE
4330,94605,2023-02-11T15:00:00,FAMILY_STATUS,1,117,passed,2023-04-02T15:00:00,152.27,
4331,39884,2024-03-27T16:00:00,FAMILY_STATUS,12,69,passed,2024-04-03T16:00:00,39.26,
4332,47322,2024-06-13T11:00:00,ID_RENEWAL,8,55,passed,2024-08-01T11:00:00,173.21,
4333,11296,2023-10-26T08:00:00,TAX_CERT,10,34,passed,2023-12-11T08:00:00,102.81,
4334,43597,2023-05-01T14:00:00,TAX_CERT,9,130,passed,2023-06-01T14:00:00,132.64,
4335,44993,2023-03-26T13:00:00,FAMILY_STATUS,8,133,passed,2023-05-25T13:00:00,124.83,
4336,87021,2023-10-01T01:00:00,TAX_CERT,9,144,passed,2023-11-24T01:00:00,180.2,
4337,67109,2023-01-25T06:00:00,ID_RENEWAL,3,161,passed,2023-02-24T06:00:00,125.27,
4338,57396,2023-12-17T04:00:00,TAX_CERT,7,159,passed,2024-02-09T04:00:00,10.82,
4339,62717,2023-07-31T20:00:00,BUSINESS_PERMIT,1,34,passed,2023-09-15T20:00:00,119.62,
4340,56952,2023-07-20T07:00:00,BUSINESS_PERMIT,1,154,flagged,2023-08-11T07:00:00,998.16,AUDIT_DONE
4341,25379,2023-12-28T08:00:00,FAMILY_STATUS,1,63,passed,2024-02-10T08:00:00,119.45,
4342,25397,2023-10-09T01:00:00,TAX_CERT,3,175,passed,2023-10-17T01:00:00,184.88,
4343,48300,2024-01-01T06:00:00,TAX_CERT,2,143,rejected,2024-01-09T06:00:00,16.32,AUDIT_DONE
4344,60398,2023-07-25T02:00:00,BIRTH_CERT,11,137,passed,2023-09-14T02:00:00,7.8,
4345,84267,2023-05-10T01:00:00,TAX_CERT,5,136,flagged,2023-05-19T01:00:00,1738.11,AUDIT_DONE
4346,57043,2023-02-27T11:00:00,BUSINESS_PERMIT,5,136,passed,2023-04-08T11:00:00,89.66,
4347,29708,2024-05-12T19:00:00,FAMILY_STATUS,8,53,passed,2024-07-05T19:00:00,105.09,
4348,21094,2023-12-04T20:00:00,BIRTH_CERT,11,84,passed,2024-01-03T20:00:00,165.97,
4349,67224,2023-06-10T15:00:00,FAMILY_STATUS,3,174,passed,2023-06-25T15:00:00,103.04,
4350,57858,2023-05-15T18:00:00,BUSINESS_PERMIT,6,26,passed,2023-06-14T18:00:00,36.93,
4351,87561,2024-03-04T16:00:00,ID_RENEWAL,9,170,flagged,2024-04-01T16:00:00,1203.85,AUDIT_DONE
4352,91340,2023-09-07T01:00:00,FAMILY_STATUS,9,32,passed,2023-11-06T01:00:00,145.59,
4353,54378,2023-11-07T08:00:00,ID_RENEWAL,12,129,passed,2024-01-04T08:00:00,20.66,
4354,52642,2023-10-29T16:00:00,ID_RENEWAL,9,73,passed,2023-12-20T16:00:00,23.03,
4355,15383,2024-06-06T18:00:00,TAX_CERT,3,168,passed,2024-07-01T18:00:00,81.44,
4356,56176,2023-12-07T00:00:00,BIRTH_CERT,8,106,passed,2024-02-02T00:00:00,72.22,
4357,27577,2023-08-04T11:00:00,TAX_CERT,6,131,passed,2023-09-12T11:00:00,171.76,
4358,75097,2024-04-02T14:00:00,BUSINESS_PERMIT,6,77,passed,2024-05-19T14:00:00,167.27,
4359,26540,2023-10-06T11:00:00,TAX_CERT,10,47,passed,2023-10-20T11:00:00,175.88,
4360,73245,2024-06-10T14:00:00,BIRTH_CERT,3,74,flagged,2024-07-02T14:00:00,1774.68,AUDIT_DONE
4361,57734,2024-04-26T19:00:00,BIRTH_CERT,1,5,passed,2024-05-24T19:00:00,142.14,
4362,23831,2023-10-19T17:00:00,BUSINESS_PERMIT,5,146,passed,2023-11-11T17:00:00,83.21,
4363,74039,2024-03-12T04:00:00,ID_RENEWAL,4,174,passed,2024-04-30T04:00:00,157.62,
4364,69035,2023-06-07T10:00:00,BUSINESS_PERMIT,6,151,passed,2023-06-24T10:00:00,180.33,
4365,30059,2024-04-02T08:00:00,BUSINESS_PERMIT,10,6,passed,2024-04-18T08:00:00,24.78,
4366,58210,2023-06-01T21:00:00,ID_RENEWAL,8,102,passed,2023-06-26T21:00:00,161.05,
4367,17324,2023-07-26T08:00:00,FAMILY_STATUS,2,128,rejected,2023-08-05T08:00:00,31.85,AUDIT_DONE
4368,91590,2023-10-17T11:00:00,FAMILY_STATUS,6,143,passed,2023-11-15T11:00:00,57.96,
4369,38139,2024-01-08T13:00:00,TAX_CERT,3,32,passed,2024-02-26T13:00:00,111.65,
4370,76712,2024-01-17T21:00:00,ID_RENEWAL,8,180,rejected,2024-02-19T21:00:00,38.21,AUDIT_DONE
4371,16660,2023-12-31T00:00:00,FAMILY_STATUS,5,149,passed,2024-02-24T00:00:00,100.55,
4372,83289,2023-07-25T02:00:00,FAMILY_STATUS,8,23,passed,2023-08-31T02:00:00,65.93,
4373,82874,2023-06-12T02:00:00,BUSINESS_PERMIT,11,149,passed,2023-07-14T02:00:00,46.3,
4374,14724,2023-02-17T19:00:00,BIRTH_CERT,11,63,flagged,2023-03-22T19:00:00,1601.88,AUDIT_DONE
4375,14379,2024-06-14T16:00:00,FAMILY_STATUS,9,90,passed,2024-06-26T16:00:00,4.89,
4376,36818,2024-01-16T17:00:00,TAX_CERT,4,153,passed,2024-03-16T17:00:00,21.61,
4377,99911,2023-02-14T05:00:00,TAX_CERT,7,73,passed,2023-03-05T05:00:00,122.22,
4378,97253,2023-08-11T18:00:00,TAX_CERT,7,63,passed,2023-08-18T18:00:00,8.51,
4379,90601,2024-04-03T16:00:00,TAX_CERT,3,168,rejected,2024-05-14T16:00:00,3.14,AUDIT_DONE
4380,69350,2024-06-24T09:00:00,BUSINESS_PERMIT,5,116,passed,2024-07-27T09:00:00,150.54,
4381,11035,2024-02-18T07:00:00,BIRTH_CERT,12,70,flagged,2024-04-12T07:00:00,1765.26,AUDIT_DONE
4382,63052,2023-08-27T09:00:00,BUSINESS_PERMIT,9,180,passed,2023-10-20T09:00:00,58.79,
4383,13930,2023-10-27T15:00:00,FAMILY_STATUS,5,39,flagged,2023-11-20T15:00:00,1295.63,AUDIT_DONE
4384,74868,2024-04-19T20:00:00,BIRTH_CERT,9,50,flagged,2024-06-13T20:00:00,1717.98,AUDIT_DONE
4385,22179,2024-03-20T13:00:00,BIRTH_CERT,4,114,passed,2024-04-29T13:00:00,130.24,
4386,79006,2024-04-30T14:00:00,BUSINESS_PERMIT,5,70,passed,2024-05-31T14:00:00,33.75,
4387,84584,2023-04-01T09:00:00,BIRTH_CERT,5,99,flagged,2023-05-28T09:00:00,1060.67,AUDIT_DONE
4388,95667,2023-12-09T07:00:00,TAX_CERT,2,84,passed,2024-01-04T07:00:00,87.43,
4389,86459,2023-07-20T19:00:00,ID_RENEWAL,5,3,rejected,2023-09-15T19:00:00,31.33,AUDIT_DONE
4390,78073,2024-01-20T08:00:00,ID_RENEWAL,10,100,passed,2024-03-18T08:00:00,133.53,
4391,29122,2023-05-05T21:00:00,TAX_CERT,9,47,flagged,2023-07-01T21:00:00,1491.85,AUDIT_DONE
4392,39695,2023-05-20T08:00:00,BUSINESS_PERMIT,7,144,passed,2023-05-30T08:00:00,37.15,
4393,98537,2023-08-01T07:00:00,ID_RENEWAL,8,143,flagged,2023-09-01T07:00:00,863.88,AUDIT_DONE
4394,52831,2023-07-28T16:00:00,BUSINESS_PERMIT,7,126,rejected,2023-09-06T16:00:00,35.34,AUDIT_DONE
4395,99979,2024-05-28T07:00:00,FAMILY_STATUS,1,68,flagged,2024-06-28T07:00:00,1193.43,AUDIT_DONE
4396,70342,2024-04-05T21:00:00,BIRTH_CERT,7,167,flagged,2024-05-05T21:00:00,1899.27,AUDIT_DONE
4397,27270,2024-01-30T17:00:00,BUSINESS_PERMIT,11,1,passed,2024-02-10T17:00:00,70.51,
4398,38158,2024-05-05T20:00:00,BUSINESS_PERMIT,7,67,passed,2024-05-28T20:00:00,188.13,
4399,56547,2023-08-18T05:00:00,TAX_CERT,8,10,passed,2023-09-21T05:00:00,21.47,
4400,76860,2023-09-15T08:00:00,BUSINESS_PERMIT,3,11,passed,2023-11-04T08:00:00,30.19,
4401,52702,2024-03-29T08:00:00,ID_RENEWAL,8,26,flagged,2024-04-20T08:00:00,964.75,AUDIT_DONE
4402,54607,2023-04-05T18:00:00,BUSINESS_PERMIT,9,89,passed,2023-06-02T18:00:00,131.48,
4403,51878,2024-01-19T20:00:00,ID_RENEWAL,2,61,passed,2024-03-01T20:00:00,175.82,
4404,83748,2023-03-31T20:00:00,BIRTH_CERT,5,49,rejected,2023-05-22T20:00:00,41.65,AUDIT_DONE
4405,16241,2024-05-02T13:00:00,FAMILY_STATUS,7,53,passed,2024-06-15T13:00:00,97.99,
4406,76244,2023-05-12T06:00:00,BIRTH_CERT,4,141,passed,2023-07-05T06:00:00,80.44,
4407,20685,2023-03-21T23:00:00,BIRTH_CERT,8,12,passed,2023-05-05T23:00:00,30.22,
4408,63271,2023-10-01T11:00:00,FAMILY_STATUS,8,168,flagged,2023-11-14T11:00:00,1901.96,AUDIT_DONE
4409,91321,2023-01-22T10:00:00,BUSINESS_PERMIT,3,122,passed,2023-03-09T10:00:00,36.04,
4410,35393,2023-04-08T03:00:00,ID_RENEWAL,5,56,passed,2023-06-06T03:00:00,196.02,
4411,58009,2023-11-16T00:00:00,ID_RENEWAL,11,124,passed,2024-01-08T00:00:00,179.37,
4412,24252,2023-08-15T01:00:00,BUSINESS_PERMIT,7,20,passed,2023-08-30T01:00:00,150.23,
4413,41353,2024-04-11T09:00:00,TAX_CERT,6,52,flagged,2024-05-16T09:00:00,932.28,AUDIT_DONE
4414,21401,2023-02-14T09:00:00,TAX_CERT,4,22,passed,2023-03-08T09:00:00,88.69,
4415,36377,2024-02-28T13:00:00,BUSINESS_PERMIT,7,90,passed,2024-03-20T13:00:00,8.65,
4416,42839,2023-03-30T13:00:00,BUSINESS_PERMIT,6,87,passed,2023-04-15T13:00:00,83.7,
4417,98401,2023-11-30T10:00:00,TAX_CERT,6,39,passed,2023-12-10T10:00:00,188.04,
4418,11011,2024-02-19T20:00:00,ID_RENEWAL,8,15,passed,2024-03-04T20:00:00,144.8,
4419,10359,2023-12-31T23:00:00,FAMILY_STATUS,11,112,passed,2024-02-13T23:00:00,8.33,
4420,69459,2024-04-18T02:00:00,BIRTH_CERT,2,46,passed,2024-05-19T02:00:00,104.51,
4421,40098,2023-07-27T05:00:00,TAX_CERT,4,94,flagged,2023-09-23T05:00:00,1025.15,AUDIT_DONE
4422,51900,2023-01-18T20:00:00,ID_RENEWAL,6,70,passed,2023-03-10T20:00:00,146.82,
4423,29042,2024-03-04T10:00:00,ID_RENEWAL,8,15,flagged,2024-03-23T10:00:00,1498.02,AUDIT_DONE
4424,64036,2024-06-24T07:00:00,BIRTH_CERT,1,38,passed,2024-07-17T07:00:00,79.19,
4425,14524,2023-12-09T20:00:00,FAMILY_STATUS,11,85,flagged,2023-12-25T20:00:00,1488.24,AUDIT_DONE
4426,51426,2023-03-12T20:00:00,ID_RENEWAL,2,83,flagged,2023-03-21T20:00:00,1453.25,AUDIT_DONE
4427,42481,2023-02-21T19:00:00,TAX_CERT,4,49,passed,2023-04-15T19:00:00,154.94,
4428,49669,2024-03-02T06:00:00,TAX_CERT,4,2,passed,2024-04-01T06:00:00,141.73,
4429,25665,2024-04-21T22:00:00,BUSINESS_PERMIT,1,1,passed,2024-05-16T22:00:00,108.05,
4430,70610,2023-09-27T07:00:00,ID_RENEWAL,8,115,passed,2023-10-10T07:00:00,129.35,
4431,91579,2023-10-04T14:00:00,TAX_CERT,1,29,flagged,2023-11-24T14:00:00,1209.21,AUDIT_DONE
4432,80657,2023-08-18T06:00:00,FAMILY_STATUS,11,145,flagged,2023-10-05T06:00:00,911.04,AUDIT_DONE
4433,56478,2024-01-25T16:00:00,BIRTH_CERT,2,117,passed,2024-02-03T16:00:00,88.89,
4434,14001,2023-04-07T15:00:00,ID_RENEWAL,12,61,rejected,2023-04-29T15:00:00,38.71,AUDIT_DONE
4435,59600,2023-02-28T21:00:00,BIRTH_CERT,6,93,flagged,2023-04-25T21:00:00,1507.59,AUDIT_DONE
4436,47686,2023-07-13T07:00:00,BUSINESS_PERMIT,12,167,passed,2023-08-13T07:00:00,117.77,
4437,92507,2023-01-29T16:00:00,FAMILY_STATUS,10,66,flagged,2023-02-27T16:00:00,851.79,AUDIT_DONE
4438,71221,2023-12-30T04:00:00,ID_RENEWAL,12,86,passed,2024-01-29T04:00:00,186.28,
4439,71469,2024-05-24T12:00:00,BIRTH_CERT,6,2,passed,2024-05-31T12:00:00,78.39,
4440,86148,2023-11-25T13:00:00,TAX_CERT,3,168,rejected,2023-12-09T13:00:00,9.11,AUDIT_DONE
4441,18500,2024-02-25T00:00:00,ID_RENEWAL,3,162,passed,2024-04-24T00:00:00,157.53,
4442,38872,2024-03-22T16:00:00,BUSINESS_PERMIT,1,31,passed,2024-05-18T16:00:00,121.27,
4443,82842,2023-01-04T18:00:00,ID_RENEWAL,11,18,passed,2023-01-11T18:00:00,168.86,
4444,97395,2024-04-23T01:00:00,TAX_CERT,1,51,rejected,2024-05-25T01:00:00,24.98,AUDIT_DONE
4445,74349,2024-06-24T00:00:00,BUSINESS_PERMIT,6,172,passed,2024-07-30T00:00:00,104.78,
4446,76390,2023-02-20T02:00:00,TAX_CERT,5,172,passed,2023-03-23T02:00:00,26.83,
4447,88629,2023-04-13T03:00:00,BUSINESS_PERMIT,10,86,passed,2023-06-06T03:00:00,131.21,
4448,57450,2023-11-10T13:00:00,BUSINESS_PERMIT,1,126,passed,2023-12-25T13:00:00,127.15,
4449,36824,2023-04-25T18:00:00,FAMILY_STATUS,3,39,passed,2023-05-09T18:00:00,173.06,
4450,47002,2024-02-15T07:00:00,BIRTH_CERT,12,146,rejected,2024-04-13T07:00:00,33.14,AUDIT_DONE
4451,44823,2023-06-28T11:00:00,BIRTH_CERT,1,13,passed,2023-08-03T11:00:00,21.17,
4452,24811,2024-03-02T20:00:00,BUSINESS_PERMIT,8,49,passed,2024-03-17T20:00:00,24.13,
4453,89588,2024-05-23T08:00:00,TAX_CERT,9,116,rejected,2024-06-27T08:00:00,14.11,AUDIT_DONE
4454,50225,2024-01-18T19:00:00,TAX_CERT,10,171,passed,2024-02-29T19:00:00,66.62,
4455,33257,2023-08-29T11:00:00,FAMILY_STATUS,7,155,passed,2023-09-12T11:00:00,93.94,
4456,65808,2023-05-29T01:00:00,BIRTH_CERT,2,157,passed,2023-06-21T01:00:00,139.41,
4457,86712,2023-05-07T04:00:00,BIRTH_CERT,7,126,passed,2023-06-09T04:00:00,17.81,
4458,42154,2023-07-13T06:00:00,BIRTH_CERT,6,62,passed,2023-07-24T06:00:00,42.58,
4459,77580,2024-05-04T17:00:00,BUSINESS_PERMIT,4,11,passed,2024-05-19T17:00:00,78.66,
4460,32500,2024-01-18T07:00:00,ID_RENEWAL,4,85,flagged,2024-03-09T07:00:00,1013.52,AUDIT_DONE
4461,72921,2023-05-20T19:00:00,BIRTH_CERT,11,71,flagged,2023-06-12T19:00:00,1947.33,AUDIT_DONE
4462,87232,2023-05-07T03:00:00,TAX_CERT,3,143,passed,2023-06-25T03:00:00,118.18,
4463,26716,2023-10-25T23:00:00,TAX_CERT,6,32,passed,2023-11-11T23:00:00,114.12,
4464,42020,2023-08-15T02:00:00,BIRTH_CERT,8,166,passed,2023-08-22T02:00:00,86.3,
4465,17271,2023-10-11T21:00:00,FAMILY_STATUS,12,113,passed,2023-11-28T21:00:00,151.61,
4466,20338,2023-11-30T15:00:00,BUSINESS_PERMIT,12,170,passed,2024-01-12T15:00:00,96.5,
4467,51846,2023-11-04T06:00:00,TAX_CERT,2,33,passed,2023-12-22T06:00:00,42.34,
4468,56100,2023-12-25T07:00:00,ID_RENEWAL,9,179,passed,2024-02-01T07:00:00,137.99,
4469,34654,2023-05-25T14:00:00,BUSINESS_PERMIT,3,13,passed,2023-07-17T14:00:00,103.11,
4470,43630,2024-01-18T14:00:00,TAX_CERT,11,91,rejected,2024-03-04T14:00:00,9.32,AUDIT_DONE
4471,70373,2023-07-24T18:00:00,ID_RENEWAL,2,105,passed,2023-09-19T18:00:00,177.98,
4472,39862,2024-06-17T17:00:00,BIRTH_CERT,6,84,passed,2024-07-11T17:00:00,114.53,
4473,29124,2023-10-07T08:00:00,BUSINESS_PERMIT,2,16,flagged,2023-11-02T08:00:00,880.95,AUDIT_DONE
4474,25038,2024-04-30T08:00:00,ID_RENEWAL,10,50,passed,2024-05-16T08:00:00,168.3,
4475,90123,2023-04-20T16:00:00,BIRTH_CERT,2,130,passed,2023-05-23T16:00:00,128.07,
4476,37543,2023-04-27T06:00:00,BIRTH_CERT,3,161,passed,2023-05-24T06:00:00,73.94,
4477,14926,2023-11-11T16:00:00,TAX_CERT,11,20,passed,2023-12-19T16:00:00,64.99,
4478,64006,2023-11-03T14:00:00,FAMILY_STATUS,6,102,passed,2024-01-02T14:00:00,18.5,
4479,47202,2023-06-15T12:00:00,BUSINESS_PERMIT,3,78,flagged,2023-07-12T12:00:00,1201.19,AUDIT_DONE
4480,61037,2023-06-16T00:00:00,BIRTH_CERT,3,32,flagged,2023-07-09T00:00:00,1210.02,AUDIT_DONE
4481,20926,2023-06-23T04:00:00,BUSINESS_PERMIT,11,64,passed,2023-08-22T04:00:00,0.79,
4482,91818,2023-09-10T21:00:00,FAMILY_STATUS,5,59,passed,2023-09-20T21:00:00,76.6,
4483,42746,2023-09-23T15:00:00,BIRTH_CERT,11,13,flagged,2023-10-03T15:00:00,860.76,AUDIT_DONE
4484,61273,2024-06-22T02:00:00,TAX_CERT,1,114,passed,2024-07-05T02:00:00,154.76,
4485,33241,2023-12-12T04:00:00,ID_RENEWAL,2,67,passed,2024-02-04T04:00:00,147.63,
4486,60196,2023-06-24T05:00:00,BIRTH_CERT,5,163,passed,2023-07-05T05:00:00,67.59,
4487,54010,2023-02-12T19:00:00,FAMILY_STATUS,6,112,passed,2023-03-24T19:00:00,166.0,
4488,11616,2023-05-05T06:00:00,TAX_CERT,4,173,passed,2023-06-27T06:00:00,78.41,
4489,51876,2024-06-14T10:00:00,BIRTH_CERT,10,18,passed,2024-08-08T10:00:00,86.22,
4490,81932,2023-04-30T14:00:00,TAX_CERT,11,157,passed,2023-06-06T14:00:00,74.64,
4491,32306,2023-03-02T22:00:00,ID_RENEWAL,6,46,flagged,2023-03-20T22:00:00,1164.82,AUDIT_DONE
4492,89639,2023-04-29T20:00:00,FAMILY_STATUS,11,27,passed,2023-06-12T20:00:00,32.01,
4493,77270,2024-05-30T03:00:00,FAMILY_STATUS,5,29,passed,2024-06-19T03:00:00,150.22,
4494,64026,2024-02-11T18:00:00,FAMILY_STATUS,10,49,passed,2024-02-28T18:00:00,56.9,
4495,49579,2023-06-07T00:00:00,ID_RENEWAL,2,42,flagged,2023-07-12T00:00:00,836.63,AUDIT_DONE
4496,91037,2023-06-05T01:00:00,BIRTH_CERT,10,130,passed,2023-07-09T01:00:00,140.37,
4497,81101,2024-06-09T16:00:00,TAX_CERT,7,104,passed,2024-06-20T16:00:00,59.46,
4498,52853,2024-04-19T05:00:00,BIRTH_CERT,10,32,passed,2024-06-07T05:00:00,77.12,
4499,35085,2023-04-15T13:00:00,TAX_CERT,5,70,passed,2023-05-12T13:00:00,115.34,
4500,77814,2023-04-27T17:00:00,FAMILY_STATUS,11,7,flagged,2023-05-07T17:00:00,918.05,AUDIT_DONE
4501,32390,2023-05-21T06:00:00,TAX_CERT,2,92,passed,2023-07-16T06:00:00,175.56,
4502,26434,2023-10-24T05:00:00,TAX_CERT,9,65,rejected,2023-12-16T05:00:00,48.64,AUDIT_DONE
4503,30722,2023-09-15T12:00:00,ID_RENEWAL,3,101,passed,2023-10-07T12:00:00,16.33,
4504,15158,2023-05-23T10:00:00,BUSINESS_PERMIT,4,65,passed,2023-06-27T10:00:00,107.38,
4505,35939,2024-04-30T12:00:00,BIRTH_CERT,1,80,flagged,2024-06-22T12:00:00,1542.9,AUDIT_DONE
4506,16790,2024-05-20T20:00:00,BIRTH_CERT,12,110,flagged,2024-06-15T20:00:00,1891.95,AUDIT_DONE
4507,48287,2024-05-26T15:00:00,ID_RENEWAL,3,20,passed,2024-06-13T15:00:00,130.06,
4508,12447,2023-01-21T07:00:00,BIRTH_CERT,4,179,passed,2023-02-01T07:00:00,158.28,
4509,33966,2024-05-19T04:00:00,BUSINESS_PERMIT,5,119,flagged,2024-06-12T04:00:00,965.08,AUDIT_DONE
4510,87674,2023-12-21T09:00:00,TAX_CERT,2,112,flagged,2024-01-31T09:00:00,1599.71,AUDIT_DONE
4511,38774,2023-07-02T15:00:00,BIRTH_CERT,7,60,passed,2023-07-20T15:00:00,63.81,
4512,35127,2023-04-16T17:00:00,TAX_CERT,3,131,passed,2023-06-03T17:00:00,181.57,
4513,15207,2024-04-15T17:00:00,FAMILY_STATUS,11,110,passed,2024-06-08T17:00:00,95.62,
4514,40275,2023-07-04T20:00:00,ID_RENEWAL,4,91,rejected,2023-08-21T20:00:00,22.83,AUDIT_DONE
4515,65886,2024-06-17T19:00:00,BIRTH_CERT,10,95,passed,2024-06-29T19:00:00,14.16,
4516,71286,2023-07-11T21:00:00,ID_RENEWAL,2,167,passed,2023-09-01T21:00:00,49.89,
4517,83215,2023-12-21T00:00:00,BIRTH_CERT,8,168,passed,2023-12-28T00:00:00,95.9,
4518,35928,2023-11-01T18:00:00,FAMILY_STATUS,5,169,passed,2023-12-03T18:00:00,122.39,
4519,19265,2024-04-12T12:00:00,TAX_CERT,9,107,flagged,2024-06-07T12:00:00,1297.52,AUDIT_DONE
4520,82410,2023-01-12T10:00:00,FAMILY_STATUS,10,92,passed,2023-02-04T10:00:00,156.23,
4521,54124,2024-01-03T08:00:00,ID_RENEWAL,12,44,passed,2024-01-31T08:00:00,74.16,
4522,48554,2023-07-20T06:00:00,ID_RENEWAL,12,9,flagged,2023-08-18T06:00:00,1534.8,AUDIT_DONE
4523,23041,2024-02-28T06:00:00,ID_RENEWAL,11,177,passed,2024-04-20T06:00:00,184.14,
4524,66215,2024-02-25T15:00:00,TAX_CERT,5,88,passed,2024-04-23T15:00:00,46.08,
4525,13989,2024-02-16T11:00:00,FAMILY_STATUS,12,155,passed,2024-04-09T11:00:00,170.7,
4526,41097,2023-03-08T15:00:00,FAMILY_STATUS,4,128,flagged,2023-03-24T15:00:00,1886.73,AUDIT_DONE
4527,15182,2023-05-18T13:00:00,TAX_CERT,12,125,flagged,2023-06-23T13:00:00,1744.22,AUDIT_DONE
4528,18274,2023-06-26T06:00:00,BIRTH_CERT,11,140,passed,2023-07-31T06:00:00,103.19,
4529,51963,2023-08-24T11:00:00,TAX_CERT,5,173,passed,2023-10-17T11:00:00,136.4,
4530,42003,2023-05-03T02:00:00,BUSINESS_PERMIT,3,113,flagged,2023-06-06T02:00:00,1937.59,AUDIT_DONE
4531,23782,2023-08-11T02:00:00,ID_RENEWAL,2,79,passed,2023-09-02T02:00:00,190.79,
4532,53821,2024-05-30T12:00:00,BIRTH_CERT,3,62,passed,2024-07-25T12:00:00,86.4,
4533,76772,2023-09-23T21:00:00,ID_RENEWAL,1,7,passed,2023-10-06T21:00:00,185.56,
4534,98802,2023-09-07T22:00:00,ID_RENEWAL,7,77,passed,2023-09-19T22:00:00,74.44,
4535,13111,2023-02-15T04:00:00,BIRTH_CERT,2,129,passed,2023-03-10T04:00:00,15.16,
4536,65654,2023-03-31T14:00:00,BIRTH_CERT,1,35,passed,2023-04-11T14:00:00,194.5,
4537,18418,2024-04-26T17:00:00,FAMILY_STATUS,8,165,flagged,2024-06-20T17:00:00,1029.87,AUDIT_DONE
4538,94440,2024-05-04T00:00:00,FAMILY_STATUS,4,171,passed,2024-05-23T00:00:00,4.12,
4539,63917,2024-05-22T08:00:00,FAMILY_STATUS,4,53,passed,2024-05-31T08:00:00,25.94,
4540,92445,2023-03-09T01:00:00,FAMILY_STATUS,1,76,flagged,2023-03-16T01:00:00,802.33,AUDIT_DONE
4541,69665,2023-04-24T06:00:00,BIRTH_CERT,2,61,passed,2023-06-17T06:00:00,66.79,
4542,99254,2023-11-07T04:00:00,TAX_CERT,1,121,flagged,2023-12-27T04:00:00,1998.21,AUDIT_DONE
4543,27101,2023-08-26T19:00:00,ID_RENEWAL,6,109,flagged,2023-10-01T19:00:00,1994.63,AUDIT_DONE
4544,83308,2024-05-15T12:00:00,BIRTH_CERT,2,134,flagged,2024-07-09T12:00:00,1519.89,AUDIT_DONE
4545,58636,2024-05-23T22:00:00,ID_RENEWAL,9,117,passed,2024-06-27T22:00:00,95.22,
4546,89491,2023-08-11T16:00:00,BIRTH_CERT,8,119,passed,2023-08-31T16:00:00,25.76,
4547,31068,2023-03-28T17:00:00,ID_RENEWAL,10,58,passed,2023-05-25T17:00:00,128.64,
4548,43149,2023-10-12T16:00:00,FAMILY_STATUS,8,58,passed,2023-11-25T16:00:00,72.25,
4549,94567,2023-12-16T23:00:00,BUSINESS_PERMIT,9,105,rejected,2023-12-28T23:00:00,40.42,AUDIT_DONE
4550,85856,2023-08-17T08:00:00,BUSINESS_PERMIT,2,138,passed,2023-09-24T08:00:00,137.12,
4551,55591,2023-11-16T23:00:00,BUSINESS_PERMIT,11,11,passed,2023-11-29T23:00:00,126.74,
4552,80691,2023-11-23T16:00:00,FAMILY_STATUS,6,159,passed,2024-01-18T16:00:00,113.75,
4553,50064,2023-09-02T21:00:00,BIRTH_CERT,7,36,passed,2023-10-31T21:00:00,180.11,
4554,42985,2023-07-15T07:00:00,ID_RENEWAL,10,47,passed,2023-08-11T07:00:00,134.85,
4555,28385,2024-02-25T07:00:00,ID_RENEWAL,9,81,flagged,2024-03-03T07:00:00,1875.69,AUDIT_DONE
4556,34367,2024-04-24T20:00:00,ID_RENEWAL,2,91,passed,2024-05-18T20:00:00,111.78,
4557,98312,2023-12-21T11:00:00,FAMILY_STATUS,11,167,passed,2024-01-11T11:00:00,67.32,
4558,87788,2023-10-01T09:00:00,BUSINESS_PERMIT,1,116,flagged,2023-11-22T09:00:00,1902.07,AUDIT_DONE
4559,87046,2024-04-11T14:00:00,TAX_CERT,12,129,flagged,2024-06-08T14:00:00,1445.66,AUDIT_DONE
4560,11199,2023-05-19T03:00:00,FAMILY_STATUS,1,10,passed,2023-07-07T03:00:00,27.97,
4561,32778,2023-01-23T19:00:00,FAMILY_STATUS,5,127,flagged,2023-02-06T19:00:00,881.66,AUDIT_DONE
4562,12047,2024-02-17T03:00:00,FAMILY_STATUS,12,114,passed,2024-04-08T03:00:00,98.36,
4563,78395,2023-04-08T00:00:00,BUSINESS_PERMIT,12,80,passed,2023-04-20T00:00:00,81.77,
4564,75216,2023-09-21T08:00:00,ID_RENEWAL,3,111,passed,2023-11-19T08:00:00,58.47,
4565,25397,2023-09-22T18:00:00,BIRTH_CERT,9,107,passed,2023-09-30T18:00:00,23.0,
4566,16161,2024-04-19T14:00:00,FAMILY_STATUS,1,60,passed,2024-06-14T14:00:00,65.26,
4567,96429,2023-10-28T07:00:00,BUSINESS_PERMIT,1,119,passed,2023-11-28T07:00:00,61.59,
4568,38021,2024-05-09T21:00:00,ID_RENEWAL,5,154,flagged,2024-07-03T21:00:00,1615.18,AUDIT_DONE
4569,75563,2023-09-25T07:00:00,BIRTH_CERT,9,26,flagged,2023-11-09T07:00:00,1330.77,AUDIT_DONE
4570,79126,2023-05-27T08:00:00,ID_RENEWAL,7,147,passed,2023-06-21T08:00:00,93.42,
4571,42120,2023-04-18T21:00:00,TAX_CERT,4,16,passed,2023-05-13T21:00:00,85.2,
4572,76860,2023-09-11T02:00:00,ID_RENEWAL,5,92,passed,2023-09-24T02:00:00,163.12,
4573,12827,2023-06-20T14:00:00,TAX_CERT,6,153,passed,2023-06-30T14:00:00,163.38,
4574,59982,2023-10-05T07:00:00,BUSINESS_PERMIT,8,70,passed,2023-11-03T07:00:00,168.58,
4575,95118,2023-10-31T00:00:00,TAX_CERT,12,85,passed,2023-11-12T00:00:00,27.61,
4576,87577,2023-07-30T03:00:00,ID_RENEWAL,2,87,passed,2023-08-13T03:00:00,127.4,
4577,95146,2023-05-21T00:00:00,BIRTH_CERT,7,3,passed,2023-06-22T00:00:00,49.57,
4578,50539,2023-07-28T01:00:00,FAMILY_STATUS,1,93,flagged,2023-09-16T01:00:00,1011.84,AUDIT_DONE
4579,57911,2023-06-17T20:00:00,TAX_CERT,7,113,passed,2023-08-10T20:00:00,189.25,
4580,63655,2023-09-29T21:00:00,ID_RENEWAL,3,81,flagged,2023-11-28T21:00:00,943.9,AUDIT_DONE
4581,28568,2023-11-17T21:00:00,BUSINESS_PERMIT,10,147,flagged,2024-01-10T21:00:00,1173.3,AUDIT_DONE
4582,51514,2023-03-29T17:00:00,BIRTH_CERT,5,85,passed,2023-05-24T17:00:00,87.72,
4583,79973,2023-06-07T12:00:00,ID_RENEWAL,9,33,flagged,2023-06-17T12:00:00,1549.84,AUDIT_DONE
4584,35100,2023-10-04T19:00:00,TAX_CERT,10,169,passed,2023-12-01T19:00:00,6.28,
4585,17335,2023-07-19T11:00:00,TAX_CERT,9,95,passed,2023-08-27T11:00:00,165.1,
4586,74990,2023-12-08T20:00:00,FAMILY_STATUS,3,131,passed,2024-02-04T20:00:00,67.21,
4587,69121,2023-02-16T15:00:00,TAX_CERT,12,171,passed,2023-04-04T15:00:00,117.18,
4588,72044,2024-01-05T08:00:00,BUSINESS_PERMIT,5,34,passed,2024-02-25T08:00:00,56.1,
4589,44674,2024-05-15T15:00:00,BIRTH_CERT,5,74,flagged,2024-06-15T15:00:00,1128.17,AUDIT_DONE
4590,11141,2023-09-09T01:00:00,BUSINESS_PERMIT,5,110,passed,2023-10-13T01:00:00,10.57,
4591,98027,2024-06-07T04:00:00,BUSINESS_PERMIT,7,77,passed,2024-07-31T04:00:00,25.18,
4592,83724,2024-01-08T11:00:00,FAMILY_STATUS,4,128,passed,2024-03-07T11:00:00,45.57,
4593,43313,2023-10-25T20:00:00,ID_RENEWAL,7,6,passed,2023-11-02T20:00:00,27.94,
4594,89043,2024-04-24T05:00:00,BUSINESS_PERMIT,6,65,flagged,2024-05-13T05:00:00,1225.07,AUDIT_DONE
4595,39170,2023-02-14T02:00:00,TAX_CERT,7,16,passed,2023-04-14T02:00:00,198.33,
4596,57260,2023-09-16T14:00:00,ID_RENEWAL,1,113,passed,2023-10-01T14:00:00,79.43,
4597,27261,2024-05-03T09:00:00,FAMILY_STATUS,4,32,passed,2024-05-23T09:00:00,154.77,
4598,42312,2023-03-02T20:00:00,BIRTH_CERT,4,175,rejected,2023-03-28T20:00:00,38.85,AUDIT_DONE
4599,56856,2024-06-04T16:00:00,TAX_CERT,5,69,rejected,2024-07-17T16:00:00,23.0,AUDIT_DONE
4600,44414,2023-09-06T13:00:00,FAMILY_STATUS,2,128,passed,2023-10-09T13:00:00,52.92,
4601,76463,2023-11-10T19:00:00,ID_RENEWAL,12,91,flagged,2023-12-16T19:00:00,1224.85,AUDIT_DONE
4602,99267,2023-06-27T14:00:00,TAX_CERT,12,50,flagged,2023-07-22T14:00:00,1391.61,AUDIT_DONE
4603,46681,2024-03-25T23:00:00,ID_RENEWAL,2,136,passed,2024-05-14T23:00:00,170.0,
4604,72363,2023-06-15T06:00:00,BUSINESS_PERMIT,10,54,passed,2023-06-30T06:00:00,133.13,
4605,15299,2023-04-15T14:00:00,FAMILY_STATUS,7,70,flagged,2023-05-09T14:00:00,1719.73,AUDIT_DONE
4606,40330,2024-02-03T10:00:00,BIRTH_CERT,11,94,passed,2024-03-05T10:00:00,32.67,
4607,27204,2023-03-23T03:00:00,BIRTH_CERT,1,90,passed,2023-05-20T03:00:00,27.17,
4608,56728,2023-06-15T01:00:00,TAX_CERT,8,167,passed,2023-07-29T01:00:00,127.29,
4609,73113,2024-06-22T22:00:00,FAMILY_STATUS,3,114,flagged,2024-07-30T22:00:00,1879.9,AUDIT_DONE
4610,40046,2023-07-06T06:00:00,BUSINESS_PERMIT,10,54,passed,2023-08-30T06:00:00,53.0,
4611,85820,2023-07-18T23:00:00,TAX_CERT,3,113,passed,2023-08-20T23:00:00,43.19,
4612,67805,2023-03-23T11:00:00,TAX_CERT,2,11,passed,2023-04-30T11:00:00,75.87,
4613,78409,2023-03-11T08:00:00,BUSINESS_PERMIT,4,161,passed,2023-05-01T08:00:00,190.75,
4614,42587,2024-01-27T10:00:00,ID_RENEWAL,4,128,passed,2024-03-04T10:00:00,180.52,
4615,82890,2023-01-27T11:00:00,BUSINESS_PERMIT,3,2,passed,2023-02-07T11:00:00,111.89,
4616,37471,2023-08-16T00:00:00,TAX_CERT,11,146,rejected,2023-10-01T00:00:00,2.59,AUDIT_DONE
4617,46065,2024-04-23T14:00:00,ID_RENEWAL,4,27,rejected,2024-05-12T14:00:00,30.62,AUDIT_DONE
4618,69489,2023-11-15T16:00:00,FAMILY_STATUS,6,14,flagged,2024-01-04T16:00:00,1720.63,AUDIT_DONE
4619,17706,2023-01-28T16:00:00,BUSINESS_PERMIT,3,106,passed,2023-03-14T16:00:00,3.71,
4620,25890,2023-06-04T05:00:00,BIRTH_CERT,1,144,passed,2023-06-21T05:00:00,95.52,
4621,84741,2023-10-13T11:00:00,BUSINESS_PERMIT,3,63,passed,2023-11-09T11:00:00,128.64,
4622,91767,2023-02-08T04:00:00,BIRTH_CERT,4,54,passed,2023-03-26T04:00:00,65.57,
4623,35913,2024-04-20T11:00:00,TAX_CERT,2,118,passed,2024-04-28T11:00:00,157.91,
4624,89299,2023-07-21T00:00:00,FAMILY_STATUS,9,135,passed,2023-07-28T00:00:00,158.87,
4625,25959,2023-03-10T14:00:00,TAX_CERT,6,4,passed,2023-04-03T14:00:00,159.06,
4626,55816,2023-01-25T01:00:00,BIRTH_CERT,8,132,passed,2023-03-14T01:00:00,84.64,
4627,87031,2024-05-11T10:00:00,FAMILY_STATUS,6,175,passed,2024-05-18T10:00:00,189.9,
4628,33065,2023-04-10T09:00:00,TAX_CERT,6,12,passed,2023-05-15T09:00:00,165.77,
4629,75759,2024-02-05T13:00:00,BUSINESS_PERMIT,10,75,passed,2024-02-23T13:00:00,25.59,
4630,50431,2023-12-14T03:00:00,TAX_CERT,9,32,passed,2023-12-23T03:00:00,137.96,
4631,29167,2023-10-04T21:00:00,ID_RENEWAL,6,12,passed,2023-11-05T21:00:00,137.75,
4632,85234,2024-05-13T12:00:00,FAMILY_STATUS,5,170,passed,2024-06-01T12:00:00,59.18,
4633,82864,2023-04-20T13:00:00,BIRTH_CERT,12,97,passed,2023-05-25T13:00:00,193.73,
4634,51243,2024-03-05T18:00:00,BUSINESS_PERMIT,9,179,flagged,2024-04-15T18:00:00,1936.3,AUDIT_DONE
4635,69995,2023-10-05T19:00:00,TAX_CERT,2,23,passed,2023-11-08T19:00:00,129.13,
4636,68984,2024-03-15T09:00:00,BIRTH_CERT,2,130,passed,2024-04-28T09:00:00,47.23,
4637,85365,2023-11-21T06:00:00,TAX_CERT,8,122,passed,2023-12-15T06:00:00,193.4,
4638,29296,2023-04-23T13:00:00,FAMILY_STATUS,12,69,passed,2023-06-02T13:00:00,134.0,
4639,73238,2023-09-10T14:00:00,BIRTH_CERT,9,4,passed,2023-09-19T14:00:00,0.55,
4640,61630,2023-07-25T12:00:00,BIRTH_CERT,6,18,flagged,2023-08-24T12:00:00,1805.6,AUDIT_DONE
4641,38911,2023-07-02T13:00:00,TAX_CERT,12,151,passed,2023-08-27T13:00:00,10.03,
4642,34194,2024-04-25T06:00:00,ID_RENEWAL,6,128,passed,2024-06-01T06:00:00,72.84,
4643,76315,2023-06-08T07:00:00,BIRTH_CERT,1,7,passed,2023-07-27T07:00:00,68.28,
4644,54619,2023-12-24T18:00:00,BUSINESS_PERMIT,2,95,passed,2024-01-11T18:00:00,141.13,
4645,53731,2024-01-25T00:00:00,BUSINESS_PERMIT,1,149,passed,2024-02-01T00:00:00,144.8,
4646,36500,2023-08-06T13:00:00,FAMILY_STATUS,11,156,passed,2023-08-14T13:00:00,190.75,
4647,77578,2023-03-16T07:00:00,FAMILY_STATUS,11,104,passed,2023-04-29T07:00:00,37.81,
4648,67827,2024-03-20T23:00:00,ID_RENEWAL,9,69,passed,2024-04-24T23:00:00,135.93,
4649,23017,2024-05-25T01:00:00,FAMILY_STATUS,7,12,passed,2024-06-25T01:00:00,54.47,
4650,87496,2023-09-03T07:00:00,ID_RENEWAL,8,9,rejected,2023-10-26T07:00:00,39.2,AUDIT_DONE
4651,93483,2024-05-14T09:00:00,BUSINESS_PERMIT,5,51,passed,2024-07-02T09:00:00,87.54,
4652,72653,2023-09-02T16:00:00,BUSINESS_PERMIT,12,118,passed,2023-10-01T16:00:00,175.0,
4653,67295,2023-11-05T00:00:00,BUSINESS_PERMIT,12,84,passed,2023-12-14T00:00:00,74.93,
4654,18790,2023-05-05T16:00:00,FAMILY_STATUS,3,75,flagged,2023-05-31T16:00:00,1669.32,AUDIT_DONE
4655,24264,2023-06-24T15:00:00,BIRTH_CERT,9,93,flagged,2023-07-17T15:00:00,1553.32,AUDIT_DONE
4656,84967,2024-05-30T16:00:00,TAX_CERT,8,45,passed,2024-07-19T16:00:00,141.76,
4657,78701,2023-03-26T20:00:00,TAX_CERT,3,35,passed,2023-05-09T20:00:00,43.76,
4658,37737,2023-05-06T10:00:00,TAX_CERT,10,7,passed,2023-05-20T10:00:00,139.74,
4659,56020,2023-01-07T09:00:00,BUSINESS_PERMIT,12,70,rejected,2023-03-04T09:00:00,12.93,AUDIT_DONE
4660,70903,2024-04-09T15:00:00,BUSINESS_PERMIT,2,94,flagged,2024-04-23T15:00:00,1600.1,AUDIT_DONE
4661,85593,2024-02-04T00:00:00,ID_RENEWAL,5,81,passed,2024-02-25T00:00:00,117.82,
4662,97472,2023-04-12T12:00:00,BUSINESS_PERMIT,11,80,passed,2023-05-20T12:00:00,130.58,
4663,61648,2024-02-14T11:00:00,ID_RENEWAL,8,111,passed,2024-03-22T11:00:00,172.27,
4664,28307,2023-12-28T04:00:00,BIRTH_CERT,1,129,passed,2024-02-14T04:00:00,185.67,
4665,18129,2024-03-22T09:00:00,FAMILY_STATUS,6,83,rejected,2024-04-21T09:00:00,3.53,AUDIT_DONE
4666,71344,2024-06-15T15:00:00,FAMILY_STATUS,9,35,passed,2024-07-01T15:00:00,100.26,
4667,82615,2023-11-03T23:00:00,FAMILY_STATUS,5,37,passed,2023-12-23T23:00:00,86.22,
4668,99055,2023-02-11T13:00:00,TAX_CERT,10,44,passed,2023-04-09T13:00:00,107.24,
4669,28309,2024-06-22T13:00:00,FAMILY_STATUS,11,71,passed,2024-07-29T13:00:00,75.98,
4670,43678,2024-02-29T13:00:00,TAX_CERT,4,150,passed,2024-03-12T13:00:00,32.45,
4671,41334,2023-02-26T06:00:00,TAX_CERT,2,140,passed,2023-04-26T06:00:00,199.96,
4672,12811,2023-01-21T02:00:00,BUSINESS_PERMIT,2,29,flagged,2023-03-11T02:00:00,1409.97,AUDIT_DONE
4673,58697,2023-12-29T08:00:00,TAX_CERT,9,137,passed,2024-01-25T08:00:00,104.61,
4674,35278,2023-10-24T11:00:00,BUSINESS_PERMIT,3,146,passed,2023-11-17T11:00:00,68.72,
4675,19549,2024-04-13T08:00:00,BUSINESS_PERMIT,6,117,flagged,2024-05-10T08:00:00,1427.94,AUDIT_DONE
4676,53015,2023-07-24T20:00:00,FAMILY_STATUS,9,117,flagged,2023-08-15T20:00:00,906.79,AUDIT_DONE
4677,81120,2024-02-11T13:00:00,BIRTH_CERT,10,111,rejected,2024-03-02T13:00:00,12.37,AUDIT_DONE
4678,95632,2023-12-30T22:00:00,BIRTH_CERT,12,138,passed,2024-02-04T22:00:00,50.07,
4679,90573,2023-05-25T10:00:00,BIRTH_CERT,11,100,rejected,2023-07-09T10:00:00,34.63,AUDIT_DONE
4680,50176,2023-04-24T23:00:00,BUSINESS_PERMIT,7,34,passed,2023-06-08T23:00:00,84.91,
4681,80343,2024-03-07T22:00:00,FAMILY_STATUS,3,152,passed,2024-04-26T22:00:00,160.34,
4682,69975,2023-05-21T13:00:00,TAX_CERT,9,93,flagged,2023-07-04T13:00:00,1382.3,AUDIT_DONE
4683,10514,2024-03-20T15:00:00,TAX_CERT,10,156,flagged,2024-05-18T15:00:00,858.33,AUDIT_DONE
4684,98617,2024-05-21T02:00:00,TAX_CERT,10,15,passed,2024-06-17T02:00:00,199.36,
4685,26279,2023-01-10T06:00:00,FAMILY_STATUS,9,170,passed,2023-01-25T06:00:00,20.17,
4686,60160,2023-03-19T18:00:00,TAX_CERT,1,163,passed,2023-05-15T18:00:00,70.37,
4687,61208,2023-11-09T23:00:00,FAMILY_STATUS,5,107,passed,2023-11-22T23:00:00,30.1,
4688,56243,2024-03-11T13:00:00,ID_RENEWAL,4,162,flagged,2024-04-30T13:00:00,1521.95,AUDIT_DONE
4689,41533,2024-06-18T04:00:00,BIRTH_CERT,5,49,flagged,2024-07-15T04:00:00,1259.91,AUDIT_DONE
4690,88027,2023-04-04T08:00:00,BIRTH_CERT,1,61,passed,2023-05-01T08:00:00,98.9,
4691,79365,2023-10-18T02:00:00,FAMILY_STATUS,11,71,flagged,2023-11-12T02:00:00,873.55,AUDIT_DONE
4692,88675,2023-07-14T11:00:00,TAX_CERT,1,125,passed,2023-09-06T11:00:00,2.9,
4693,89705,2023-09-10T05:00:00,BUSINESS_PERMIT,9,14,flagged,2023-10-23T05:00:00,1567.58,AUDIT_DONE
4694,21277,2023-01-26T04:00:00,ID_RENEWAL,5,70,passed,2023-02-14T04:00:00,185.57,
4695,53063,2023-01-13T14:00:00,TAX_CERT,8,25,passed,2023-03-04T14:00:00,34.78,
4696,54977,2023-05-13T15:00:00,FAMILY_STATUS,8,162,passed,2023-06-11T15:00:00,97.9,
4697,54243,2024-03-27T12:00:00,FAMILY_STATUS,2,113,passed,2024-04-17T12:00:00,71.39,
4698,63252,2023-11-14T17:00:00,BUSINESS_PERMIT,2,74,passed,2023-12-15T17:00:00,19.46,
4699,26716,2023-04-19T10:00:00,BIRTH_CERT,11,64,passed,2023-06-01T10:00:00,159.73,
4700,17716,2023-09-30T05:00:00,ID_RENEWAL,8,14,flagged,2023-10-29T05:00:00,1954.06,AUDIT_DONE
4701,71938,2023-08-01T08:00:00,BIRTH_CERT,4,163,passed,2023-08-18T08:00:00,10.11,
4702,84051,2023-12-05T16:00:00,ID_RENEWAL,3,74,flagged,2023-12-25T16:00:00,1367.79,AUDIT_DONE
4703,88710,2023-05-15T19:00:00,ID_RENEWAL,10,12,passed,2023-07-05T19:00:00,183.79,
4704,51295,2023-06-01T14:00:00,BUSINESS_PERMIT,6,154,passed,2023-07-01T14:00:00,139.36,
4705,34506,2023-03-31T09:00:00,TAX_CERT,3,22,flagged,2023-05-20T09:00:00,907.49,AUDIT_DONE
4706,16010,2023-02-04T22:00:00,ID_RENEWAL,7,168,flagged,2023-02-16T22:00:00,1190.24,AUDIT_DONE
4707,48024,2023-10-10T08:00:00,FAMILY_STATUS,4,101,passed,2023-11-03T08:00:00,43.12,
4708,43145,2023-08-04T05:00:00,TAX_CERT,12,145,flagged,2023-08-16T05:00:00,1302.08,AUDIT_DONE
4709,31646,2023-06-10T22:00:00,BUSINESS_PERMIT,12,2,passed,2023-06-26T22:00:00,92.68,
4710,92208,2024-02-12T22:00:00,BIRTH_CERT,9,62,passed,2024-02-22T22:00:00,92.36,
4711,34688,2024-04-01T17:00:00,BIRTH_CERT,6,172,passed,2024-04-21T17:00:00,11.28,
4712,97241,2024-01-17T06:00:00,BUSINESS_PERMIT,1,4,passed,2024-01-27T06:00:00,8.68,
4713,72369,2023-08-05T20:00:00,BUSINESS_PERMIT,3,88,passed,2023-09-22T20:00:00,172.09,
4714,82448,2023-12-05T09:00:00,FAMILY_STATUS,7,95,passed,2023-12-22T09:00:00,24.12,
4715,38389,2024-04-18T20:00:00,TAX_CERT,1,62,passed,2024-06-04T20:00:00,160.69,
4716,97838,2023-07-08T22:00:00,BUSINESS_PERMIT,5,97,passed,2023-09-01T22:00:00,157.79,
4717,25871,2023-10-19T02:00:00,BUSINESS_PERMIT,6,76,flagged,2023-11-16T02:00:00,1681.82,AUDIT_DONE
4718,77459,2023-11-17T15:00:00,FAMILY_STATUS,4,81,rejected,2024-01-15T15:00:00,37.81,AUDIT_DONE
4719,84228,2023-04-21T23:00:00,FAMILY_STATUS,8,102,passed,2023-06-12T23:00:00,77.32,
4720,39971,2024-02-23T10:00:00,TAX_CERT,7,4,passed,2024-04-19T10:00:00,185.72,
4721,45657,2024-04-03T23:00:00,BIRTH_CERT,6,40,passed,2024-05-27T23:00:00,168.6,
4722,52738,2023-09-20T20:00:00,ID_RENEWAL,3,23,passed,2023-10-05T20:00:00,31.95,
4723,35947,2023-09-29T10:00:00,BUSINESS_PERMIT,6,123,rejected,2023-11-28T10:00:00,31.69,AUDIT_DONE
4724,28864,2023-05-14T07:00:00,BUSINESS_PERMIT,8,102,passed,2023-06-08T07:00:00,54.6,
4725,20155,2023-11-11T06:00:00,TAX_CERT,1,48,passed,2023-12-22T06:00:00,94.37,
4726,36255,2024-05-13T04:00:00,FAMILY_STATUS,3,152,passed,2024-06-28T04:00:00,24.37,
4727,58402,2023-06-02T09:00:00,ID_RENEWAL,11,49,passed,2023-07-19T09:00:00,33.24,
4728,27443,2023-03-31T22:00:00,BIRTH_CERT,11,171,rejected,2023-05-02T22:00:00,15.28,AUDIT_DONE
4729,53046,2023-09-24T00:00:00,TAX_CERT,8,111,passed,2023-11-21T00:00:00,133.52,
4730,48542,2023-02-25T17:00:00,BUSINESS_PERMIT,8,138,rejected,2023-04-15T17:00:00,32.96,AUDIT_DONE
4731,76293,2024-02-17T14:00:00,TAX_CERT,11,160,passed,2024-03-23T14:00:00,190.18,
4732,83663,2023-11-15T09:00:00,TAX_CERT,7,111,rejected,2023-12-11T09:00:00,18.86,AUDIT_DONE
4733,77900,2024-03-17T21:00:00,BUSINESS_PERMIT,1,175,rejected,2024-04-06T21:00:00,31.69,AUDIT_DONE
4734,53960,2024-06-01T05:00:00,BIRTH_CERT,11,92,rejected,2024-06-28T05:00:00,0.82,AUDIT_DONE
4735,59414,2023-07-05T10:00:00,BUSINESS_PERMIT,11,110,passed,2023-07-23T10:00:00,95.34,
4736,42118,2023-05-30T06:00:00,FAMILY_STATUS,3,84,passed,2023-07-07T06:00:00,162.92,
4737,99394,2024-02-27T17:00:00,FAMILY_STATUS,12,156,flagged,2024-03-08T17:00:00,1368.29,AUDIT_DONE
4738,66416,2024-04-23T05:00:00,BUSINESS_PERMIT,4,173,passed,2024-05-16T05:00:00,50.66,
4739,60637,2024-02-12T03:00:00,ID_RENEWAL,1,91,passed,2024-03-28T03:00:00,191.28,
4740,78151,2023-02-19T12:00:00,BIRTH_CERT,9,102,passed,2023-03-22T12:00:00,162.75,
4741,12491,2024-04-27T19:00:00,TAX_CERT,3,70,rejected,2024-05-20T19:00:00,30.2,AUDIT_DONE
4742,21361,2024-01-04T02:00:00,TAX_CERT,9,110,passed,2024-03-02T02:00:00,64.8,
4743,40845,2023-11-03T08:00:00,ID_RENEWAL,1,144,rejected,2023-12-21T08:00:00,11.39,AUDIT_DONE
4744,71461,2023-09-11T17:00:00,BUSINESS_PERMIT,1,32,passed,2023-10-05T17:00:00,148.24,
4745,42466,2023-03-11T04:00:00,BIRTH_CERT,11,53,passed,2023-05-07T04:00:00,98.77,
4746,60535,2023-01-03T02:00:00,TAX_CERT,11,41,passed,2023-01-14T02:00:00,159.96,
4747,86013,2023-04-09T16:00:00,ID_RENEWAL,6,47,passed,2023-05-01T16:00:00,125.44,
4748,61770,2024-01-08T04:00:00,TAX_CERT,4,19,rejected,2024-03-07T04:00:00,12.12,AUDIT_DONE
4749,15963,2023-03-10T09:00:00,TAX_CERT,1,152,passed,2023-04-17T09:00:00,15.91,
4750,24732,2023-09-08T03:00:00,TAX_CERT,9,153,rejected,2023-09-17T03:00:00,24.2,AUDIT_DONE
4751,93309,2023-12-23T19:00:00,FAMILY_STATUS,1,63,passed,2024-01-30T19:00:00,154.66,
4752,23788,2024-02-13T18:00:00,BIRTH_CERT,12,177,passed,2024-04-04T18:00:00,139.83,
4753,32828,2023-03-23T14:00:00,FAMILY_STATUS,7,88,flagged,2023-05-21T14:00:00,1860.29,AUDIT_DONE
4754,73040,2023-11-13T16:00:00,ID_RENEWAL,4,66,rejected,2023-12-22T16:00:00,39.21,AUDIT_DONE
4755,25108,2024-01-17T02:00:00,ID_RENEWAL,6,73,flagged,2024-03-03T02:00:00,1165.33,AUDIT_DONE
4756,28432,2024-04-21T20:00:00,BIRTH_CERT,1,177,passed,2024-05-28T20:00:00,2.16,
4757,78114,2023-07-10T01:00:00,ID_RENEWAL,5,14,passed,2023-09-01T01:00:00,47.48,
4758,31984,2023-07-26T09:00:00,ID_RENEWAL,11,146,passed,2023-08-15T09:00:00,35.74,
4759,38140,2024-01-25T21:00:00,TAX_CERT,11,4,passed,2024-03-17T21:00:00,172.22,
4760,55914,2023-09-29T22:00:00,TAX_CERT,2,140,passed,2023-11-23T22:00:00,136.65,
4761,21568,2024-04-06T12:00:00,TAX_CERT,3,93,passed,2024-04-23T12:00:00,173.79,
4762,79354,2023-04-25T03:00:00,TAX_CERT,7,120,passed,2023-05-12T03:00:00,145.11,
4763,62545,2023-06-21T12:00:00,BUSINESS_PERMIT,8,174,passed,2023-07-03T12:00:00,149.86,
4764,80387,2024-06-01T03:00:00,BUSINESS_PERMIT,2,111,rejected,2024-07-31T03:00:00,23.41,AUDIT_DONE
4765,62032,2023-05-19T19:00:00,FAMILY_STATUS,1,46,passed,2023-06-27T19:00:00,66.62,
4766,90581,2023-06-23T13:00:00,BIRTH_CERT,8,60,flagged,2023-07-02T13:00:00,1004.76,AUDIT_DONE
4767,93979,2023-11-03T02:00:00,ID_RENEWAL,8,176,flagged,2023-11-23T02:00:00,1931.38,AUDIT_DONE
4768,46832,2023-10-17T21:00:00,ID_RENEWAL,1,93,flagged,2023-11-26T21:00:00,893.12,AUDIT_DONE
4769,79155,2023-03-04T21:00:00,FAMILY_STATUS,6,8,passed,2023-03-11T21:00:00,159.07,
4770,18163,2024-05-28T10:00:00,TAX_CERT,3,141,passed,2024-07-02T10:00:00,185.82,
4771,10909,2024-05-23T16:00:00,BIRTH_CERT,5,112,passed,2024-07-15T16:00:00,98.43,
4772,15287,2023-08-21T00:00:00,FAMILY_STATUS,11,116,passed,2023-10-20T00:00:00,131.98,
4773,31419,2024-06-06T07:00:00,BUSINESS_PERMIT,6,84,flagged,2024-07-14T07:00:00,809.33,AUDIT_DONE
4774,28028,2023-06-21T14:00:00,BIRTH_CERT,11,153,rejected,2023-08-13T14:00:00,12.12,AUDIT_DONE
4775,27096,2023-07-11T18:00:00,ID_RENEWAL,1,31,flagged,2023-08-02T18:00:00,1456.57,AUDIT_DONE
4776,65991,2024-01-05T03:00:00,TAX_CERT,2,41,passed,2024-01-13T03:00:00,38.66,
4777,13862,2024-01-28T17:00:00,TAX_CERT,1,19,flagged,2024-02-27T17:00:00,1515.85,AUDIT_DONE
4778,45804,2023-11-07T01:00:00,BUSINESS_PERMIT,7,81,passed,2023-12-24T01:00:00,134.88,
4779,56090,2023-03-21T23:00:00,BUSINESS_PERMIT,2,118,passed,2023-05-01T23:00:00,78.58,
4780,31433,2024-03-22T16:00:00,FAMILY_STATUS,9,104,rejected,2024-04-03T16:00:00,31.54,AUDIT_DONE
4781,81175,2023-02-27T14:00:00,ID_RENEWAL,12,170,passed,2023-03-25T14:00:00,61.58,
4782,23080,2023-09-10T17:00:00,FAMILY_STATUS,11,134,passed,2023-09-24T17:00:00,12.49,
4783,64538,2023-12-10T22:00:00,ID_RENEWAL,7,128,flagged,2024-01-14T22:00:00,1282.54,AUDIT_DONE
4784,15113,2023-12-13T04:00:00,BIRTH_CERT,5,145,passed,2024-01-19T04:00:00,5.8,
4785,71171,2023-06-06T03:00:00,ID_RENEWAL,8,109,passed,2023-07-13T03:00:00,15.02,
4786,40146,2023-05-13T04:00:00,FAMILY_STATUS,11,53,passed,2023-06-11T04:00:00,50.32,
4787,29499,2024-04-07T16:00:00,ID_RENEWAL,3,113,passed,2024-04-26T16:00:00,27.2,
4788,83928,2023-12-28T20:00:00,BIRTH_CERT,10,165,passed,2024-02-06T20:00:00,106.42,
4789,91185,2024-04-30T07:00:00,BIRTH_CERT,6,129,passed,2024-05-17T07:00:00,195.69,
4790,12083,2023-07-14T06:00:00,TAX_CERT,11,87,flagged,2023-08-30T06:00:00,1870.1,AUDIT_DONE
4791,35617,2023-09-19T00:00:00,BIRTH_CERT,10,63,passed,2023-10-23T00:00:00,80.18,
4792,42566,2023-11-12T12:00:00,BIRTH_CERT,5,137,passed,2023-12-18T12:00:00,27.06,
4793,41424,2023-08-27T10:00:00,BIRTH_CERT,12,101,flagged,2023-10-18T10:00:00,1216.16,AUDIT_DONE
4794,30384,2023-03-21T17:00:00,BUSINESS_PERMIT,12,142,passed,2023-04-07T17:00:00,90.79,
4795,92676,2023-09-12T10:00:00,TAX_CERT,4,61,flagged,2023-10-13T10:00:00,1873.94,AUDIT_DONE
4796,25294,2023-02-27T03:00:00,FAMILY_STATUS,7,109,passed,2023-03-09T03:00:00,54.03,
4797,55006,2023-05-17T02:00:00,TAX_CERT,6,102,passed,2023-07-07T02:00:00,51.09,
4798,33848,2024-03-01T06:00:00,TAX_CERT,7,44,flagged,2024-04-03T06:00:00,1433.81,AUDIT_DONE
4799,25360,2023-07-19T11:00:00,FAMILY_STATUS,8,9,passed,2023-08-18T11:00:00,53.27,
4800,44752,2023-07-28T08:00:00,BIRTH_CERT,5,38,passed,2023-08-25T08:00:00,21.05,
4801,20623,2023-09-29T09:00:00,BIRTH_CERT,10,86,passed,2023-11-23T09:00:00,57.76,
4802,19777,2023-11-03T05:00:00,TAX_CERT,11,77,passed,2023-12-03T05:00:00,101.13,
4803,42987,2023-04-24T03:00:00,BUSINESS_PERMIT,7,70,flagged,2023-05-12T03:00:00,1570.02,AUDIT_DONE
4804,43185,2023-10-23T05:00:00,BUSINESS_PERMIT,10,153,flagged,2023-11-10T05:00:00,1988.84,AUDIT_DONE
4805,59107,2023-07-29T10:00:00,BIRTH_CERT,4,167,rejected,2023-09-05T10:00:00,30.92,AUDIT_DONE
4806,44221,2023-05-02T11:00:00,FAMILY_STATUS,4,1,passed,2023-05-16T11:00:00,63.22,
4807,40750,2023-03-19T16:00:00,ID_RENEWAL,4,72,passed,2023-05-08T16:00:00,113.77,
4808,13370,2023-12-14T14:00:00,BIRTH_CERT,9,44,passed,2023-12-25T14:00:00,148.03,
4809,72704,2023-04-04T04:00:00,BIRTH_CERT,5,104,rejected,2023-04-26T04:00:00,45.2,AUDIT_DONE
4810,19307,2024-01-29T05:00:00,FAMILY_STATUS,5,53,flagged,2024-03-16T05:00:00,1985.34,AUDIT_DONE
4811,13471,2024-03-01T00:00:00,BUSINESS_PERMIT,7,108,flagged,2024-03-15T00:00:00,1508.41,AUDIT_DONE
4812,29272,2024-02-28T07:00:00,ID_RENEWAL,12,115,rejected,2024-04-26T07:00:00,30.36,AUDIT_DONE
4813,65671,2024-06-15T15:00:00,ID_RENEWAL,10,180,passed,2024-06-22T15:00:00,77.15,
4814,51736,2023-09-30T14:00:00,ID_RENEWAL,2,90,passed,2023-10-17T14:00:00,20.48,
4815,16907,2023-05-23T23:00:00,TAX_CERT,4,21,passed,2023-06-15T23:00:00,0.33,
4816,39731,2024-05-07T05:00:00,TAX_CERT,9,159,passed,2024-06-15T05:00:00,157.84,
4817,90884,2023-04-26T05:00:00,BIRTH_CERT,1,142,passed,2023-06-19T05:00:00,15.99,
4818,59902,2023-10-30T04:00:00,BIRTH_CERT,6,10,flagged,2023-12-24T04:00:00,1542.17,AUDIT_DONE
4819,47475,2024-04-08T16:00:00,ID_RENEWAL,5,42,passed,2024-04-19T16:00:00,12.33,
4820,74007,2023-10-12T08:00:00,TAX_CERT,3,66,passed,2023-11-02T08:00:00,128.33,
4821,58262,2023-09-10T22:00:00,TAX_CERT,9,109,passed,2023-10-24T22:00:00,195.95,
4822,52423,2024-06-15T22:00:00,BUSINESS_PERMIT,6,154,flagged,2024-07-21T22:00:00,1519.55,AUDIT_DONE
4823,40097,2024-03-23T06:00:00,ID_RENEWAL,8,180,flagged,2024-05-06T06:00:00,1404.61,AUDIT_DONE
4824,94058,2023-12-15T10:00:00,BIRTH_CERT,8,123,passed,2024-01-29T10:00:00,132.02,
4825,23068,2023-08-02T12:00:00,ID_RENEWAL,8,112,passed,2023-09-18T12:00:00,62.38,
4826,51478,2024-01-13T18:00:00,ID_RENEWAL,4,155,passed,2024-01-26T18:00:00,134.53,
4827,66839,2023-10-15T07:00:00,ID_RENEWAL,10,15,rejected,2023-12-12T07:00:00,17.05,AUDIT_DONE
4828,65775,2023-05-17T16:00:00,ID_RENEWAL,6,142,passed,2023-06-17T16:00:00,123.79,
4829,12240,2024-03-05T06:00:00,BUSINESS_PERMIT,6,79,passed,2024-04-06T06:00:00,181.44,
4830,61042,2023-12-01T02:00:00,TAX_CERT,3,23,passed,2023-12-16T02:00:00,100.08,
4831,27125,2023-05-21T12:00:00,FAMILY_STATUS,5,168,passed,2023-05-29T12:00:00,20.76,
4832,92995,2023-12-20T18:00:00,TAX_CERT,5,16,passed,2024-02-03T18:00:00,196.53,
4833,42004,2023-11-26T12:00:00,BUSINESS_PERMIT,6,62,passed,2024-01-13T12:00:00,160.22,
4834,99365,2024-04-09T23:00:00,FAMILY_STATUS,10,85,passed,2024-05-12T23:00:00,89.45,
4835,56218,2023-11-27T14:00:00,TAX_CERT,4,125,flagged,2024-01-24T14:00:00,1102.41,AUDIT_DONE
4836,82195,2023-12-05T02:00:00,FAMILY_STATUS,3,44,rejected,2024-01-28T02:00:00,46.91,AUDIT_DONE
4837,52548,2024-03-05T14:00:00,TAX_CERT,10,164,passed,2024-05-02T14:00:00,131.93,
4838,99869,2023-06-11T15:00:00,BUSINESS_PERMIT,10,163,rejected,2023-07-24T15:00:00,31.06,AUDIT_DONE
4839,83890,2023-12-02T05:00:00,BIRTH_CERT,4,160,passed,2024-01-15T05:00:00,50.96,
4840,67364,2023-02-24T04:00:00,ID_RENEWAL,1,58,passed,2023-03-05T04:00:00,67.88,
4841,47076,2023-03-02T17:00:00,TAX_CERT,5,23,passed,2023-03-17T17:00:00,142.9,
4842,81218,2024-02-29T18:00:00,FAMILY_STATUS,12,82,passed,2024-04-29T18:00:00,64.03,
4843,42460,2023-03-12T22:00:00,FAMILY_STATUS,4,173,rejected,2023-04-12T22:00:00,43.54,AUDIT_DONE
4844,31964,2023-06-14T19:00:00,ID_RENEWAL,5,107,passed,2023-07-18T19:00:00,26.17,
4845,36803,2023-10-05T01:00:00,FAMILY_STATUS,9,91,passed,2023-10-27T01:00:00,79.57,
4846,68828,2024-02-22T02:00:00,TAX_CERT,2,135,passed,2024-03-12T02:00:00,105.12,
4847,34719,2024-06-17T05:00:00,TAX_CERT,11,98,rejected,2024-08-16T05:00:00,49.83,AUDIT_DONE
4848,21144,2024-06-03T01:00:00,BUSINESS_PERMIT,5,27,flagged,2024-07-10T01:00:00,1535.57,AUDIT_DONE
4849,48256,2023-02-19T07:00:00,FAMILY_STATUS,4,174,passed,2023-03-21T07:00:00,100.92,
4850,17106,2023-03-30T16:00:00,TAX_CERT,11,78,passed,2023-05-03T16:00:00,130.54,
4851,80816,2023-01-17T20:00:00,ID_RENEWAL,10,51,passed,2023-02-28T20:00:00,94.25,
4852,64158,2023-06-12T21:00:00,BUSINESS_PERMIT,2,9,passed,2023-07-20T21:00:00,185.96,
4853,59476,2024-04-13T14:00:00,FAMILY_STATUS,8,62,flagged,2024-05-19T14:00:00,1210.48,AUDIT_DONE
4854,76094,2024-01-01T11:00:00,ID_RENEWAL,5,85,passed,2024-01-24T11:00:00,11.63,
4855,24139,2023-12-05T22:00:00,ID_RENEWAL,5,52,passed,2023-12-19T22:00:00,147.82,
4856,16463,2023-05-24T12:00:00,BIRTH_CERT,10,53,passed,2023-06-15T12:00:00,74.29,
4857,36971,2023-05-19T06:00:00,FAMILY_STATUS,12,64,passed,2023-05-31T06:00:00,189.24,
4858,70884,2023-03-13T09:00:00,ID_RENEWAL,11,134,passed,2023-03-21T09:00:00,149.34,
4859,11861,2023-05-27T12:00:00,BUSINESS_PERMIT,5,5,passed,2023-06-30T12:00:00,160.06,
4860,48922,2024-03-26T09:00:00,FAMILY_STATUS,12,28,passed,2024-05-19T09:00:00,199.81,
4861,47440,2024-06-03T15:00:00,BIRTH_CERT,7,41,passed,2024-07-06T15:00:00,187.25,
4862,85877,2023-09-08T23:00:00,BUSINESS_PERMIT,5,170,passed,2023-11-07T23:00:00,139.45,
4863,72650,2023-09-13T01:00:00,TAX_CERT,3,150,passed,2023-10-10T01:00:00,87.36,
4864,57346,2023-12-20T05:00:00,BIRTH_CERT,11,9,passed,2024-02-14T05:00:00,148.11,
4865,44664,2023-07-31T14:00:00,BIRTH_CERT,8,29,passed,2023-09-10T14:00:00,109.24,
4866,56954,2023-03-28T18:00:00,ID_RENEWAL,11,151,rejected,2023-05-12T18:00:00,15.01,AUDIT_DONE
4867,86543,2024-01-29T21:00:00,FAMILY_STATUS,12,86,passed,2024-03-21T21:00:00,13.44,
4868,52130,2023-11-18T12:00:00,TAX_CERT,11,76,rejected,2024-01-13T12:00:00,21.63,AUDIT_DONE
4869,49735,2023-09-01T18:00:00,TAX_CERT,1,8,passed,2023-09-18T18:00:00,193.71,
4870,19060,2024-06-22T12:00:00,BIRTH_CERT,8,138,passed,2024-06-29T12:00:00,51.13,
4871,49486,2024-04-26T15:00:00,BUSINESS_PERMIT,10,176,passed,2024-06-15T15:00:00,9.01,
4872,28776,2024-04-07T01:00:00,FAMILY_STATUS,12,158,passed,2024-05-15T01:00:00,45.7,
4873,50578,2023-02-15T23:00:00,ID_RENEWAL,3,129,passed,2023-04-07T23:00:00,11.46,
4874,65490,2024-04-17T15:00:00,ID_RENEWAL,12,9,flagged,2024-05-11T15:00:00,1394.34,AUDIT_DONE
4875,73874,2023-09-12T03:00:00,BIRTH_CERT,7,26,passed,2023-11-05T03:00:00,59.61,
4876,52416,2023-05-11T21:00:00,TAX_CERT,12,23,passed,2023-06-17T21:00:00,53.64,
4877,36374,2024-05-14T11:00:00,TAX_CERT,5,166,passed,2024-07-02T11:00:00,100.57,
4878,99136,2024-02-14T15:00:00,ID_RENEWAL,11,129,passed,2024-03-14T15:00:00,18.06,
4879,24393,2024-03-09T12:00:00,FAMILY_STATUS,9,131,passed,2024-04-14T12:00:00,71.71,
4880,86318,2024-01-09T13:00:00,FAMILY_STATUS,11,107,passed,2024-02-20T13:00:00,84.27,
4881,63389,2023-02-14T18:00:00,ID_RENEWAL,4,108,rejected,2023-03-09T18:00:00,11.95,AUDIT_DONE
4882,38715,2023-12-16T18:00:00,TAX_CERT,6,81,passed,2023-12-27T18:00:00,82.66,
4883,76946,2023-12-09T13:00:00,TAX_CERT,4,48,passed,2023-12-20T13:00:00,181.26,
4884,94048,2024-01-18T12:00:00,BUSINESS_PERMIT,10,104,passed,2024-02-03T12:00:00,25.73,
4885,85986,2024-04-06T23:00:00,BUSINESS_PERMIT,5,143,flagged,2024-05-07T23:00:00,1639.66,AUDIT_DONE
4886,63523,2023-11-08T16:00:00,TAX_CERT,8,147,flagged,2023-12-23T16:00:00,1408.96,AUDIT_DONE
4887,16678,2023-03-29T18:00:00,FAMILY_STATUS,7,58,passed,2023-05-15T18:00:00,32.41,
4888,20299,2023-07-29T12:00:00,BUSINESS_PERMIT,10,47,passed,2023-09-10T12:00:00,69.51,
4889,63132,2023-09-14T04:00:00,BIRTH_CERT,4,2,rejected,2023-10-09T04:00:00,6.71,AUDIT_DONE
4890,21858,2023-01-11T03:00:00,BIRTH_CERT,8,100,passed,2023-02-25T03:00:00,21.58,
4891,78703,2024-05-29T13:00:00,FAMILY_STATUS,4,120,rejected,2024-07-28T13:00:00,32.58,AUDIT_DONE
4892,11582,2023-12-21T07:00:00,BUSINESS_PERMIT,7,2,passed,2024-01-09T07:00:00,29.98,
4893,69608,2023-07-13T11:00:00,FAMILY_STATUS,7,121,passed,2023-08-20T11:00:00,147.38,
4894,18504,2024-02-05T19:00:00,ID_RENEWAL,12,75,passed,2024-03-02T19:00:00,121.6,
4895,36638,2023-11-02T00:00:00,ID_RENEWAL,12,10,passed,2023-12-09T00:00:00,148.9,
4896,59930,2023-08-12T04:00:00,TAX_CERT,5,135,passed,2023-10-02T04:00:00,88.9,
4897,25195,2023-11-29T04:00:00,BIRTH_CERT,11,59,flagged,2023-12-11T04:00:00,1806.86,AUDIT_DONE
4898,10433,2024-06-11T22:00:00,BUSINESS_PERMIT,3,4,rejected,2024-07-22T22:00:00,41.74,AUDIT_DONE
4899,53888,2023-12-04T16:00:00,TAX_CERT,11,106,rejected,2024-01-15T16:00:00,33.07,AUDIT_DONE
4900,20302,2023-03-07T22:00:00,BUSINESS_PERMIT,2,25,passed,2023-05-01T22:00:00,32.72,
4901,39954,2024-05-11T19:00:00,BUSINESS_PERMIT,1,54,passed,2024-06-12T19:00:00,84.78,
4902,52777,2023-11-08T15:00:00,BIRTH_CERT,3,130,passed,2023-12-11T15:00:00,49.25,
4903,90099,2024-06-11T08:00:00,ID_RENEWAL,6,3,passed,2024-07-19T08:00:00,195.44,
4904,39480,2023-06-27T21:00:00,BUSINESS_PERMIT,11,154,passed,2023-08-26T21:00:00,198.63,
4905,96527,2024-01-05T06:00:00,TAX_CERT,6,163,passed,2024-01-18T06:00:00,133.26,
4906,53256,2023-06-09T22:00:00,BUSINESS_PERMIT,5,88,passed,2023-07-30T22:00:00,137.85,
4907,42705,2024-04-07T03:00:00,ID_RENEWAL,10,162,passed,2024-06-06T03:00:00,162.66,
4908,26489,2024-01-14T12:00:00,BUSINESS_PERMIT,9,117,passed,2024-01-25T12:00:00,91.22,
4909,75601,2023-12-04T04:00:00,FAMILY_STATUS,5,160,passed,2023-12-15T04:00:00,108.36,
4910,10521,2023-06-13T23:00:00,ID_RENEWAL,10,130,passed,2023-06-30T23:00:00,100.56,
4911,85280,2023-12-02T03:00:00,ID_RENEWAL,5,151,passed,2023-12-26T03:00:00,99.33,
4912,55400,2023-09-09T12:00:00,TAX_CERT,12,22,passed,2023-10-12T12:00:00,70.41,
4913,96055,2024-06-04T05:00:00,FAMILY_STATUS,3,100,passed,2024-07-01T05:00:00,113.5,
4914,48863,2023-01-25T04:00:00,TAX_CERT,10,79,passed,2023-03-22T04:00:00,52.71,
4915,61784,2023-09-20T23:00:00,ID_RENEWAL,6,118,passed,2023-10-23T23:00:00,161.76,
4916,14451,2023-09-01T17:00:00,BIRTH_CERT,9,112,passed,2023-10-27T17:00:00,67.99,
4917,77576,2023-04-03T22:00:00,TAX_CERT,6,153,passed,2023-05-08T22:00:00,80.06,
4918,57788,2023-05-26T06:00:00,BIRTH_CERT,10,179,passed,2023-07-20T06:00:00,148.25,
4919,93508,2023-07-12T12:00:00,BUSINESS_PERMIT,1,30,passed,2023-07-28T12:00:00,56.96,
4920,63708,2023-02-01T13:00:00,ID_RENEWAL,7,28,passed,2023-02-22T13:00:00,65.44,
4921,39293,2024-05-19T17:00:00,TAX_CERT,1,113,passed,2024-05-27T17:00:00,133.79,
4922,61906,2023-04-13T02:00:00,BUSINESS_PERMIT,3,3,flagged,2023-05-17T02:00:00,1493.41,AUDIT_DONE
4923,39300,2024-03-14T07:00:00,FAMILY_STATUS,8,42,rejected,2024-04-18T07:00:00,9.97,AUDIT_DONE
4924,93964,2023-09-14T16:00:00,ID_RENEWAL,4,97,passed,2023-10-20T16:00:00,96.6,
4925,35400,2023-01-03T11:00:00,BIRTH_CERT,7,169,flagged,2023-01-28T11:00:00,1388.46,AUDIT_DONE
4926,36375,2024-02-22T15:00:00,BIRTH_CERT,8,9,passed,2024-03-28T15:00:00,78.22,
4927,54789,2023-09-07T02:00:00,FAMILY_STATUS,7,65,flagged,2023-10-31T02:00:00,806.77,AUDIT_DONE
4928,96649,2024-03-11T17:00:00,ID_RENEWAL,11,137,passed,2024-05-02T17:00:00,193.38,
4929,53321,2023-12-29T16:00:00,TAX_CERT,9,110,passed,2024-01-15T16:00:00,11.63,
4930,51449,2023-04-07T04:00:00,FAMILY_STATUS,10,46,passed,2023-04-22T04:00:00,176.44,
4931,50089,2024-05-22T16:00:00,ID_RENEWAL,1,176,passed,2024-06-01T16:00:00,65.56,
4932,11703,2023-04-03T09:00:00,ID_RENEWAL,7,32,flagged,2023-05-09T09:00:00,1530.08,AUDIT_DONE
4933,69080,2023-01-27T02:00:00,TAX_CERT,10,172,passed,2023-02-05T02:00:00,177.79,
4934,40381,2024-06-15T16:00:00,FAMILY_STATUS,6,66,passed,2024-08-06T16:00:00,183.53,
4935,93391,2024-05-23T09:00:00,ID_RENEWAL,4,103,flagged,2024-07-05T09:00:00,1078.37,AUDIT_DONE
4936,59540,2023-10-10T03:00:00,BUSINESS_PERMIT,4,28,passed,2023-11-22T03:00:00,63.59,
4937,48508,2023-03-11T16:00:00,TAX_CERT,4,37,passed,2023-04-09T16:00:00,191.81,
4938,86405,2023-09-17T20:00:00,ID_RENEWAL,12,45,passed,2023-09-29T20:00:00,13.55,
4939,31764,2023-07-21T11:00:00,BIRTH_CERT,10,77,flagged,2023-08-15T11:00:00,817.28,AUDIT_DONE
4940,87283,2023-10-17T02:00:00,ID_RENEWAL,3,81,passed,2023-12-10T02:00:00,124.29,
4941,71375,2023-08-22T04:00:00,BUSINESS_PERMIT,4,143,passed,2023-09-24T04:00:00,89.53,
4942,85659,2024-03-16T01:00:00,FAMILY_STATUS,11,100,flagged,2024-04-25T01:00:00,1809.85,AUDIT_DONE
4943,71654,2023-03-14T06:00:00,BIRTH_CERT,5,5,passed,2023-05-12T06:00:00,112.84,
4944,12798,2023-08-12T17:00:00,BIRTH_CERT,8,74,passed,2023-08-31T17:00:00,139.94,
4945,97098,2023-04-13T16:00:00,TAX_CERT,4,105,passed,2023-05-26T16:00:00,138.12,
4946,31868,2024-04-03T22:00:00,ID_RENEWAL,1,47,passed,2024-05-12T22:00:00,76.38,
4947,39158,2024-04-28T03:00:00,TAX_CERT,6,80,passed,2024-05-12T03:00:00,110.19,
4948,68861,2023-04-18T02:00:00,BUSINESS_PERMIT,8,131,passed,2023-06-17T02:00:00,68.22,
4949,97148,2024-04-08T15:00:00,BIRTH_CERT,2,152,passed,2024-06-06T15:00:00,140.87,
4950,51889,2023-05-19T01:00:00,BUSINESS_PERMIT,4,16,rejected,2023-06-23T01:00:00,26.53,AUDIT_DONE
4951,99073,2023-10-04T01:00:00,ID_RENEWAL,6,129,passed,2023-10-26T01:00:00,181.63,
4952,87939,2023-08-03T13:00:00,TAX_CERT,1,97,passed,2023-08-17T13:00:00,105.97,
4953,70992,2023-09-30T19:00:00,ID_RENEWAL,8,170,rejected,2023-10-28T19:00:00,18.9,AUDIT_DONE
4954,57643,2023-07-13T12:00:00,ID_RENEWAL,5,148,flagged,2023-08-05T12:00:00,1371.95,AUDIT_DONE
4955,49380,2023-11-13T10:00:00,FAMILY_STATUS,4,116,passed,2023-12-18T10:00:00,35.54,
4956,89107,2024-06-14T17:00:00,BIRTH_CERT,3,83,passed,2024-08-13T17:00:00,83.85,
4957,24708,2023-02-19T22:00:00,FAMILY_STATUS,2,134,passed,2023-03-04T22:00:00,20.85,
4958,70286,2024-03-19T15:00:00,BUSINESS_PERMIT,4,60,passed,2024-04-15T15:00:00,68.86,
4959,96641,2023-10-21T23:00:00,BUSINESS_PERMIT,7,127,rejected,2023-10-31T23:00:00,32.45,AUDIT_DONE
4960,86400,2023-01-10T19:00:00,TAX_CERT,9,52,passed,2023-01-21T19:00:00,41.9,
4961,76734,2023-09-23T13:00:00,BUSINESS_PERMIT,6,180,passed,2023-10-20T13:00:00,151.88,
4962,36574,2023-02-22T07:00:00,TAX_CERT,11,77,flagged,2023-03-25T07:00:00,1879.94,AUDIT_DONE
4963,28141,2023-07-31T17:00:00,FAMILY_STATUS,10,39,passed,2023-08-30T17:00:00,124.73,
4964,71670,2023-11-25T14:00:00,BIRTH_CERT,1,87,passed,2023-12-23T14:00:00,172.72,
4965,31782,2023-05-17T12:00:00,FAMILY_STATUS,4,138,passed,2023-06-05T12:00:00,164.78,
4966,61076,2023-05-29T14:00:00,TAX_CERT,2,97,passed,2023-07-17T14:00:00,105.07,
4967,73098,2024-06-07T20:00:00,BUSINESS_PERMIT,7,149,rejected,2024-06-30T20:00:00,47.93,AUDIT_DONE
4968,95387,2023-07-04T06:00:00,FAMILY_STATUS,11,121,passed,2023-08-02T06:00:00,136.91,
4969,34800,2024-04-25T17:00:00,ID_RENEWAL,8,178,passed,2024-06-07T17:00:00,105.32,
4970,33029,2023-06-08T05:00:00,TAX_CERT,12,147,rejected,2023-08-04T05:00:00,4.51,AUDIT_DONE
4971,34304,2023-05-23T16:00:00,FAMILY_STATUS,12,1,flagged,2023-06-24T16:00:00,1717.15,AUDIT_DONE
4972,57255,2023-09-04T21:00:00,FAMILY_STATUS,10,65,flagged,2023-10-13T21:00:00,913.75,AUDIT_DONE
4973,80617,2023-12-16T11:00:00,BIRTH_CERT,5,17,flagged,2024-01-12T11:00:00,1535.5,AUDIT_DONE
4974,39446,2023-09-02T02:00:00,ID_RENEWAL,5,1,passed,2023-10-04T02:00:00,46.45,
4975,49683,2023-07-27T05:00:00,BIRTH_CERT,9,39,passed,2023-09-14T05:00:00,38.16,
4976,57223,2023-01-10T09:00:00,BUSINESS_PERMIT,8,149,flagged,2023-02-10T09:00:00,1456.0,AUDIT_DONE
4977,35519,2023-04-13T13:00:00,TAX_CERT,9,150,flagged,2023-04-25T13:00:00,1585.09,AUDIT_DONE
4978,51121,2024-01-11T01:00:00,BUSINESS_PERMIT,9,107,passed,2024-02-21T01:00:00,107.98,
4979,78662,2023-10-27T20:00:00,BIRTH_CERT,4,77,passed,2023-12-16T20:00:00,10.11,
4980,33211,2023-06-29T06:00:00,BIRTH_CERT,1,148,passed,2023-08-03T06:00:00,72.3,
4981,36523,2023-10-24T12:00:00,TAX_CERT,8,171,passed,2023-11-25T12:00:00,41.87,
4982,61659,2023-01-17T17:00:00,TAX_CERT,5,100,passed,2023-03-12T17:00:00,93.82,
4983,16435,2024-06-10T00:00:00,BIRTH_CERT,4,54,flagged,2024-07-25T00:00:00,1286.27,AUDIT_DONE
4984,41397,2023-10-18T21:00:00,FAMILY_STATUS,8,73,passed,2023-11-21T21:00:00,126.34,
4985,22834,2023-08-16T21:00:00,BUSINESS_PERMIT,1,59,rejected,2023-10-06T21:00:00,3.05,AUDIT_DONE
4986,78702,2024-02-26T07:00:00,FAMILY_STATUS,7,111,passed,2024-03-13T07:00:00,150.35,
4987,53422,2024-01-07T10:00:00,BUSINESS_PERMIT,5,19,passed,2024-02-23T10:00:00,0.53,
4988,93080,2024-01-23T04:00:00,ID_RENEWAL,3,148,passed,2024-02-05T04:00:00,152.76,
4989,64338,2024-06-07T09:00:00,ID_RENEWAL,9,110,passed,2024-08-02T09:00:00,76.53,
4990,23618,2023-03-03T05:00:00,BUSINESS_PERMIT,7,2,passed,2023-04-19T05:00:00,118.23,
4991,23887,2023-09-26T19:00:00,BUSINESS_PERMIT,11,86,passed,2023-11-11T19:00:00,165.86,
4992,74435,2023-05-18T09:00:00,BIRTH_CERT,5,19,rejected,2023-07-04T09:00:00,20.82,AUDIT_DONE
4993,66436,2023-10-22T10:00:00,FAMILY_STATUS,8,57,flagged,2023-11-02T10:00:00,977.0,AUDIT_DONE
4994,85004,2023-02-27T05:00:00,TAX_CERT,11,71,passed,2023-04-08T05:00:00,42.29,
4995,18869,2023-12-21T08:00:00,ID_RENEWAL,12,66,flagged,2024-01-01T08:00:00,816.78,AUDIT_DONE
4996,96347,2024-04-20T05:00:00,ID_RENEWAL,10,133,passed,2024-06-08T05:00:00,33.79,
4997,43106,2023-12-21T20:00:00,BIRTH_CERT,12,8,flagged,2024-01-03T20:00:00,1320.47,AUDIT_DONE
4998,20561,2023-12-14T07:00:00,FAMILY_STATUS,4,169,passed,2024-02-07T07:00:00,24.41,
4999,83781,2024-04-11T18:00:00,BIRTH_CERT,6,92,passed,2024-04-28T18:00:00,162.08,
5000,76538,2023-06-19T09:00:00,BIRTH_CERT,10,46,passed,2023-07-07T09:00:00,164.14,
5001,56427,2023-03-15T11:00:00,TAX_CERT,11,47,passed,2023-05-04T11:00:00,117.3,
5002,64664,2023-04-24T14:00:00,BIRTH_CERT,7,141,passed,2023-05-11T14:00:00,194.44,
5003,39880,2024-03-16T05:00:00,TAX_CERT,6,12,flagged,2024-04-22T05:00:00,1711.09,AUDIT_DONE
5004,17101,2023-10-13T23:00:00,TAX_CERT,10,17,passed,2023-11-04T23:00:00,120.16,
5005,29917,2023-06-22T11:00:00,TAX_CERT,1,44,passed,2023-08-20T11:00:00,120.07,
5006,40404,2023-08-24T16:00:00,BUSINESS_PERMIT,5,76,passed,2023-10-13T16:00:00,182.52,
5007,83681,2024-02-07T11:00:00,FAMILY_STATUS,5,54,passed,2024-02-23T11:00:00,118.37,
5008,43378,2024-06-21T00:00:00,ID_RENEWAL,4,58,rejected,2024-08-07T00:00:00,26.14,AUDIT_DONE
5009,16135,2023-10-22T17:00:00,BIRTH_CERT,7,168,passed,2023-12-09T17:00:00,25.61,
5010,76998,2023-11-23T00:00:00,BUSINESS_PERMIT,6,15,flagged,2024-01-11T00:00:00,1126.86,AUDIT_DONE
5011,37709,2023-04-19T10:00:00,BUSINESS_PERMIT,10,8,flagged,2023-05-04T10:00:00,941.5,AUDIT_DONE
5012,43705,2024-05-14T05:00:00,BUSINESS_PERMIT,2,16,passed,2024-06-08T05:00:00,96.66,
5013,11295,2023-08-26T18:00:00,ID_RENEWAL,2,178,passed,2023-09-18T18:00:00,24.97,
5014,46312,2023-07-25T22:00:00,BIRTH_CERT,5,92,passed,2023-09-02T22:00:00,135.92,
5015,46455,2024-02-10T10:00:00,BIRTH_CERT,11,125,flagged,2024-04-06T10:00:00,1374.64,AUDIT_DONE
5016,17608,2024-01-23T12:00:00,FAMILY_STATUS,7,2,passed,2024-02-23T12:00:00,43.82,
5017,35291,2024-04-26T08:00:00,BUSINESS_PERMIT,2,38,passed,2024-05-03T08:00:00,21.12,
5018,79924,2024-06-13T19:00:00,BIRTH_CERT,4,129,passed,2024-06-28T19:00:00,71.12,
5019,62711,2023-10-16T00:00:00,ID_RENEWAL,5,56,passed,2023-10-30T00:00:00,154.74,
5020,66434,2023-05-21T12:00:00,BUSINESS_PERMIT,10,85,passed,2023-06-05T12:00:00,88.23,
5021,62478,2023-10-24T17:00:00,BUSINESS_PERMIT,1,56,passed,2023-11-12T17:00:00,19.73,
5022,18789,2024-06-19T02:00:00,TAX_CERT,8,81,passed,2024-07-31T02:00:00,166.85,
5023,77520,2023-12-13T07:00:00,TAX_CERT,8,99,flagged,2024-02-11T07:00:00,988.08,AUDIT_DONE
5024,58063,2023-08-14T00:00:00,TAX_CERT,4,160,flagged,2023-09-28T00:00:00,1229.48,AUDIT_DONE
5025,88654,2024-02-11T01:00:00,BIRTH_CERT,9,168,passed,2024-02-29T01:00:00,69.15,
5026,88959,2024-04-24T07:00:00,BUSINESS_PERMIT,5,8,passed,2024-06-21T07:00:00,50.79,
5027,68920,2023-11-08T14:00:00,BUSINESS_PERMIT,6,70,flagged,2023-12-26T14:00:00,1042.05,AUDIT_DONE
5028,79993,2023-02-07T08:00:00,ID_RENEWAL,10,158,passed,2023-03-15T08:00:00,196.59,
5029,89901,2023-11-14T11:00:00,BUSINESS_PERMIT,7,87,passed,2023-12-05T11:00:00,189.16,
5030,71622,2023-04-07T01:00:00,TAX_CERT,11,52,flagged,2023-05-05T01:00:00,1100.98,AUDIT_DONE
5031,12644,2024-02-16T17:00:00,FAMILY_STATUS,12,149,passed,2024-04-10T17:00:00,10.24,
5032,93771,2023-04-23T22:00:00,FAMILY_STATUS,11,128,rejected,2023-06-08T22:00:00,15.69,AUDIT_DONE
5033,96538,2023-08-08T01:00:00,BIRTH_CERT,8,42,flagged,2023-09-16T01:00:00,1877.41,AUDIT_DONE
5034,87095,2024-04-12T21:00:00,ID_RENEWAL,8,18,passed,2024-05-25T21:00:00,84.87,
5035,19193,2024-02-01T10:00:00,ID_RENEWAL,9,119,passed,2024-02-27T10:00:00,82.04,
5036,64995,2023-02-02T08:00:00,BUSINESS_PERMIT,9,85,passed,2023-03-26T08:00:00,111.19,
5037,18739,2023-04-24T04:00:00,BIRTH_CERT,7,84,flagged,2023-06-05T04:00:00,1633.09,AUDIT_DONE
5038,94061,2023-05-28T18:00:00,BIRTH_CERT,2,43,flagged,2023-07-13T18:00:00,1709.77,AUDIT_DONE
5039,18386,2024-06-05T11:00:00,BIRTH_CERT,11,43,passed,2024-07-19T11:00:00,191.06,
5040,98786,2024-02-19T00:00:00,BIRTH_CERT,11,136,passed,2024-03-19T00:00:00,143.81,
5041,46451,2023-12-09T11:00:00,TAX_CERT,4,120,flagged,2024-02-04T11:00:00,874.05,AUDIT_DONE
5042,74752,2024-04-11T13:00:00,ID_RENEWAL,4,32,passed,2024-05-13T13:00:00,73.68,
5043,22514,2024-05-19T03:00:00,FAMILY_STATUS,7,160,flagged,2024-07-10T03:00:00,1106.32,AUDIT_DONE
5044,68269,2023-11-09T00:00:00,FAMILY_STATUS,1,16,flagged,2024-01-05T00:00:00,1126.07,AUDIT_DONE
5045,65418,2024-02-25T01:00:00,FAMILY_STATUS,3,62,flagged,2024-03-06T01:00:00,1993.82,AUDIT_DONE
5046,31145,2023-02-11T14:00:00,TAX_CERT,10,125,passed,2023-04-06T14:00:00,82.22,
5047,45045,2024-05-30T21:00:00,FAMILY_STATUS,6,79,passed,2024-07-23T21:00:00,184.79,
5048,94158,2024-05-12T18:00:00,BIRTH_CERT,12,154,passed,2024-05-26T18:00:00,172.76,
5049,46157,2024-05-06T22:00:00,BUSINESS_PERMIT,4,106,passed,2024-06-02T22:00:00,164.8,
5050,41901,2024-01-11T16:00:00,BUSINESS_PERMIT,8,144,flagged,2024-03-04T16:00:00,1928.02,AUDIT_DONE
5051,28726,2023-03-10T01:00:00,FAMILY_STATUS,12,83,passed,2023-04-30T01:00:00,117.39,
5052,62599,2023-02-26T13:00:00,ID_RENEWAL,12,127,passed,2023-03-17T13:00:00,111.65,
5053,55900,2023-04-20T15:00:00,BUSINESS_PERMIT,5,58,flagged,2023-05-07T15:00:00,1108.62,AUDIT_DONE
5054,62015,2023-03-02T01:00:00,BUSINESS_PERMIT,5,31,passed,2023-04-21T01:00:00,19.92,
5055,30414,2024-04-21T11:00:00,BUSINESS_PERMIT,3,123,flagged,2024-05-05T11:00:00,800.72,AUDIT_DONE
5056,63796,2024-04-24T03:00:00,FAMILY_STATUS,8,111,passed,2024-05-01T03:00:00,191.5,
5057,48549,2023-07-02T22:00:00,TAX_CERT,8,41,passed,2023-07-10T22:00:00,121.5,
5058,62119,2024-06-08T17:00:00,TAX_CERT,11,26,passed,2024-07-14T17:00:00,143.86,
5059,61939,2023-06-21T14:00:00,TAX_CERT,1,37,flagged,2023-07-02T14:00:00,1174.41,AUDIT_DONE
5060,26529,2023-03-10T10:00:00,FAMILY_STATUS,9,80,rejected,2023-04-16T10:00:00,13.64,AUDIT_DONE
5061,30653,2024-03-04T01:00:00,ID_RENEWAL,5,99,flagged,2024-04-12T01:00:00,1986.6,AUDIT_DONE
5062,55995,2023-07-29T13:00:00,ID_RENEWAL,10,6,passed,2023-08-25T13:00:00,181.61,
5063,39679,2023-07-09T12:00:00,ID_RENEWAL,2,61,passed,2023-08-15T12:00:00,140.31,
5064,67547,2023-05-19T04:00:00,BUSINESS_PERMIT,11,15,flagged,2023-06-19T04:00:00,1654.66,AUDIT_DONE
5065,33430,2024-02-20T10:00:00,FAMILY_STATUS,5,168,passed,2024-04-07T10:00:00,46.86,
5066,46377,2023-06-10T20:00:00,TAX_CERT,11,30,passed,2023-07-23T20:00:00,82.37,
5067,19604,2023-12-09T07:00:00,BUSINESS_PERMIT,12,43,rejected,2024-01-12T07:00:00,25.03,AUDIT_DONE
5068,53637,2023-01-13T11:00:00,BUSINESS_PERMIT,9,18,passed,2023-01-22T11:00:00,193.4,
5069,95657,2023-08-18T05:00:00,BIRTH_CERT,2,58,passed,2023-09-29T05:00:00,161.29,
5070,51327,2024-01-30T09:00:00,ID_RENEWAL,6,86,flagged,2024-02-13T09:00:00,960.06,AUDIT_DONE
5071,57732,2023-01-31T14:00:00,TAX_CERT,1,90,passed,2023-02-07T14:00:00,196.36,
5072,47918,2024-01-18T01:00:00,ID_RENEWAL,9,103,passed,2024-02-11T01:00:00,177.9,
5073,81586,2023-05-10T06:00:00,BIRTH_CERT,6,173,passed,2023-06-30T06:00:00,167.47,
5074,42310,2024-03-20T20:00:00,FAMILY_STATUS,3,82,passed,2024-04-21T20:00:00,119.34,
5075,18245,2024-03-17T00:00:00,FAMILY_STATUS,1,99,passed,2024-04-15T00:00:00,66.95,
5076,36313,2023-03-31T15:00:00,BUSINESS_PERMIT,10,115,passed,2023-05-14T15:00:00,72.65,
5077,69551,2024-06-17T08:00:00,TAX_CERT,10,86,passed,2024-07-05T08:00:00,167.02,
5078,74554,2023-10-01T08:00:00,BUSINESS_PERMIT,6,136,passed,2023-11-16T08:00:00,133.81,
5079,99554,2023-06-13T03:00:00,BUSINESS_PERMIT,4,69,passed,2023-07-07T03:00:00,17.84,
5080,42540,2023-03-20T10:00:00,TAX_CERT,3,180,flagged,2023-04-17T10:00:00,1317.84,AUDIT_DONE
5081,98671,2023-05-25T04:00:00,BIRTH_CERT,11,67,rejected,2023-06-03T04:00:00,38.69,AUDIT_DONE
5082,68029,2023-04-08T00:00:00,ID_RENEWAL,2,70,passed,2023-05-22T00:00:00,21.63,
5083,68646,2023-10-07T01:00:00,FAMILY_STATUS,9,154,flagged,2023-10-29T01:00:00,1589.96,AUDIT_DONE
5084,42733,2023-05-03T04:00:00,ID_RENEWAL,7,132,passed,2023-06-17T04:00:00,150.82,
5085,11562,2023-01-15T16:00:00,FAMILY_STATUS,1,83,passed,2023-03-01T16:00:00,161.29,
5086,13298,2024-06-04T01:00:00,FAMILY_STATUS,9,31,passed,2024-06-29T01:00:00,38.52,
5087,59368,2023-02-04T17:00:00,TAX_CERT,12,29,passed,2023-03-04T17:00:00,178.64,
5088,14985,2023-12-16T20:00:00,TAX_CERT,9,169,passed,2024-01-29T20:00:00,160.4,
5089,64790,2023-04-19T07:00:00,ID_RENEWAL,2,25,passed,2023-05-15T07:00:00,82.97,
5090,68722,2023-05-21T20:00:00,BUSINESS_PERMIT,2,42,rejected,2023-06-24T20:00:00,44.0,AUDIT_DONE
5091,55444,2023-09-22T04:00:00,BIRTH_CERT,9,30,passed,2023-11-14T04:00:00,137.08,
5092,91512,2024-06-20T06:00:00,BIRTH_CERT,7,41,passed,2024-07-14T06:00:00,163.65,
5093,10589,2023-09-27T18:00:00,BIRTH_CERT,12,83,passed,2023-10-28T18:00:00,169.45,
5094,66719,2023-06-02T00:00:00,FAMILY_STATUS,4,58,passed,2023-07-26T00:00:00,168.69,
5095,64993,2024-03-03T21:00:00,BUSINESS_PERMIT,6,127,flagged,2024-04-27T21:00:00,1846.04,AUDIT_DONE
5096,91739,2023-12-29T15:00:00,FAMILY_STATUS,9,162,passed,2024-02-10T15:00:00,4.54,
5097,95097,2023-02-28T09:00:00,ID_RENEWAL,4,129,passed,2023-03-25T09:00:00,150.76,
5098,83864,2024-02-12T08:00:00,FAMILY_STATUS,6,11,passed,2024-04-05T08:00:00,28.83,
5099,82428,2023-07-14T04:00:00,BUSINESS_PERMIT,3,58,passed,2023-08-07T04:00:00,199.24,
5100,84515,2024-01-30T08:00:00,FAMILY_STATUS,2,48,passed,2024-03-19T08:00:00,178.52,
5101,11746,2024-01-07T15:00:00,FAMILY_STATUS,5,83,passed,2024-03-01T15:00:00,23.71,
5102,38737,2024-05-31T06:00:00,FAMILY_STATUS,10,63,passed,2024-07-10T06:00:00,192.87,
5103,56251,2023-10-05T20:00:00,BIRTH_CERT,5,37,passed,2023-11-14T20:00:00,94.77,
5104,59924,2024-06-06T03:00:00,BIRTH_CERT,10,45,passed,2024-07-06T03:00:00,122.38,
5105,70094,2023-07-20T05:00:00,BUSINESS_PERMIT,6,171,rejected,2023-08-05T05:00:00,20.74,AUDIT_DONE
5106,71605,2023-06-17T04:00:00,FAMILY_STATUS,4,107,passed,2023-07-05T04:00:00,16.58,
5107,55139,2023-08-25T08:00:00,FAMILY_STATUS,2,137,passed,2023-10-16T08:00:00,147.91,
5108,27590,2024-04-26T17:00:00,BIRTH_CERT,12,9,passed,2024-06-24T17:00:00,192.38,
5109,27032,2023-01-19T02:00:00,BIRTH_CERT,8,128,passed,2023-02-21T02:00:00,194.63,
5110,47521,2023-10-31T11:00:00,FAMILY_STATUS,1,35,flagged,2023-12-13T11:00:00,1592.65,AUDIT_DONE
5111,94218,2024-04-10T07:00:00,FAMILY_STATUS,6,171,passed,2024-06-09T07:00:00,19.1,
5112,26213,2023-09-10T19:00:00,BIRTH_CERT,2,8,flagged,2023-10-02T19:00:00,1023.54,AUDIT_DONE
5113,16545,2024-03-17T21:00:00,BUSINESS_PERMIT,12,110,rejected,2024-05-03T21:00:00,42.84,AUDIT_DONE
5114,16781,2024-03-08T20:00:00,ID_RENEWAL,8,66,passed,2024-03-23T20:00:00,129.18,
5115,42361,2023-03-23T21:00:00,BUSINESS_PERMIT,1,76,passed,2023-04-15T21:00:00,46.09,
5116,72348,2023-06-27T12:00:00,BIRTH_CERT,1,22,passed,2023-08-18T12:00:00,89.39,
5117,28673,2023-12-21T20:00:00,TAX_CERT,4,49,flagged,2024-01-15T20:00:00,1696.37,AUDIT_DONE
5118,26796,2023-11-29T06:00:00,FAMILY_STATUS,10,58,rejected,2023-12-22T06:00:00,6.48,AUDIT_DONE
5119,98401,2024-05-19T15:00:00,FAMILY_STATUS,8,47,passed,2024-06-23T15:00:00,50.45,
5120,34471,2023-02-19T05:00:00,ID_RENEWAL,2,169,flagged,2023-03-20T05:00:00,1430.65,AUDIT_DONE
5121,59605,2023-04-13T09:00:00,TAX_CERT,9,80,passed,2023-06-04T09:00:00,6.97,
5122,33114,2023-08-24T18:00:00,ID_RENEWAL,7,137,passed,2023-09-19T18:00:00,166.44,
5123,83458,2023-10-20T14:00:00,TAX_CERT,6,177,passed,2023-12-15T14:00:00,176.88,
5124,60242,2024-01-13T21:00:00,BIRTH_CERT,9,153,passed,2024-01-23T21:00:00,150.56,
5125,93750,2023-09-08T21:00:00,ID_RENEWAL,10,46,passed,2023-10-26T21:00:00,48.27,
5126,94594,2023-06-03T10:00:00,BUSINESS_PERMIT,5,105,passed,2023-07-22T10:00:00,83.94,
5127,18945,2023-10-24T13:00:00,BIRTH_CERT,12,114,passed,2023-12-20T13:00:00,105.07,
5128,85260,2024-06-13T13:00:00,FAMILY_STATUS,4,107,flagged,2024-07-04T13:00:00,894.11,AUDIT_DONE
5129,83436,2023-10-25T20:00:00,FAMILY_STATUS,6,150,passed,2023-11-08T20:00:00,194.47,
5130,91103,2024-03-24T05:00:00,FAMILY_STATUS,4,162,passed,2024-04-05T05:00:00,126.07,
5131,35782,2024-04-16T06:00:00,BIRTH_CERT,8,125,passed,2024-06-05T06:00:00,27.53,
5132,70917,2024-01-24T11:00:00,BIRTH_CERT,5,145,rejected,2024-03-14T11:00:00,43.89,AUDIT_DONE
5133,27713,2023-03-29T22:00:00,ID_RENEWAL,8,142,passed,2023-05-25T22:00:00,30.74,
5134,43491,2023-02-15T17:00:00,TAX_CERT,12,166,passed,2023-02-28T17:00:00,157.8,
5135,21246,2024-05-31T13:00:00,FAMILY_STATUS,11,107,passed,2024-06-27T13:00:00,79.02,
5136,15602,2024-05-15T10:00:00,BIRTH_CERT,10,88,passed,2024-07-10T10:00:00,173.41,
5137,11837,2024-02-12T14:00:00,BIRTH_CERT,2,162,passed,2024-04-10T14:00:00,134.14,
5138,73405,2023-01-09T00:00:00,TAX_CERT,12,68,passed,2023-03-01T00:00:00,70.61,
5139,48403,2023-10-07T05:00:00,BIRTH_CERT,11,45,passed,2023-11-24T05:00:00,134.68,
5140,36001,2024-02-08T13:00:00,ID_RENEWAL,6,169,passed,2024-03-19T13:00:00,59.48,
5141,18381,2023-12-20T03:00:00,TAX_CERT,8,32,passed,2024-01-17T03:00:00,31.06,
5142,58908,2023-08-11T08:00:00,BUSINESS_PERMIT,4,61,passed,2023-09-16T08:00:00,188.91,
5143,27049,2024-05-10T15:00:00,BUSINESS_PERMIT,8,55,passed,2024-07-08T15:00:00,144.44,
5144,49263,2023-12-09T17:00:00,BIRTH_CERT,8,83,passed,2023-12-16T17:00:00,133.12,
5145,92516,2024-03-24T19:00:00,TAX_CERT,2,66,passed,2024-04-04T19:00:00,182.49,
5146,14617,2024-06-06T00:00:00,BUSINESS_PERMIT,7,22,rejected,2024-07-21T00:00:00,49.56,AUDIT_DONE
5147,45776,2023-09-28T12:00:00,BUSINESS_PERMIT,7,106,passed,2023-11-16T12:00:00,99.51,
5148,40181,2023-06-05T23:00:00,FAMILY_STATUS,2,118,passed,2023-06-30T23:00:00,187.15,
5149,16608,2024-02-04T13:00:00,TAX_CERT,9,169,flagged,2024-03-29T13:00:00,1739.16,AUDIT_DONE
5150,58721,2023-06-07T11:00:00,TAX_CERT,4,100,rejected,2023-07-20T11:00:00,42.38,AUDIT_DONE
5151,37116,2024-01-07T10:00:00,FAMILY_STATUS,9,115,flagged,2024-02-14T10:00:00,1867.34,AUDIT_DONE
5152,78497,2023-01-11T15:00:00,TAX_CERT,9,24,flagged,2023-01-29T15:00:00,1593.42,AUDIT_DONE
5153,19434,2023-11-01T14:00:00,TAX_CERT,7,69,rejected,2023-12-21T14:00:00,20.76,AUDIT_DONE
5154,96017,2024-01-23T02:00:00,BUSINESS_PERMIT,5,157,passed,2024-02-12T02:00:00,157.74,
5155,53744,2023-08-31T03:00:00,BUSINESS_PERMIT,10,102,passed,2023-10-05T03:00:00,192.41,
5156,18340,2023-11-02T08:00:00,BIRTH_CERT,4,149,flagged,2023-11-29T08:00:00,845.9,AUDIT_DONE
5157,36326,2023-12-11T12:00:00,BUSINESS_PERMIT,7,56,rejected,2024-01-12T12:00:00,3.08,AUDIT_DONE
5158,17403,2023-05-29T22:00:00,BUSINESS_PERMIT,2,14,passed,2023-06-21T22:00:00,15.44,
5159,24168,2024-06-06T14:00:00,ID_RENEWAL,12,166,passed,2024-07-15T14:00:00,60.09,
5160,72445,2023-07-29T23:00:00,TAX_CERT,11,94,flagged,2023-08-17T23:00:00,1870.39,AUDIT_DONE
5161,88079,2024-03-01T11:00:00,FAMILY_STATUS,3,124,rejected,2024-04-25T11:00:00,44.34,AUDIT_DONE
5162,77741,2024-02-06T14:00:00,BIRTH_CERT,8,121,passed,2024-03-03T14:00:00,66.93,
5163,89820,2023-02-07T15:00:00,BIRTH_CERT,2,47,passed,2023-03-10T15:00:00,183.99,
5164,11240,2023-04-09T10:00:00,ID_RENEWAL,5,141,passed,2023-05-16T10:00:00,164.42,
5165,26867,2023-05-11T18:00:00,BUSINESS_PERMIT,4,56,flagged,2023-05-31T18:00:00,1790.45,AUDIT_DONE
5166,18432,2024-06-05T18:00:00,TAX_CERT,4,121,flagged,2024-06-22T18:00:00,1304.83,AUDIT_DONE
5167,27748,2024-03-20T17:00:00,BIRTH_CERT,9,74,passed,2024-04-01T17:00:00,99.94,
5168,87389,2023-03-11T16:00:00,FAMILY_STATUS,5,45,flagged,2023-03-22T16:00:00,1575.38,AUDIT_DONE
5169,83134,2024-02-28T02:00:00,BIRTH_CERT,8,112,passed,2024-03-27T02:00:00,181.44,
5170,81669,2023-06-10T04:00:00,FAMILY_STATUS,4,178,passed,2023-07-31T04:00:00,176.58,
5171,29377,2024-05-17T21:00:00,BIRTH_CERT,1,112,passed,2024-06-02T21:00:00,156.77,
5172,79095,2023-07-01T19:00:00,BIRTH_CERT,4,61,passed,2023-08-05T19:00:00,28.74,
5173,63731,2024-05-24T03:00:00,FAMILY_STATUS,6,50,passed,2024-07-11T03:00:00,181.09,
5174,44875,2024-05-11T05:00:00,BUSINESS_PERMIT,7,135,passed,2024-06-18T05:00:00,170.1,
5175,42163,2023-10-11T21:00:00,ID_RENEWAL,6,83,passed,2023-11-20T21:00:00,136.89,
5176,16437,2023-01-11T03:00:00,BIRTH_CERT,9,91,flagged,2023-02-21T03:00:00,859.14,AUDIT_DONE
5177,13350,2024-05-06T10:00:00,FAMILY_STATUS,7,80,flagged,2024-06-30T10:00:00,1930.36,AUDIT_DONE
5178,94115,2023-04-24T20:00:00,BIRTH_CERT,1,82,passed,2023-06-05T20:00:00,21.77,
5179,67048,2024-03-06T15:00:00,ID_RENEWAL,10,126,flagged,2024-04-13T15:00:00,1111.99,AUDIT_DONE
5180,60344,2023-08-06T14:00:00,FAMILY_STATUS,9,141,rejected,2023-10-05T14:00:00,18.85,AUDIT_DONE
5181,46241,2024-02-02T10:00:00,BIRTH_CERT,4,57,passed,2024-03-08T10:00:00,163.45,
5182,66413,2024-02-23T07:00:00,TAX_CERT,4,123,passed,2024-03-10T07:00:00,172.12,
5183,48033,2024-05-29T03:00:00,TAX_CERT,10,20,passed,2024-07-06T03:00:00,36.26,
5184,88680,2024-05-25T07:00:00,FAMILY_STATUS,5,81,passed,2024-06-08T07:00:00,192.73,
5185,13463,2023-01-09T10:00:00,BIRTH_CERT,11,1,passed,2023-02-11T10:00:00,26.11,
5186,87004,2024-05-04T20:00:00,BUSINESS_PERMIT,10,110,passed,2024-06-02T20:00:00,15.21,
5187,51560,2024-04-06T07:00:00,BIRTH_CERT,7,97,passed,2024-05-30T07:00:00,106.53,
5188,40388,2023-04-28T19:00:00,BUSINESS_PERMIT,9,24,passed,2023-06-20T19:00:00,59.61,
5189,78678,2024-03-22T11:00:00,BUSINESS_PERMIT,4,158,passed,2024-04-20T11:00:00,105.74,
5190,57475,2023-11-03T16:00:00,BUSINESS_PERMIT,12,153,passed,2023-12-21T16:00:00,69.27,
5191,44595,2023-04-30T07:00:00,BIRTH_CERT,2,162,passed,2023-05-23T07:00:00,50.63,
5192,72769,2024-02-04T02:00:00,FAMILY_STATUS,7,63,flagged,2024-03-03T02:00:00,1184.16,AUDIT_DONE
5193,28560,2024-05-03T15:00:00,TAX_CERT,8,72,passed,2024-05-15T15:00:00,128.04,
5194,19529,2024-06-03T08:00:00,BIRTH_CERT,9,117,passed,2024-08-01T08:00:00,76.7,
5195,97662,2023-03-25T17:00:00,BIRTH_CERT,10,133,passed,2023-05-08T17:00:00,74.66,
5196,13731,2023-08-15T04:00:00,ID_RENEWAL,12,48,flagged,2023-10-10T04:00:00,848.59,AUDIT_DONE
5197,40161,2023-11-28T18:00:00,BUSINESS_PERMIT,1,82,passed,2024-01-02T18:00:00,147.89,
5198,84927,2023-11-26T17:00:00,TAX_CERT,6,73,passed,2023-12-07T17:00:00,145.87,
5199,71518,2023-10-11T09:00:00,ID_RENEWAL,3,75,passed,2023-12-04T09:00:00,171.95,
5200,63270,2023-05-18T06:00:00,FAMILY_STATUS,10,60,passed,2023-05-28T06:00:00,176.67,
5201,51126,2023-08-31T06:00:00,BIRTH_CERT,6,50,flagged,2023-10-07T06:00:00,1242.11,AUDIT_DONE
5202,87910,2023-01-21T18:00:00,BUSINESS_PERMIT,7,41,passed,2023-02-04T18:00:00,146.05,
5203,71694,2023-01-01T16:00:00,BIRTH_CERT,8,144,passed,2023-02-17T16:00:00,125.84,
5204,16213,2023-05-30T22:00:00,BIRTH_CERT,8,49,passed,2023-06-21T22:00:00,187.89,
5205,67323,2024-04-25T14:00:00,BUSINESS_PERMIT,4,149,passed,2024-05-17T14:00:00,103.09,
5206,52716,2024-02-26T00:00:00,FAMILY_STATUS,10,128,passed,2024-04-05T00:00:00,199.15,
5207,16077,2023-01-12T01:00:00,BUSINESS_PERMIT,11,165,passed,2023-03-02T01:00:00,199.19,
5208,13565,2023-05-24T19:00:00,ID_RENEWAL,7,41,rejected,2023-07-16T19:00:00,44.74,AUDIT_DONE
5209,63052,2023-01-18T14:00:00,FAMILY_STATUS,10,60,flagged,2023-02-03T14:00:00,1627.68,AUDIT_DONE
5210,53590,2023-06-01T14:00:00,BIRTH_CERT,9,41,passed,2023-06-09T14:00:00,77.16,
5211,67943,2023-11-08T21:00:00,FAMILY_STATUS,2,90,passed,2023-12-14T21:00:00,24.21,
5212,82563,2023-07-28T18:00:00,ID_RENEWAL,9,114,passed,2023-08-24T18:00:00,160.31,
5213,53166,2024-04-16T21:00:00,FAMILY_STATUS,1,130,passed,2024-05-24T21:00:00,60.83,
5214,91079,2023-07-25T22:00:00,BUSINESS_PERMIT,9,1,passed,2023-08-22T22:00:00,148.33,
5215,69433,2023-05-26T13:00:00,ID_RENEWAL,9,56,flagged,2023-06-04T13:00:00,1934.67,AUDIT_DONE
5216,18496,2023-12-24T02:00:00,TAX_CERT,4,12,passed,2024-01-11T02:00:00,83.08,
5217,34007,2023-04-20T10:00:00,BUSINESS_PERMIT,7,141,passed,2023-04-28T10:00:00,89.98,
5218,30393,2024-06-17T10:00:00,ID_RENEWAL,4,116,passed,2024-08-12T10:00:00,162.84,
5219,72841,2023-10-23T23:00:00,TAX_CERT,10,44,passed,2023-11-05T23:00:00,44.54,
5220,58756,2023-01-03T13:00:00,BIRTH_CERT,12,50,passed,2023-02-12T13:00:00,165.78,
5221,65712,2023-08-09T01:00:00,BIRTH_CERT,7,144,passed,2023-08-29T01:00:00,184.27,
5222,97386,2023-05-07T13:00:00,BUSINESS_PERMIT,8,42,passed,2023-06-04T13:00:00,78.93,
5223,56625,2023-02-17T12:00:00,BUSINESS_PERMIT,8,124,passed,2023-04-01T12:00:00,186.81,
5224,93729,2023-09-07T23:00:00,BUSINESS_PERMIT,6,75,passed,2023-10-31T23:00:00,0.6,
5225,53019,2024-05-07T21:00:00,BIRTH_CERT,3,91,rejected,2024-05-25T21:00:00,14.68,AUDIT_DONE
5226,52642,2024-05-29T17:00:00,BIRTH_CERT,2,7,passed,2024-07-26T17:00:00,182.39,
5227,71948,2024-04-03T04:00:00,TAX_CERT,4,88,passed,2024-05-03T04:00:00,58.39,
5228,47520,2023-02-17T16:00:00,ID_RENEWAL,1,40,passed,2023-04-15T16:00:00,22.83,
5229,11805,2024-01-14T01:00:00,BIRTH_CERT,8,78,passed,2024-02-14T01:00:00,23.39,
5230,60122,2023-05-02T13:00:00,BUSINESS_PERMIT,11,30,passed,2023-06-18T13:00:00,127.04,
5231,95774,2023-04-02T07:00:00,FAMILY_STATUS,11,73,passed,2023-05-21T07:00:00,55.1,
5232,82578,2023-02-16T01:00:00,BIRTH_CERT,1,80,passed,2023-04-05T01:00:00,60.17,
5233,91653,2023-05-22T04:00:00,ID_RENEWAL,11,123,passed,2023-07-04T04:00:00,174.83,
5234,55650,2024-01-29T09:00:00,BIRTH_CERT,10,79,passed,2024-03-17T09:00:00,66.41,
5235,48388,2023-02-11T21:00:00,BUSINESS_PERMIT,4,168,passed,2023-03-15T21:00:00,112.48,
5236,22750,2023-05-24T05:00:00,BUSINESS_PERMIT,5,93,passed,2023-07-17T05:00:00,102.0,
5237,48900,2023-02-09T16:00:00,TAX_CERT,12,57,passed,2023-04-05T16:00:00,12.92,
5238,63342,2023-09-24T08:00:00,BUSINESS_PERMIT,11,163,flagged,2023-11-23T08:00:00,1535.09,AUDIT_DONE
5239,56788,2023-09-11T21:00:00,TAX_CERT,10,10,flagged,2023-10-04T21:00:00,1675.56,AUDIT_DONE
5240,64672,2023-01-19T08:00:00,BUSINESS_PERMIT,12,141,flagged,2023-03-14T08:00:00,1452.48,AUDIT_DONE
5241,67347,2023-06-19T10:00:00,ID_RENEWAL,2,78,passed,2023-07-03T10:00:00,115.07,
5242,75678,2024-05-29T14:00:00,ID_RENEWAL,4,19,passed,2024-07-12T14:00:00,2.78,
5243,92143,2024-02-12T13:00:00,BIRTH_CERT,9,144,passed,2024-03-04T13:00:00,178.66,
5244,17162,2023-10-29T12:00:00,ID_RENEWAL,10,28,passed,2023-11-28T12:00:00,109.9,
5245,58456,2024-01-26T08:00:00,BUSINESS_PERMIT,6,67,rejected,2024-02-11T08:00:00,19.25,AUDIT_DONE
5246,62747,2023-08-26T03:00:00,BIRTH_CERT,3,90,passed,2023-09-30T03:00:00,21.6,
5247,86546,2024-05-27T14:00:00,FAMILY_STATUS,7,45,flagged,2024-07-21T14:00:00,994.16,AUDIT_DONE
5248,14866,2024-05-25T23:00:00,BIRTH_CERT,11,150,rejected,2024-06-24T23:00:00,24.41,AUDIT_DONE
5249,71111,2023-03-03T20:00:00,TAX_CERT,10,166,passed,2023-03-17T20:00:00,156.73,
5250,32608,2023-08-14T02:00:00,BUSINESS_PERMIT,6,127,passed,2023-09-07T02:00:00,84.86,
5251,44722,2023-03-26T08:00:00,FAMILY_STATUS,5,115,passed,2023-04-04T08:00:00,83.48,
5252,96454,2023-04-18T11:00:00,BIRTH_CERT,3,111,passed,2023-06-07T11:00:00,193.71,
5253,21312,2023-05-27T19:00:00,BIRTH_CERT,7,153,passed,2023-06-19T19:00:00,197.2,
5254,73583,2023-04-28T07:00:00,BUSINESS_PERMIT,12,119,passed,2023-06-06T07:00:00,50.86,
5255,42313,2023-05-19T00:00:00,BIRTH_CERT,10,49,flagged,2023-06-23T00:00:00,1769.57,AUDIT_DONE
5256,97833,2024-02-06T10:00:00,BUSINESS_PERMIT,12,43,passed,2024-03-14T10:00:00,34.72,
5257,44279,2023-01-03T22:00:00,FAMILY_STATUS,8,73,passed,2023-02-06T22:00:00,24.21,
5258,30305,2023-01-04T05:00:00,FAMILY_STATUS,7,178,passed,2023-01-29T05:00:00,70.46,
5259,29980,2023-12-28T10:00:00,ID_RENEWAL,7,23,passed,2024-01-31T10:00:00,28.68,
5260,11165,2023-08-01T17:00:00,BIRTH_CERT,5,32,flagged,2023-08-12T17:00:00,1232.1,AUDIT_DONE
5261,54468,2023-12-27T08:00:00,ID_RENEWAL,3,161,passed,2024-02-02T08:00:00,28.27,
5262,94833,2024-01-12T12:00:00,BIRTH_CERT,9,129,passed,2024-02-05T12:00:00,102.11,
5263,34660,2023-06-26T22:00:00,TAX_CERT,1,113,passed,2023-07-28T22:00:00,14.36,
5264,79402,2023-11-11T01:00:00,ID_RENEWAL,12,170,passed,2023-12-19T01:00:00,123.66,
5265,63664,2023-09-12T04:00:00,TAX_CERT,7,121,passed,2023-09-28T04:00:00,49.49,
5266,54006,2024-04-04T14:00:00,BIRTH_CERT,12,110,passed,2024-05-20T14:00:00,86.88,
5267,68503,2024-06-04T03:00:00,BUSINESS_PERMIT,10,163,flagged,2024-07-15T03:00:00,1714.78,AUDIT_DONE
5268,90029,2023-10-29T18:00:00,TAX_CERT,11,39,rejected,2023-12-13T18:00:00,14.48,AUDIT_DONE
5269,62859,2023-03-16T06:00:00,BUSINESS_PERMIT,7,126,passed,2023-04-02T06:00:00,176.97,
5270,53297,2024-05-31T08:00:00,TAX_CERT,12,155,rejected,2024-07-20T08:00:00,0.23,AUDIT_DONE
5271,14161,2024-02-19T20:00:00,TAX_CERT,7,113,passed,2024-03-08T20:00:00,41.85,
5272,11941,2023-03-19T12:00:00,FAMILY_STATUS,2,53,flagged,2023-05-03T12:00:00,1380.4,AUDIT_DONE
5273,36175,2023-09-07T09:00:00,ID_RENEWAL,1,54,passed,2023-09-26T09:00:00,106.8,
5274,46640,2023-11-23T21:00:00,BIRTH_CERT,12,25,passed,2023-12-25T21:00:00,21.08,
5275,88248,2023-01-12T05:00:00,TAX_CERT,4,109,passed,2023-01-26T05:00:00,11.66,
5276,19432,2024-05-27T16:00:00,ID_RENEWAL,12,158,passed,2024-06-15T16:00:00,73.07,
5277,57117,2023-12-29T08:00:00,BUSINESS_PERMIT,11,62,passed,2024-01-11T08:00:00,108.84,
5278,59490,2023-09-09T08:00:00,BUSINESS_PERMIT,2,82,passed,2023-10-29T08:00:00,16.89,
5279,47972,2023-01-13T16:00:00,BUSINESS_PERMIT,7,47,passed,2023-01-23T16:00:00,76.01,
5280,82377,2023-02-08T04:00:00,BIRTH_CERT,7,168,passed,2023-03-18T04:00:00,28.71,
5281,29191,2023-05-15T04:00:00,BUSINESS_PERMIT,6,27,passed,2023-07-05T04:00:00,110.05,
5282,79385,2023-04-12T07:00:00,FAMILY_STATUS,6,12,rejected,2023-04-22T07:00:00,6.27,AUDIT_DONE
5283,95407,2023-02-03T02:00:00,ID_RENEWAL,6,123,flagged,2023-03-13T02:00:00,1868.01,AUDIT_DONE
5284,90188,2024-02-09T04:00:00,BUSINESS_PERMIT,12,158,flagged,2024-03-23T04:00:00,877.15,AUDIT_DONE
5285,79913,2023-12-29T05:00:00,TAX_CERT,7,136,passed,2024-01-08T05:00:00,186.56,
5286,24904,2024-03-04T17:00:00,FAMILY_STATUS,2,101,passed,2024-03-21T17:00:00,161.9,
5287,69425,2023-02-12T14:00:00,ID_RENEWAL,4,121,rejected,2023-04-03T14:00:00,2.7,AUDIT_DONE
5288,13429,2023-10-15T06:00:00,ID_RENEWAL,10,5,passed,2023-10-31T06:00:00,2.0,
5289,10953,2023-12-16T23:00:00,TAX_CERT,11,101,passed,2024-01-22T23:00:00,159.22,
5290,91749,2023-10-19T15:00:00,BIRTH_CERT,5,132,flagged,2023-11-23T15:00:00,1871.38,AUDIT_DONE
5291,32821,2023-06-25T02:00:00,TAX_CERT,4,44,passed,2023-07-23T02:00:00,106.59,
5292,52988,2023-08-01T05:00:00,FAMILY_STATUS,3,148,passed,2023-09-26T05:00:00,135.8,
5293,99644,2023-02-08T03:00:00,FAMILY_STATUS,5,152,passed,2023-03-22T03:00:00,135.19,
5294,50800,2024-05-16T11:00:00,FAMILY_STATUS,5,61,passed,2024-06-17T11:00:00,101.17,
5295,85233,2023-10-02T14:00:00,TAX_CERT,9,14,passed,2023-12-01T14:00:00,162.8,
5296,41743,2023-10-04T13:00:00,BUSINESS_PERMIT,4,103,passed,2023-11-13T13:00:00,119.73,
5297,54064,2023-12-25T11:00:00,BIRTH_CERT,11,167,passed,2024-02-23T11:00:00,3.41,
5298,70918,2023-09-07T17:00:00,ID_RENEWAL,8,93,passed,2023-10-15T17:00:00,174.9,
5299,20197,2023-02-25T23:00:00,TAX_CERT,4,30,passed,2023-04-13T23:00:00,28.96,
5300,24416,2024-01-07T18:00:00,FAMILY_STATUS,12,129,passed,2024-01-29T18:00:00,38.59,
5301,63176,2024-03-06T18:00:00,ID_RENEWAL,7,68,passed,2024-04-01T18:00:00,9.75,
5302,34325,2023-04-03T19:00:00,ID_RENEWAL,11,52,rejected,2023-04-30T19:00:00,45.93,AUDIT_DONE
5303,60821,2024-03-21T05:00:00,FAMILY_STATUS,3,99,passed,2024-04-01T05:00:00,113.41,
5304,16879,2023-05-14T12:00:00,BIRTH_CERT,7,59,passed,2023-06-08T12:00:00,75.83,
5305,25869,2023-06-09T06:00:00,BIRTH_CERT,2,2,passed,2023-07-14T06:00:00,17.14,
5306,97277,2023-10-30T10:00:00,BIRTH_CERT,8,65,passed,2023-12-14T10:00:00,152.48,
5307,53609,2024-01-06T00:00:00,BUSINESS_PERMIT,9,19,passed,2024-01-13T00:00:00,141.95,
5308,57815,2024-03-27T07:00:00,BIRTH_CERT,11,92,passed,2024-04-17T07:00:00,83.44,
5309,41432,2024-01-13T02:00:00,ID_RENEWAL,8,111,passed,2024-01-27T02:00:00,36.42,
5310,17120,2023-06-03T22:00:00,BUSINESS_PERMIT,3,135,flagged,2023-06-16T22:00:00,1251.65,AUDIT_DONE
5311,35332,2024-02-29T10:00:00,FAMILY_STATUS,12,109,passed,2024-03-17T10:00:00,58.97,
5312,58130,2024-04-01T14:00:00,BUSINESS_PERMIT,8,74,passed,2024-04-10T14:00:00,60.2,
5313,91794,2023-03-29T15:00:00,BIRTH_CERT,6,50,passed,2023-05-18T15:00:00,142.67,
5314,79064,2024-05-20T22:00:00,BUSINESS_PERMIT,11,90,passed,2024-06-16T22:00:00,197.01,
5315,82592,2024-06-19T19:00:00,TAX_CERT,12,135,passed,2024-07-21T19:00:00,142.84,
5316,43824,2023-04-12T15:00:00,TAX_CERT,2,82,flagged,2023-04-23T15:00:00,935.99,AUDIT_DONE
5317,50023,2023-09-27T03:00:00,BUSINESS_PERMIT,3,75,flagged,2023-10-27T03:00:00,1400.9,AUDIT_DONE
5318,71598,2024-03-26T06:00:00,FAMILY_STATUS,2,173,rejected,2024-05-19T06:00:00,22.18,AUDIT_DONE
5319,51612,2023-04-05T18:00:00,ID_RENEWAL,1,175,passed,2023-05-01T18:00:00,119.42,
5320,95135,2023-12-27T15:00:00,ID_RENEWAL,12,2,passed,2024-01-10T15:00:00,1.49,
5321,14819,2024-05-19T12:00:00,ID_RENEWAL,2,119,passed,2024-07-06T12:00:00,20.85,
5322,97119,2023-04-17T21:00:00,BIRTH_CERT,3,116,passed,2023-04-29T21:00:00,44.33,
5323,86956,2023-03-31T14:00:00,BUSINESS_PERMIT,3,8,rejected,2023-05-07T14:00:00,48.24,AUDIT_DONE
5324,95191,2024-01-02T13:00:00,FAMILY_STATUS,5,4,passed,2024-02-20T13:00:00,113.95,
5325,29471,2023-10-25T04:00:00,FAMILY_STATUS,7,15,flagged,2023-12-06T04:00:00,1847.78,AUDIT_DONE
5326,49709,2023-03-18T03:00:00,ID_RENEWAL,7,72,passed,2023-04-05T03:00:00,152.46,
5327,28939,2023-05-06T08:00:00,FAMILY_STATUS,8,82,flagged,2023-06-09T08:00:00,1590.65,AUDIT_DONE
5328,48515,2024-06-24T04:00:00,TAX_CERT,3,59,rejected,2024-07-28T04:00:00,3.12,AUDIT_DONE
5329,88328,2023-03-17T02:00:00,FAMILY_STATUS,7,131,passed,2023-04-26T02:00:00,10.96,
5330,65387,2023-04-11T20:00:00,BUSINESS_PERMIT,12,87,passed,2023-06-01T20:00:00,47.61,
5331,40621,2023-11-23T04:00:00,ID_RENEWAL,2,127,passed,2023-12-12T04:00:00,51.42,
5332,94616,2024-03-19T08:00:00,FAMILY_STATUS,10,81,passed,2024-04-15T08:00:00,6.75,
5333,23661,2023-04-16T03:00:00,TAX_CERT,12,55,passed,2023-06-03T03:00:00,199.88,
5334,75059,2023-10-25T20:00:00,BIRTH_CERT,7,62,passed,2023-11-01T20:00:00,151.38,
5335,52104,2023-02-16T20:00:00,BUSINESS_PERMIT,8,138,passed,2023-04-11T20:00:00,167.12,
5336,45951,2024-01-20T01:00:00,ID_RENEWAL,2,143,flagged,2024-01-27T01:00:00,1432.27,AUDIT_DONE
5337,41515,2023-11-27T20:00:00,TAX_CERT,5,164,passed,2024-01-04T20:00:00,61.29,
5338,71446,2023-10-01T22:00:00,TAX_CERT,4,96,rejected,2023-11-15T22:00:00,41.49,AUDIT_DONE
5339,57218,2024-03-18T19:00:00,TAX_CERT,8,9,passed,2024-05-13T19:00:00,85.31,
5340,51912,2024-01-07T07:00:00,ID_RENEWAL,2,171,flagged,2024-03-05T07:00:00,1642.86,AUDIT_DONE
5341,25148,2023-09-18T00:00:00,BIRTH_CERT,10,55,passed,2023-11-11T00:00:00,16.52,
5342,12339,2023-12-02T19:00:00,BIRTH_CERT,7,143,passed,2024-01-19T19:00:00,89.54,
5343,14261,2024-01-03T05:00:00,BIRTH_CERT,10,6,passed,2024-02-01T05:00:00,157.57,
5344,30095,2023-12-25T15:00:00,BUSINESS_PERMIT,10,40,passed,2024-01-29T15:00:00,106.13,
5345,89377,2024-02-12T16:00:00,TAX_CERT,1,102,rejected,2024-03-28T16:00:00,37.05,AUDIT_DONE
5346,14618,2023-10-22T02:00:00,BUSINESS_PERMIT,7,163,passed,2023-11-15T02:00:00,119.37,
5347,76915,2023-07-01T23:00:00,BIRTH_CERT,8,132,passed,2023-07-09T23:00:00,178.49,
5348,25433,2023-02-25T12:00:00,BUSINESS_PERMIT,9,52,passed,2023-04-15T12:00:00,24.55,
5349,37481,2023-12-07T19:00:00,TAX_CERT,3,142,passed,2023-12-24T19:00:00,165.2,
5350,38074,2023-03-25T05:00:00,BIRTH_CERT,6,100,passed,2023-04-01T05:00:00,27.4,
5351,44236,2023-12-19T13:00:00,ID_RENEWAL,2,109,passed,2024-01-02T13:00:00,92.1,
5352,36417,2023-07-14T08:00:00,FAMILY_STATUS,3,128,passed,2023-07-30T08:00:00,98.91,
5353,23268,2024-05-18T07:00:00,FAMILY_STATUS,12,126,flagged,2024-07-14T07:00:00,1015.88,AUDIT_DONE
5354,73065,2023-06-04T00:00:00,FAMILY_STATUS,10,65,passed,2023-06-26T00:00:00,87.86,
5355,47681,2023-04-25T11:00:00,TAX_CERT,11,131,passed,2023-06-10T11:00:00,123.52,
5356,53254,2023-12-17T01:00:00,TAX_CERT,11,85,rejected,2024-02-12T01:00:00,6.8,AUDIT_DONE
5357,74447,2023-01-03T18:00:00,BUSINESS_PERMIT,6,92,passed,2023-02-14T18:00:00,147.84,
5358,86673,2023-08-18T12:00:00,FAMILY_STATUS,5,172,flagged,2023-09-23T12:00:00,1386.28,AUDIT_DONE
5359,19364,2024-04-09T04:00:00,TAX_CERT,4,134,flagged,2024-05-29T04:00:00,919.45,AUDIT_DONE
5360,19653,2023-06-02T02:00:00,TAX_CERT,4,83,passed,2023-07-19T02:00:00,131.94,
5361,98656,2023-08-01T01:00:00,ID_RENEWAL,2,8,passed,2023-09-25T01:00:00,37.54,
5362,47794,2023-07-02T08:00:00,ID_RENEWAL,7,148,passed,2023-08-27T08:00:00,105.05,
5363,83100,2023-06-24T06:00:00,BUSINESS_PERMIT,3,33,passed,2023-07-03T06:00:00,171.22,
5364,85434,2023-09-13T16:00:00,FAMILY_STATUS,6,122,passed,2023-11-07T16:00:00,153.63,
5365,83643,2023-08-01T18:00:00,BUSINESS_PERMIT,2,64,passed,2023-08-30T18:00:00,196.8,
5366,65607,2024-06-15T06:00:00,BIRTH_CERT,8,159,passed,2024-06-29T06:00:00,45.04,
5367,88126,2023-07-10T04:00:00,TAX_CERT,7,167,passed,2023-09-06T04:00:00,1.3,
5368,81231,2024-04-02T02:00:00,FAMILY_STATUS,6,28,passed,2024-05-07T02:00:00,14.9,
5369,80819,2023-10-04T22:00:00,ID_RENEWAL,10,140,passed,2023-10-26T22:00:00,154.52,
5370,40318,2023-07-22T14:00:00,BIRTH_CERT,11,72,rejected,2023-09-14T14:00:00,21.88,AUDIT_DONE
5371,44941,2023-05-07T03:00:00,BUSINESS_PERMIT,4,54,passed,2023-06-19T03:00:00,134.23,
5372,11999,2023-06-23T09:00:00,ID_RENEWAL,6,81,passed,2023-07-31T09:00:00,87.92,
5373,36799,2023-11-25T07:00:00,FAMILY_STATUS,6,83,passed,2023-12-10T07:00:00,101.54,
5374,84009,2023-04-14T21:00:00,TAX_CERT,2,131,passed,2023-05-02T21:00:00,111.08,
5375,73077,2024-06-13T10:00:00,BIRTH_CERT,1,35,flagged,2024-07-21T10:00:00,1441.93,AUDIT_DONE
5376,58640,2023-06-19T10:00:00,BUSINESS_PERMIT,9,125,flagged,2023-06-30T10:00:00,1063.02,AUDIT_DONE
5377,12115,2023-10-29T03:00:00,BUSINESS_PERMIT,6,61,passed,2023-12-24T03:00:00,6.66,
5378,62637,2024-02-25T13:00:00,TAX_CERT,11,127,passed,2024-04-16T13:00:00,178.03,
5379,22228,2023-08-27T02:00:00,ID_RENEWAL,2,147,flagged,2023-09-30T02:00:00,882.91,AUDIT_DONE
5380,24953,2023-12-07T10:00:00,TAX_CERT,12,57,passed,2023-12-27T10:00:00,48.98,
5381,11103,2023-09-19T21:00:00,TAX_CERT,1,59,passed,2023-10-25T21:00:00,124.55,
5382,80576,2024-05-12T18:00:00,BIRTH_CERT,11,167,passed,2024-07-09T18:00:00,82.83,
5383,15909,2023-05-21T01:00:00,BUSINESS_PERMIT,1,74,rejected,2023-06-05T01:00:00,18.55,AUDIT_DONE
5384,49134,2023-05-28T03:00:00,TAX_CERT,7,47,flagged,2023-07-18T03:00:00,1338.52,AUDIT_DONE
5385,52109,2023-11-02T13:00:00,ID_RENEWAL,9,70,rejected,2023-12-02T13:00:00,12.19,AUDIT_DONE
5386,38684,2024-03-10T10:00:00,BUSINESS_PERMIT,3,148,passed,2024-05-01T10:00:00,4.82,
5387,14483,2024-03-27T19:00:00,BIRTH_CERT,11,31,passed,2024-04-13T19:00:00,162.89,
5388,51127,2023-12-20T15:00:00,FAMILY_STATUS,9,170,rejected,2024-01-10T15:00:00,1.13,AUDIT_DONE
5389,80727,2023-01-12T17:00:00,FAMILY_STATUS,2,146,passed,2023-02-14T17:00:00,160.45,
5390,80599,2023-10-12T10:00:00,ID_RENEWAL,7,84,rejected,2023-12-05T10:00:00,22.33,AUDIT_DONE
5391,93341,2024-04-02T08:00:00,FAMILY_STATUS,5,48,passed,2024-04-12T08:00:00,62.92,
5392,11260,2023-03-28T11:00:00,BIRTH_CERT,12,171,passed,2023-04-21T11:00:00,96.87,
5393,88217,2023-06-28T01:00:00,TAX_CERT,2,101,passed,2023-08-12T01:00:00,159.78,
5394,49743,2023-02-06T00:00:00,ID_RENEWAL,2,58,flagged,2023-02-18T00:00:00,1836.91,AUDIT_DONE
5395,84830,2023-12-24T23:00:00,ID_RENEWAL,11,138,passed,2024-01-01T23:00:00,126.02,
5396,11776,2023-09-18T08:00:00,ID_RENEWAL,7,92,passed,2023-09-28T08:00:00,51.48,
5397,43019,2023-10-28T01:00:00,BIRTH_CERT,1,75,flagged,2023-11-26T01:00:00,1105.84,AUDIT_DONE
5398,67766,2024-04-18T12:00:00,FAMILY_STATUS,9,55,passed,2024-06-15T12:00:00,193.55,
5399,89300,2023-06-24T11:00:00,TAX_CERT,7,5,passed,2023-08-07T11:00:00,179.04,
5400,35220,2023-10-16T12:00:00,BIRTH_CERT,7,35,passed,2023-10-28T12:00:00,84.41,
5401,24693,2023-02-10T22:00:00,TAX_CERT,8,155,passed,2023-03-21T22:00:00,15.82,
5402,98478,2023-04-20T12:00:00,ID_RENEWAL,6,46,passed,2023-06-01T12:00:00,74.57,
5403,12822,2024-01-12T18:00:00,BUSINESS_PERMIT,6,155,passed,2024-02-09T18:00:00,48.05,
5404,73464,2023-03-14T15:00:00,BUSINESS_PERMIT,5,19,passed,2023-04-20T15:00:00,136.75,
5405,30487,2023-07-13T03:00:00,TAX_CERT,11,11,passed,2023-09-07T03:00:00,178.54,
5406,59250,2023-05-05T18:00:00,ID_RENEWAL,8,103,passed,2023-05-31T18:00:00,32.43,
5407,57903,2024-02-28T16:00:00,BIRTH_CERT,5,75,passed,2024-03-24T16:00:00,118.74,
5408,34277,2023-07-04T08:00:00,BIRTH_CERT,11,79,passed,2023-07-25T08:00:00,132.86,
5409,99502,2023-03-10T02:00:00,FAMILY_STATUS,4,114,passed,2023-05-03T02:00:00,54.37,
5410,52547,2024-05-19T22:00:00,BIRTH_CERT,10,41,flagged,2024-07-10T22:00:00,1349.07,AUDIT_DONE
5411,50075,2023-04-05T22:00:00,ID_RENEWAL,5,77,rejected,2023-05-18T22:00:00,45.47,AUDIT_DONE
5412,43432,2023-01-06T18:00:00,BUSINESS_PERMIT,11,80,passed,2023-02-16T18:00:00,170.15,
5413,75947,2023-08-29T18:00:00,BUSINESS_PERMIT,3,165,flagged,2023-10-28T18:00:00,1472.42,AUDIT_DONE
5414,72566,2023-01-19T20:00:00,BUSINESS_PERMIT,8,63,passed,2023-03-10T20:00:00,133.22,
5415,45938,2023-09-18T18:00:00,TAX_CERT,8,53,passed,2023-10-10T18:00:00,9.06,
5416,26619,2023-12-26T03:00:00,BIRTH_CERT,10,26,flagged,2024-01-29T03:00:00,1345.49,AUDIT_DONE
5417,62465,2024-04-02T09:00:00,ID_RENEWAL,8,112,flagged,2024-05-23T09:00:00,1319.04,AUDIT_DONE
5418,43176,2023-03-25T18:00:00,TAX_CERT,2,154,passed,2023-04-25T18:00:00,72.96,
5419,85939,2023-12-17T18:00:00,BUSINESS_PERMIT,11,167,passed,2024-01-20T18:00:00,22.64,
5420,25306,2023-01-16T16:00:00,ID_RENEWAL,6,108,flagged,2023-02-28T16:00:00,1337.0,AUDIT_DONE
5421,97937,2024-01-19T20:00:00,BUSINESS_PERMIT,7,55,flagged,2024-03-07T20:00:00,1680.42,AUDIT_DONE
5422,73087,2024-05-11T01:00:00,ID_RENEWAL,11,78,flagged,2024-06-17T01:00:00,1742.12,AUDIT_DONE
5423,27664,2023-10-06T01:00:00,FAMILY_STATUS,6,116,flagged,2023-10-16T01:00:00,1361.68,AUDIT_DONE
5424,46985,2023-01-19T22:00:00,ID_RENEWAL,2,93,passed,2023-03-06T22:00:00,56.42,
5425,74305,2023-11-25T14:00:00,FAMILY_STATUS,6,34,passed,2023-12-15T14:00:00,198.67,
5426,97700,2023-10-01T23:00:00,BUSINESS_PERMIT,9,69,passed,2023-11-22T23:00:00,146.51,
5427,34083,2024-02-04T21:00:00,ID_RENEWAL,7,54,passed,2024-02-28T21:00:00,67.65,
5428,68892,2023-12-08T00:00:00,TAX_CERT,10,88,rejected,2024-01-27T00:00:00,39.02,AUDIT_DONE
5429,28731,2024-04-26T23:00:00,BUSINESS_PERMIT,8,34,passed,2024-06-21T23:00:00,141.35,
5430,82787,2024-02-03T18:00:00,BIRTH_CERT,6,173,passed,2024-02-13T18:00:00,111.26,
5431,40769,2023-10-07T05:00:00,BUSINESS_PERMIT,12,166,rejected,2023-10-15T05:00:00,40.85,AUDIT_DONE
5432,67039,2024-03-09T19:00:00,FAMILY_STATUS,9,8,flagged,2024-04-14T19:00:00,1024.88,AUDIT_DONE
5433,47417,2023-09-28T17:00:00,TAX_CERT,3,165,rejected,2023-11-26T17:00:00,30.0,AUDIT_DONE
5434,66669,2024-01-05T01:00:00,FAMILY_STATUS,1,124,passed,2024-01-18T01:00:00,79.62,
5435,74352,2023-08-18T15:00:00,ID_RENEWAL,8,120,passed,2023-09-11T15:00:00,51.21,
5436,66141,2024-03-06T09:00:00,BIRTH_CERT,10,17,passed,2024-04-25T09:00:00,77.92,
5437,55123,2023-12-08T00:00:00,ID_RENEWAL,11,121,flagged,2023-12-26T00:00:00,1211.73,AUDIT_DONE
5438,18123,2023-04-12T12:00:00,BUSINESS_PERMIT,10,19,passed,2023-05-22T12:00:00,122.61,
5439,18298,2024-06-05T04:00:00,TAX_CERT,4,14,passed,2024-07-15T04:00:00,9.22,
5440,72957,2023-08-09T23:00:00,FAMILY_STATUS,5,149,passed,2023-10-04T23:00:00,41.7,
5441,46530,2023-08-26T05:00:00,BIRTH_CERT,7,147,flagged,2023-10-21T05:00:00,1010.71,AUDIT_DONE
5442,93716,2023-10-16T03:00:00,FAMILY_STATUS,9,1,passed,2023-11-28T03:00:00,75.87,
5443,44451,2023-05-01T03:00:00,ID_RENEWAL,11,178,passed,2023-06-03T03:00:00,169.41,
5444,22377,2023-09-11T02:00:00,FAMILY_STATUS,2,139,passed,2023-10-26T02:00:00,92.43,
5445,13603,2024-03-21T11:00:00,TAX_CERT,10,90,passed,2024-04-06T11:00:00,16.42,
5446,66652,2023-08-25T18:00:00,BUSINESS_PERMIT,12,16,rejected,2023-09-25T18:00:00,30.14,AUDIT_DONE
5447,83088,2023-09-17T04:00:00,TAX_CERT,4,147,rejected,2023-10-06T04:00:00,14.5,AUDIT_DONE
5448,60450,2024-05-08T11:00:00,TAX_CERT,11,74,flagged,2024-06-03T11:00:00,1435.88,AUDIT_DONE
5449,52533,2024-04-30T23:00:00,ID_RENEWAL,8,62,passed,2024-06-25T23:00:00,109.98,
5450,99624,2023-09-07T00:00:00,ID_RENEWAL,12,46,flagged,2023-09-22T00:00:00,1369.88,AUDIT_DONE
5451,53254,2024-04-09T18:00:00,FAMILY_STATUS,4,20,passed,2024-06-08T18:00:00,71.55,
5452,95804,2023-07-22T05:00:00,FAMILY_STATUS,7,114,passed,2023-09-20T05:00:00,29.14,
5453,70472,2024-06-07T07:00:00,BUSINESS_PERMIT,12,120,passed,2024-07-29T07:00:00,190.83,
5454,20388,2023-09-04T23:00:00,TAX_CERT,9,171,passed,2023-10-19T23:00:00,166.42,
5455,80565,2024-06-23T13:00:00,BUSINESS_PERMIT,8,43,passed,2024-07-31T13:00:00,96.03,
5456,31678,2023-03-27T01:00:00,BIRTH_CERT,5,5,passed,2023-05-23T01:00:00,140.99,
5457,51516,2024-01-22T19:00:00,BUSINESS_PERMIT,7,81,passed,2024-02-04T19:00:00,149.87,
5458,44586,2023-08-14T02:00:00,ID_RENEWAL,11,132,passed,2023-08-22T02:00:00,3.65,
5459,46677,2023-01-09T14:00:00,TAX_CERT,2,146,passed,2023-03-08T14:00:00,119.03,
5460,48155,2023-09-12T14:00:00,BIRTH_CERT,1,47,passed,2023-09-25T14:00:00,87.56,
5461,37397,2024-02-10T07:00:00,ID_RENEWAL,6,82,passed,2024-03-11T07:00:00,116.49,
5462,39523,2023-03-23T00:00:00,ID_RENEWAL,2,83,passed,2023-04-27T00:00:00,73.88,
5463,97042,2023-08-13T15:00:00,BUSINESS_PERMIT,1,178,passed,2023-08-24T15:00:00,139.47,
5464,13639,2023-10-09T18:00:00,BUSINESS_PERMIT,4,24,rejected,2023-11-11T18:00:00,22.55,AUDIT_DONE
5465,37932,2023-08-27T00:00:00,BUSINESS_PERMIT,3,27,flagged,2023-10-01T00:00:00,1640.24,AUDIT_DONE
5466,10746,2023-08-07T07:00:00,ID_RENEWAL,10,124,flagged,2023-08-19T07:00:00,1590.76,AUDIT_DONE
5467,90816,2023-10-24T18:00:00,TAX_CERT,3,106,passed,2023-12-05T18:00:00,165.42,
5468,37356,2023-06-13T23:00:00,BIRTH_CERT,11,67,passed,2023-06-24T23:00:00,0.02,
5469,32422,2024-01-26T10:00:00,FAMILY_STATUS,5,178,passed,2024-02-05T10:00:00,185.31,
5470,71729,2023-03-29T08:00:00,ID_RENEWAL,4,88,passed,2023-04-22T08:00:00,8.29,
5471,54428,2023-03-07T17:00:00,ID_RENEWAL,12,8,rejected,2023-04-02T17:00:00,1.63,AUDIT_DONE
5472,52988,2023-03-26T10:00:00,BIRTH_CERT,12,63,rejected,2023-05-08T10:00:00,35.39,AUDIT_DONE
5473,45917,2024-02-21T01:00:00,BUSINESS_PERMIT,3,124,passed,2024-04-19T01:00:00,156.09,
5474,53553,2024-05-11T19:00:00,BUSINESS_PERMIT,7,107,passed,2024-06-19T19:00:00,65.47,
5475,50581,2023-06-03T10:00:00,BUSINESS_PERMIT,8,90,passed,2023-06-21T10:00:00,54.67,
5476,75566,2023-09-25T01:00:00,BUSINESS_PERMIT,7,152,flagged,2023-11-15T01:00:00,1595.51,AUDIT_DONE
5477,77924,2023-04-23T23:00:00,TAX_CERT,8,87,flagged,2023-06-16T23:00:00,1855.77,AUDIT_DONE
5478,22731,2024-05-25T15:00:00,BUSINESS_PERMIT,2,30,passed,2024-07-21T15:00:00,111.62,
5479,53295,2023-02-26T11:00:00,FAMILY_STATUS,9,6,rejected,2023-04-16T11:00:00,28.38,AUDIT_DONE
5480,52742,2024-05-16T01:00:00,ID_RENEWAL,9,44,passed,2024-06-16T01:00:00,147.6,
5481,28009,2023-09-26T08:00:00,BIRTH_CERT,12,75,passed,2023-10-20T08:00:00,59.8,
5482,80623,2023-09-24T04:00:00,ID_RENEWAL,12,104,passed,2023-11-03T04:00:00,125.83,
5483,77082,2023-12-21T01:00:00,BUSINESS_PERMIT,2,85,flagged,2024-02-08T01:00:00,1072.8,AUDIT_DONE
5484,15636,2023-07-01T13:00:00,FAMILY_STATUS,9,65,flagged,2023-08-05T13:00:00,1936.84,AUDIT_DONE
5485,48641,2023-05-27T08:00:00,TAX_CERT,2,106,flagged,2023-06-10T08:00:00,1598.34,AUDIT_DONE
5486,15779,2023-01-06T14:00:00,BUSINESS_PERMIT,7,169,passed,2023-01-13T14:00:00,87.83,
5487,39573,2023-03-21T08:00:00,BIRTH_CERT,4,110,passed,2023-05-09T08:00:00,94.48,
5488,70160,2024-04-23T12:00:00,ID_RENEWAL,7,27,passed,2024-05-07T12:00:00,62.58,
5489,69920,2023-11-27T01:00:00,FAMILY_STATUS,1,127,passed,2024-01-26T01:00:00,16.07,
5490,72030,2023-04-24T22:00:00,BIRTH_CERT,12,138,flagged,2023-05-29T22:00:00,806.53,AUDIT_DONE
5491,23454,2023-09-14T05:00:00,BIRTH_CERT,9,73,rejected,2023-10-18T05:00:00,18.13,AUDIT_DONE
5492,22103,2024-03-14T15:00:00,BIRTH_CERT,8,12,passed,2024-05-04T15:00:00,97.62,
5493,36909,2023-06-13T05:00:00,ID_RENEWAL,9,60,passed,2023-07-06T05:00:00,172.83,
5494,91547,2023-06-04T03:00:00,BUSINESS_PERMIT,6,41,passed,2023-07-04T03:00:00,35.34,
5495,17128,2023-08-16T06:00:00,BIRTH_CERT,7,119,rejected,2023-10-06T06:00:00,14.02,AUDIT_DONE
5496,47561,2023-04-15T05:00:00,BUSINESS_PERMIT,11,12,passed,2023-05-09T05:00:00,116.8,
5497,33116,2024-02-05T18:00:00,TAX_CERT,12,137,rejected,2024-02-17T18:00:00,26.97,AUDIT_DONE
5498,11908,2023-12-17T12:00:00,BIRTH_CERT,3,16,passed,2024-02-09T12:00:00,82.99,
5499,62878,2023-02-09T04:00:00,TAX_CERT,6,126,flagged,2023-02-20T04:00:00,846.18,AUDIT_DONE
5500,58714,2023-02-18T23:00:00,FAMILY_STATUS,11,102,flagged,2023-03-11T23:00:00,1349.21,AUDIT_DONE
5501,20077,2023-12-27T19:00:00,BUSINESS_PERMIT,2,82,passed,2024-01-27T19:00:00,87.62,
5502,61978,2024-02-28T04:00:00,TAX_CERT,10,104,flagged,2024-04-09T04:00:00,1961.93,AUDIT_DONE
5503,73986,2024-01-31T01:00:00,TAX_CERT,3,93,passed,2024-03-10T01:00:00,172.35,
5504,16029,2023-05-28T01:00:00,BIRTH_CERT,10,38,passed,2023-06-27T01:00:00,174.62,
5505,70697,2023-01-21T12:00:00,TAX_CERT,10,69,passed,2023-03-20T12:00:00,87.84,
5506,17330,2024-05-24T03:00:00,ID_RENEWAL,9,52,passed,2024-06-07T03:00:00,57.5,
5507,83867,2023-01-05T13:00:00,TAX_CERT,7,83,passed,2023-01-27T13:00:00,103.05,
5508,95210,2023-01-28T00:00:00,BUSINESS_PERMIT,5,111,passed,2023-02-24T00:00:00,140.31,
5509,15000,2023-01-02T22:00:00,BUSINESS_PERMIT,9,156,passed,2023-02-09T22:00:00,190.35,
5510,47306,2023-10-10T18:00:00,FAMILY_STATUS,11,63,passed,2023-10-17T18:00:00,124.76,
5511,41795,2024-04-23T19:00:00,ID_RENEWAL,1,163,flagged,2024-06-04T19:00:00,1177.86,AUDIT_DONE
5512,30946,2023-09-27T15:00:00,BUSINESS_PERMIT,1,33,passed,2023-10-05T15:00:00,105.95,
5513,16260,2024-03-11T08:00:00,FAMILY_STATUS,6,30,rejected,2024-05-06T08:00:00,0.22,AUDIT_DONE
5514,53044,2023-02-21T03:00:00,FAMILY_STATUS,10,140,rejected,2023-03-31T03:00:00,16.39,AUDIT_DONE
5515,73532,2024-05-08T06:00:00,FAMILY_STATUS,9,131,flagged,2024-05-26T06:00:00,1450.33,AUDIT_DONE
5516,68250,2023-01-25T12:00:00,TAX_CERT,3,131,passed,2023-02-01T12:00:00,65.1,
5517,57281,2023-12-19T10:00:00,ID_RENEWAL,4,48,passed,2024-01-29T10:00:00,138.69,
5518,20567,2023-11-24T11:00:00,ID_RENEWAL,1,30,passed,2023-12-30T11:00:00,31.4,
5519,11764,2024-03-24T17:00:00,FAMILY_STATUS,9,122,passed,2024-04-22T17:00:00,196.06,
5520,21507,2023-05-06T06:00:00,BIRTH_CERT,10,178,passed,2023-05-30T06:00:00,106.12,
5521,10424,2023-01-26T11:00:00,BUSINESS_PERMIT,12,24,flagged,2023-02-03T11:00:00,922.19,AUDIT_DONE
5522,66075,2023-09-22T20:00:00,BIRTH_CERT,1,71,flagged,2023-10-20T20:00:00,1248.42,AUDIT_DONE
5523,60157,2023-08-06T06:00:00,BIRTH_CERT,3,122,passed,2023-10-02T06:00:00,124.99,
5524,84363,2023-09-29T14:00:00,TAX_CERT,4,131,passed,2023-10-08T14:00:00,122.35,
5525,64103,2024-01-14T05:00:00,TAX_CERT,4,155,passed,2024-02-13T05:00:00,195.75,
5526,36684,2024-02-26T01:00:00,BUSINESS_PERMIT,8,21,passed,2024-03-11T01:00:00,165.89,
5527,19111,2023-07-30T19:00:00,BIRTH_CERT,5,158,passed,2023-09-09T19:00:00,129.04,
5528,37205,2023-08-16T13:00:00,BUSINESS_PERMIT,7,149,passed,2023-09-11T13:00:00,37.94,
5529,51303,2023-12-25T21:00:00,BIRTH_CERT,12,50,passed,2024-02-17T21:00:00,61.25,
5530,81178,2023-10-14T11:00:00,BIRTH_CERT,7,142,flagged,2023-12-08T11:00:00,1241.79,AUDIT_DONE
5531,80006,2023-11-24T03:00:00,BUSINESS_PERMIT,5,98,flagged,2023-12-07T03:00:00,1747.73,AUDIT_DONE
5532,36014,2024-05-05T13:00:00,ID_RENEWAL,4,62,rejected,2024-05-20T13:00:00,37.98,AUDIT_DONE
5533,92752,2023-10-15T04:00:00,TAX_CERT,4,62,flagged,2023-11-24T04:00:00,1629.8,AUDIT_DONE
5534,90030,2023-04-17T21:00:00,TAX_CERT,10,99,passed,2023-04-25T21:00:00,29.04,
5535,81600,2024-05-22T00:00:00,BUSINESS_PERMIT,5,2,passed,2024-07-17T00:00:00,62.07,
5536,30031,2024-01-24T13:00:00,BUSINESS_PERMIT,9,78,passed,2024-03-12T13:00:00,162.36,
5537,64849,2023-02-13T23:00:00,BUSINESS_PERMIT,3,119,passed,2023-03-30T23:00:00,146.74,
5538,35366,2023-07-27T13:00:00,BIRTH_CERT,9,8,passed,2023-09-03T13:00:00,194.19,
5539,83956,2023-03-01T17:00:00,BUSINESS_PERMIT,9,38,passed,2023-03-10T17:00:00,176.59,
5540,16602,2023-01-31T02:00:00,BUSINESS_PERMIT,10,149,passed,2023-03-10T02:00:00,58.92,
5541,83851,2024-01-06T03:00:00,BIRTH_CERT,9,178,rejected,2024-01-13T03:00:00,6.93,AUDIT_DONE
5542,76255,2024-02-28T06:00:00,ID_RENEWAL,7,118,passed,2024-03-17T06:00:00,197.04,
5543,76086,2024-03-09T17:00:00,BIRTH_CERT,10,100,passed,2024-04-10T17:00:00,75.68,
5544,58429,2023-03-06T05:00:00,TAX_CERT,8,151,passed,2023-03-23T05:00:00,145.38,
5545,19840,2023-09-30T12:00:00,BUSINESS_PERMIT,6,129,rejected,2023-11-25T12:00:00,21.11,AUDIT_DONE
5546,69813,2023-05-18T05:00:00,BIRTH_CERT,11,74,passed,2023-07-14T05:00:00,122.23,
5547,44655,2024-03-29T00:00:00,BIRTH_CERT,4,32,passed,2024-04-18T00:00:00,12.46,
5548,69775,2023-01-05T19:00:00,BIRTH_CERT,9,89,flagged,2023-02-14T19:00:00,1110.17,AUDIT_DONE
5549,51722,2023-02-15T08:00:00,BIRTH_CERT,9,64,passed,2023-04-13T08:00:00,83.3,
5550,38383,2024-01-22T22:00:00,ID_RENEWAL,8,163,passed,2024-02-04T22:00:00,11.98,
5551,49012,2024-05-31T22:00:00,ID_RENEWAL,1,109,flagged,2024-07-03T22:00:00,1697.23,AUDIT_DONE
5552,93931,2023-11-24T20:00:00,ID_RENEWAL,10,148,passed,2023-12-15T20:00:00,136.75,
5553,32672,2024-05-25T23:00:00,FAMILY_STATUS,9,3,flagged,2024-07-04T23:00:00,1053.98,AUDIT_DONE
5554,79140,2023-09-04T14:00:00,BUSINESS_PERMIT,2,33,passed,2023-10-14T14:00:00,175.37,
5555,93440,2023-01-24T09:00:00,ID_RENEWAL,2,86,flagged,2023-03-06T09:00:00,1184.04,AUDIT_DONE
5556,31900,2023-08-29T20:00:00,ID_RENEWAL,12,113,passed,2023-10-27T20:00:00,15.57,
5557,88943,2024-05-04T21:00:00,FAMILY_STATUS,6,100,rejected,2024-06-18T21:00:00,13.51,AUDIT_DONE
5558,39626,2023-09-16T07:00:00,ID_RENEWAL,4,29,passed,2023-10-21T07:00:00,108.92,
5559,50489,2023-12-27T20:00:00,ID_RENEWAL,10,123,passed,2024-02-05T20:00:00,26.97,
5560,53522,2024-03-27T16:00:00,BUSINESS_PERMIT,5,103,passed,2024-04-10T16:00:00,2.71,
5561,73672,2024-04-04T09:00:00,BIRTH_CERT,7,99,passed,2024-05-25T09:00:00,119.98,
5562,49413,2023-11-21T13:00:00,TAX_CERT,6,162,passed,2024-01-09T13:00:00,180.59,
5563,85045,2023-09-27T10:00:00,BIRTH_CERT,9,109,passed,2023-10-15T10:00:00,34.9,
5564,45560,2023-02-26T14:00:00,ID_RENEWAL,3,35,rejected,2023-04-13T14:00:00,21.0,AUDIT_DONE
5565,39840,2024-03-19T21:00:00,BIRTH_CERT,1,26,passed,2024-04-01T21:00:00,154.7,
5566,38656,2023-06-17T14:00:00,TAX_CERT,12,60,passed,2023-07-27T14:00:00,134.18,
5567,30333,2023-05-19T06:00:00,FAMILY_STATUS,9,171,flagged,2023-06-03T06:00:00,1429.68,AUDIT_DONE
5568,66456,2023-09-16T13:00:00,ID_RENEWAL,11,129,flagged,2023-10-19T13:00:00,1024.06,AUDIT_DONE
5569,16790,2023-03-03T07:00:00,BIRTH_CERT,6,103,passed,2023-04-14T07:00:00,53.74,
5570,85972,2023-11-16T06:00:00,TAX_CERT,8,167,rejected,2024-01-15T06:00:00,35.3,AUDIT_DONE
5571,14122,2024-02-25T04:00:00,ID_RENEWAL,8,60,passed,2024-03-28T04:00:00,0.81,
5572,14767,2023-03-21T04:00:00,BIRTH_CERT,7,106,flagged,2023-05-07T04:00:00,1826.42,AUDIT_DONE
5573,10832,2024-03-20T02:00:00,ID_RENEWAL,5,155,flagged,2024-04-01T02:00:00,1479.88,AUDIT_DONE
5574,50488,2023-04-19T13:00:00,FAMILY_STATUS,7,92,flagged,2023-05-16T13:00:00,1511.45,AUDIT_DONE
5575,45227,2023-11-15T23:00:00,BUSINESS_PERMIT,4,10,passed,2023-12-25T23:00:00,94.91,
5576,30482,2023-05-14T20:00:00,ID_RENEWAL,12,126,flagged,2023-07-01T20:00:00,1834.63,AUDIT_DONE
5577,76380,2023-11-19T05:00:00,BUSINESS_PERMIT,12,34,passed,2024-01-01T05:00:00,134.96,
5578,58957,2023-07-22T01:00:00,BUSINESS_PERMIT,8,51,passed,2023-08-23T01:00:00,82.33,
5579,62955,2023-04-19T01:00:00,ID_RENEWAL,12,115,passed,2023-06-07T01:00:00,106.44,
5580,29244,2023-05-01T15:00:00,FAMILY_STATUS,2,55,passed,2023-06-17T15:00:00,50.57,
5581,43716,2023-02-04T00:00:00,TAX_CERT,7,70,passed,2023-03-09T00:00:00,195.75,
5582,66499,2023-11-14T18:00:00,FAMILY_STATUS,11,79,flagged,2023-11-29T18:00:00,1296.68,AUDIT_DONE
5583,20424,2023-03-04T10:00:00,ID_RENEWAL,4,73,passed,2023-03-27T10:00:00,98.07,
5584,35198,2024-02-26T00:00:00,BIRTH_CERT,3,131,passed,2024-03-26T00:00:00,114.6,
5585,83895,2024-05-25T10:00:00,TAX_CERT,6,154,passed,2024-06-21T10:00:00,112.19,
5586,79391,2023-03-02T08:00:00,TAX_CERT,12,18,passed,2023-03-19T08:00:00,176.32,
5587,12683,2023-08-22T01:00:00,TAX_CERT,2,103,rejected,2023-09-12T01:00:00,13.69,AUDIT_DONE
5588,47652,2023-05-18T19:00:00,TAX_CERT,8,118,flagged,2023-07-13T19:00:00,1153.89,AUDIT_DONE
5589,78852,2023-08-22T22:00:00,BUSINESS_PERMIT,3,152,flagged,2023-09-27T22:00:00,1214.06,AUDIT_DONE
5590,69561,2024-05-25T22:00:00,TAX_CERT,11,73,flagged,2024-07-01T22:00:00,864.55,AUDIT_DONE
5591,29705,2023-09-26T20:00:00,BIRTH_CERT,11,101,flagged,2023-11-02T20:00:00,1896.21,AUDIT_DONE
5592,92289,2023-08-05T21:00:00,ID_RENEWAL,5,27,passed,2023-09-09T21:00:00,2.03,
5593,90426,2023-01-23T01:00:00,BIRTH_CERT,10,147,passed,2023-02-10T01:00:00,58.32,
5594,25873,2023-06-19T18:00:00,TAX_CERT,10,64,passed,2023-07-04T18:00:00,127.21,
5595,16594,2024-05-29T04:00:00,TAX_CERT,7,92,passed,2024-07-05T04:00:00,192.08,
5596,83892,2023-10-19T16:00:00,BIRTH_CERT,10,19,passed,2023-11-25T16:00:00,128.65,
5597,59663,2023-04-01T11:00:00,FAMILY_STATUS,9,67,passed,2023-04-30T11:00:00,135.71,
5598,17323,2023-04-30T20:00:00,BUSINESS_PERMIT,3,58,passed,2023-05-24T20:00:00,183.83,
5599,41370,2023-01-28T16:00:00,BIRTH_CERT,1,107,flagged,2023-03-22T16:00:00,1059.75,AUDIT_DONE
5600,95959,2023-12-03T19:00:00,FAMILY_STATUS,11,75,passed,2024-01-13T19:00:00,186.59,
5601,26188,2023-11-30T19:00:00,TAX_CERT,1,121,passed,2024-01-29T19:00:00,138.19,
5602,50444,2024-06-19T05:00:00,TAX_CERT,2,164,passed,2024-07-21T05:00:00,14.27,
5603,82564,2023-04-07T21:00:00,BIRTH_CERT,9,21,passed,2023-05-15T21:00:00,52.52,
5604,68189,2023-08-11T14:00:00,ID_RENEWAL,11,117,passed,2023-08-19T14:00:00,11.65,
5605,97651,2024-01-15T20:00:00,TAX_CERT,12,6,passed,2024-02-15T20:00:00,186.53,
5606,36497,2023-07-09T14:00:00,TAX_CERT,7,46,rejected,2023-09-02T14:00:00,35.69,AUDIT_DONE
5607,78848,2024-03-13T10:00:00,ID_RENEWAL,8,40,passed,2024-04-27T10:00:00,153.8,
5608,93989,2023-09-19T23:00:00,TAX_CERT,8,11,passed,2023-11-15T23:00:00,124.3,
5609,95428,2024-03-27T19:00:00,TAX_CERT,9,128,passed,2024-05-17T19:00:00,65.76,
5610,57441,2024-03-21T06:00:00,FAMILY_STATUS,7,145,flagged,2024-04-16T06:00:00,1772.91,AUDIT_DONE
5611,57490,2023-10-02T03:00:00,BUSINESS_PERMIT,11,151,passed,2023-11-10T03:00:00,44.91,
5612,23186,2023-06-07T16:00:00,BUSINESS_PERMIT,3,103,flagged,2023-06-15T16:00:00,1690.84,AUDIT_DONE
5613,47232,2023-12-27T03:00:00,BUSINESS_PERMIT,6,155,flagged,2024-02-02T03:00:00,1176.39,AUDIT_DONE
5614,19263,2024-05-20T03:00:00,BUSINESS_PERMIT,6,165,passed,2024-06-09T03:00:00,44.78,
5615,60190,2023-08-22T02:00:00,ID_RENEWAL,11,55,passed,2023-09-19T02:00:00,163.46,
5616,24753,2024-03-09T23:00:00,ID_RENEWAL,2,119,passed,2024-03-25T23:00:00,126.09,
5617,83800,2023-01-21T01:00:00,FAMILY_STATUS,3,128,passed,2023-03-08T01:00:00,61.54,
5618,26414,2024-06-18T21:00:00,FAMILY_STATUS,8,15,flagged,2024-08-04T21:00:00,1221.24,AUDIT_DONE
5619,22524,2023-08-21T16:00:00,BIRTH_CERT,11,14,flagged,2023-09-09T16:00:00,1742.69,AUDIT_DONE
5620,37288,2023-01-03T10:00:00,TAX_CERT,4,127,flagged,2023-02-17T10:00:00,1259.69,AUDIT_DONE
5621,47615,2024-04-23T20:00:00,BUSINESS_PERMIT,10,176,passed,2024-05-31T20:00:00,174.2,
5622,21645,2023-07-11T05:00:00,ID_RENEWAL,7,132,passed,2023-07-30T05:00:00,95.15,
5623,27563,2023-12-23T05:00:00,ID_RENEWAL,11,67,flagged,2024-01-30T05:00:00,1047.69,AUDIT_DONE
5624,49293,2024-03-31T10:00:00,FAMILY_STATUS,8,155,passed,2024-05-18T10:00:00,19.41,
5625,85325,2023-10-02T03:00:00,BUSINESS_PERMIT,10,145,passed,2023-11-21T03:00:00,54.03,
5626,28495,2023-06-30T20:00:00,BUSINESS_PERMIT,5,172,passed,2023-08-12T20:00:00,55.59,
5627,93383,2024-04-02T21:00:00,BUSINESS_PERMIT,2,91,passed,2024-05-21T21:00:00,184.69,
5628,80993,2024-06-24T10:00:00,TAX_CERT,1,166,passed,2024-07-08T10:00:00,64.1,
5629,95593,2023-12-24T02:00:00,BIRTH_CERT,11,31,flagged,2024-01-05T02:00:00,1925.24,AUDIT_DONE
5630,46414,2024-03-20T14:00:00,FAMILY_STATUS,3,5,passed,2024-04-13T14:00:00,115.81,
5631,99954,2024-02-29T13:00:00,BUSINESS_PERMIT,2,159,passed,2024-04-05T13:00:00,80.48,
5632,10192,2023-01-10T02:00:00,ID_RENEWAL,12,86,passed,2023-02-03T02:00:00,54.06,
5633,49858,2023-01-02T05:00:00,BUSINESS_PERMIT,7,168,passed,2023-02-22T05:00:00,90.72,
5634,28254,2024-01-15T13:00:00,BIRTH_CERT,11,102,passed,2024-02-03T13:00:00,91.6,
5635,78111,2024-05-03T15:00:00,FAMILY_STATUS,5,22,flagged,2024-06-06T15:00:00,1205.07,AUDIT_DONE
5636,65866,2023-01-22T23:00:00,TAX_CERT,3,62,passed,2023-02-17T23:00:00,122.39,
5637,22802,2023-05-01T09:00:00,BUSINESS_PERMIT,12,125,passed,2023-06-30T09:00:00,172.76,
5638,36717,2023-12-09T07:00:00,FAMILY_STATUS,8,57,flagged,2024-01-05T07:00:00,1748.62,AUDIT_DONE
5639,93223,2023-06-18T17:00:00,BUSINESS_PERMIT,10,1,rejected,2023-06-29T17:00:00,35.47,AUDIT_DONE
5640,24605,2023-06-02T18:00:00,FAMILY_STATUS,4,16,rejected,2023-07-03T18:00:00,40.15,AUDIT_DONE
5641,17154,2023-02-27T15:00:00,TAX_CERT,2,13,passed,2023-04-13T15:00:00,24.35,
5642,70309,2024-03-19T14:00:00,BIRTH_CERT,1,85,passed,2024-04-02T14:00:00,53.84,
5643,47367,2024-04-25T14:00:00,BUSINESS_PERMIT,10,111,passed,2024-06-07T14:00:00,20.78,
5644,45539,2024-03-29T01:00:00,BIRTH_CERT,10,160,passed,2024-05-04T01:00:00,9.74,
5645,12411,2024-03-06T02:00:00,BIRTH_CERT,3,39,passed,2024-03-27T02:00:00,186.03,
5646,80668,2024-05-16T17:00:00,BIRTH_CERT,9,80,flagged,2024-06-28T17:00:00,1342.78,AUDIT_DONE
5647,61342,2024-05-31T04:00:00,BIRTH_CERT,5,56,passed,2024-07-10T04:00:00,124.34,
5648,40714,2024-03-17T05:00:00,ID_RENEWAL,8,65,rejected,2024-05-07T05:00:00,9.37,AUDIT_DONE
5649,53640,2023-02-06T18:00:00,BIRTH_CERT,12,113,passed,2023-03-16T18:00:00,64.89,
5650,60416,2023-12-30T00:00:00,BUSINESS_PERMIT,2,50,flagged,2024-01-19T00:00:00,1762.23,AUDIT_DONE
5651,78404,2023-06-05T23:00:00,ID_RENEWAL,11,23,passed,2023-07-10T23:00:00,65.51,
5652,63177,2023-10-11T00:00:00,FAMILY_STATUS,9,41,rejected,2023-11-05T00:00:00,9.13,AUDIT_DONE
5653,84435,2023-05-02T20:00:00,FAMILY_STATUS,4,116,passed,2023-05-12T20:00:00,158.43,
5654,93713,2023-06-21T21:00:00,TAX_CERT,4,170,passed,2023-07-24T21:00:00,181.26,
5655,18222,2024-04-25T17:00:00,FAMILY_STATUS,2,58,passed,2024-06-10T17:00:00,130.73,
5656,13071,2023-04-19T16:00:00,ID_RENEWAL,12,20,flagged,2023-06-02T16:00:00,1257.45,AUDIT_DONE
5657,88436,2023-10-10T14:00:00,FAMILY_STATUS,10,13,passed,2023-11-04T14:00:00,146.73,
5658,39194,2023-03-03T11:00:00,BIRTH_CERT,11,140,passed,2023-04-27T11:00:00,19.65,
5659,92047,2023-09-19T04:00:00,ID_RENEWAL,8,144,passed,2023-11-10T04:00:00,18.62,
5660,98887,2023-06-14T13:00:00,ID_RENEWAL,9,153,passed,2023-07-18T13:00:00,124.73,
5661,65920,2024-03-08T16:00:00,BUSINESS_PERMIT,2,75,passed,2024-04-24T16:00:00,16.14,
5662,31389,2023-04-09T03:00:00,ID_RENEWAL,8,120,passed,2023-05-03T03:00:00,167.05,
5663,55172,2024-02-24T15:00:00,BIRTH_CERT,1,143,rejected,2024-04-04T15:00:00,17.11,AUDIT_DONE
5664,99674,2023-06-07T08:00:00,BIRTH_CERT,11,3,passed,2023-07-15T08:00:00,129.51,
5665,17696,2023-11-27T22:00:00,TAX_CERT,8,46,passed,2023-12-18T22:00:00,1.35,
5666,87264,2023-03-27T11:00:00,BIRTH_CERT,2,134,flagged,2023-04-25T11:00:00,910.84,AUDIT_DONE
5667,64964,2024-03-21T05:00:00,FAMILY_STATUS,3,176,passed,2024-04-26T05:00:00,60.75,
5668,37770,2023-04-13T19:00:00,TAX_CERT,5,151,rejected,2023-05-22T19:00:00,17.31,AUDIT_DONE
5669,62889,2024-01-07T02:00:00,TAX_CERT,10,147,passed,2024-03-05T02:00:00,2.0,
5670,73743,2023-08-06T08:00:00,BUSINESS_PERMIT,10,35,rejected,2023-09-30T08:00:00,22.15,AUDIT_DONE
5671,76342,2023-02-26T17:00:00,TAX_CERT,6,148,passed,2023-04-01T17:00:00,135.8,
5672,46471,2023-08-29T19:00:00,FAMILY_STATUS,11,93,flagged,2023-10-19T19:00:00,1116.7,AUDIT_DONE
5673,94928,2023-07-06T02:00:00,FAMILY_STATUS,4,134,passed,2023-08-02T02:00:00,23.44,
5674,23455,2024-05-03T12:00:00,TAX_CERT,10,71,flagged,2024-06-02T12:00:00,1606.64,AUDIT_DONE
5675,11825,2024-01-07T11:00:00,BIRTH_CERT,4,41,rejected,2024-02-06T11:00:00,10.24,AUDIT_DONE
5676,51913,2023-08-09T19:00:00,TAX_CERT,8,63,passed,2023-08-26T19:00:00,63.92,
5677,36806,2023-08-14T04:00:00,BIRTH_CERT,5,61,passed,2023-10-07T04:00:00,28.95,
5678,31729,2023-12-24T23:00:00,BIRTH_CERT,8,148,flagged,2024-01-27T23:00:00,1191.08,AUDIT_DONE
5679,43951,2023-01-07T15:00:00,FAMILY_STATUS,4,58,passed,2023-02-28T15:00:00,2.46,
5680,32372,2023-11-30T23:00:00,BIRTH_CERT,9,12,rejected,2024-01-09T23:00:00,15.24,AUDIT_DONE
5681,57882,2023-10-27T01:00:00,FAMILY_STATUS,8,174,passed,2023-11-14T01:00:00,103.88,
5682,69219,2024-06-18T14:00:00,ID_RENEWAL,12,47,passed,2024-08-11T14:00:00,173.46,
5683,38519,2024-03-14T05:00:00,BUSINESS_PERMIT,11,164,passed,2024-04-19T05:00:00,101.33,
5684,27810,2023-01-20T16:00:00,BUSINESS_PERMIT,1,95,passed,2023-03-11T16:00:00,26.6,
5685,58925,2023-05-28T06:00:00,ID_RENEWAL,12,171,passed,2023-07-03T06:00:00,81.75,
5686,13205,2023-03-07T02:00:00,TAX_CERT,6,51,flagged,2023-04-11T02:00:00,1563.09,AUDIT_DONE
5687,81410,2023-11-04T03:00:00,BIRTH_CERT,5,114,passed,2023-12-05T03:00:00,67.49,
5688,87050,2024-03-07T06:00:00,BIRTH_CERT,12,125,passed,2024-04-20T06:00:00,197.45,
5689,42528,2024-04-28T00:00:00,BIRTH_CERT,9,8,flagged,2024-05-26T00:00:00,1628.35,AUDIT_DONE
5690,29665,2023-07-08T17:00:00,TAX_CERT,10,141,flagged,2023-07-26T17:00:00,890.31,AUDIT_DONE
5691,94562,2024-02-04T10:00:00,BUSINESS_PERMIT,8,177,flagged,2024-03-30T10:00:00,1814.05,AUDIT_DONE
5692,30275,2024-02-03T08:00:00,TAX_CERT,5,86,passed,2024-03-05T08:00:00,125.25,
5693,43605,2023-06-06T00:00:00,FAMILY_STATUS,9,169,passed,2023-07-09T00:00:00,56.13,
5694,17455,2023-05-15T18:00:00,BUSINESS_PERMIT,10,176,flagged,2023-06-24T18:00:00,946.43,AUDIT_DONE
5695,87676,2023-03-18T17:00:00,TAX_CERT,11,97,passed,2023-04-30T17:00:00,145.78,
5696,36172,2023-09-27T10:00:00,BIRTH_CERT,2,10,rejected,2023-11-06T10:00:00,32.9,AUDIT_DONE
5697,59507,2023-06-05T19:00:00,ID_RENEWAL,3,19,passed,2023-07-15T19:00:00,194.87,
5698,23868,2023-11-10T22:00:00,ID_RENEWAL,3,125,passed,2024-01-06T22:00:00,140.22,
5699,53654,2023-09-09T13:00:00,BUSINESS_PERMIT,11,49,passed,2023-10-24T13:00:00,72.06,
5700,19609,2023-06-30T10:00:00,TAX_CERT,11,9,passed,2023-07-26T10:00:00,76.66,
5701,10219,2023-08-08T10:00:00,BIRTH_CERT,3,141,passed,2023-09-27T10:00:00,122.89,
5702,70344,2024-06-10T16:00:00,ID_RENEWAL,7,8,passed,2024-06-17T16:00:00,18.35,
5703,13364,2023-10-17T19:00:00,TAX_CERT,12,45,rejected,2023-11-18T19:00:00,10.22,AUDIT_DONE
5704,76268,2024-02-28T16:00:00,FAMILY_STATUS,1,130,passed,2024-04-17T16:00:00,196.31,
5705,32778,2023-09-25T08:00:00,BUSINESS_PERMIT,4,125,passed,2023-10-14T08:00:00,22.59,
5706,19523,2024-05-21T15:00:00,BIRTH_CERT,7,55,flagged,2024-06-11T15:00:00,1737.61,AUDIT_DONE
5707,41547,2023-03-19T21:00:00,ID_RENEWAL,9,15,flagged,2023-04-14T21:00:00,1079.52,AUDIT_DONE
5708,44265,2024-04-25T18:00:00,TAX_CERT,8,85,rejected,2024-06-16T18:00:00,18.79,AUDIT_DONE
5709,78892,2023-05-01T17:00:00,BUSINESS_PERMIT,2,143,flagged,2023-06-28T17:00:00,839.54,AUDIT_DONE
5710,23735,2023-10-13T14:00:00,ID_RENEWAL,3,154,passed,2023-11-03T14:00:00,190.73,
5711,38469,2023-06-13T12:00:00,ID_RENEWAL,6,159,passed,2023-06-20T12:00:00,61.83,
5712,68690,2023-05-15T21:00:00,ID_RENEWAL,4,28,passed,2023-05-29T21:00:00,97.86,
5713,78928,2023-11-12T05:00:00,BIRTH_CERT,12,63,flagged,2023-12-09T05:00:00,1392.72,AUDIT_DONE
5714,38658,2023-04-05T02:00:00,ID_RENEWAL,9,82,passed,2023-05-08T02:00:00,33.35,
5715,21721,2023-09-25T03:00:00,BIRTH_CERT,7,89,passed,2023-10-27T03:00:00,90.71,
5716,19102,2023-04-16T00:00:00,BUSINESS_PERMIT,10,89,passed,2023-04-24T00:00:00,186.84,
5717,35554,2023-07-05T10:00:00,BIRTH_CERT,2,58,passed,2023-07-21T10:00:00,127.45,
5718,84145,2023-01-19T02:00:00,BIRTH_CERT,4,170,passed,2023-01-27T02:00:00,6.4,
5719,60877,2023-04-04T19:00:00,BIRTH_CERT,5,2,passed,2023-04-28T19:00:00,183.18,
5720,74924,2024-02-01T02:00:00,TAX_CERT,12,61,flagged,2024-03-08T02:00:00,843.03,AUDIT_DONE
5721,84895,2024-05-17T05:00:00,BIRTH_CERT,1,162,flagged,2024-07-07T05:00:00,1237.35,AUDIT_DONE
5722,39974,2023-01-08T13:00:00,TAX_CERT,12,53,passed,2023-02-06T13:00:00,177.48,
5723,27307,2023-07-31T11:00:00,FAMILY_STATUS,1,29,rejected,2023-09-02T11:00:00,35.51,AUDIT_DONE
5724,42014,2023-03-11T01:00:00,ID_RENEWAL,5,148,passed,2023-04-18T01:00:00,187.67,
5725,13842,2024-01-07T21:00:00,BIRTH_CERT,2,87,passed,2024-01-22T21:00:00,44.27,
5726,29638,2024-02-10T14:00:00,FAMILY_STATUS,4,15,flagged,2024-04-10T14:00:00,1921.07,AUDIT_DONE
5727,92806,2023-01-01T15:00:00,BUSINESS_PERMIT,5,24,passed,2023-02-13T15:00:00,40.31,
5728,39528,2024-02-29T10:00:00,BIRTH_CERT,4,61,passed,2024-03-31T10:00:00,44.46,
5729,76108,2024-01-06T15:00:00,ID_RENEWAL,5,52,passed,2024-02-02T15:00:00,20.24,
5730,73981,2023-01-12T00:00:00,FAMILY_STATUS,9,77,passed,2023-02-12T00:00:00,28.32,
5731,45125,2023-02-14T02:00:00,BUSINESS_PERMIT,12,80,passed,2023-02-28T02:00:00,48.23,
5732,57284,2024-01-07T00:00:00,BIRTH_CERT,1,58,passed,2024-02-06T00:00:00,153.71,
5733,23834,2023-10-25T12:00:00,BIRTH_CERT,12,74,passed,2023-12-03T12:00:00,11.73,
5734,23783,2023-01-22T04:00:00,BIRTH_CERT,4,44,passed,2023-02-20T04:00:00,75.06,
5735,24692,2024-06-18T17:00:00,BUSINESS_PERMIT,10,2,passed,2024-08-02T17:00:00,3.16,
5736,31170,2023-12-24T01:00:00,BUSINESS_PERMIT,8,88,passed,2024-02-06T01:00:00,196.62,
5737,61308,2024-04-17T15:00:00,TAX_CERT,11,91,flagged,2024-04-30T15:00:00,1136.68,AUDIT_DONE
5738,89180,2023-05-29T21:00:00,BUSINESS_PERMIT,11,132,passed,2023-06-17T21:00:00,56.75,
5739,31583,2023-12-21T13:00:00,ID_RENEWAL,9,163,passed,2024-01-28T13:00:00,151.73,
5740,39801,2023-05-26T00:00:00,BUSINESS_PERMIT,5,143,rejected,2023-06-03T00:00:00,4.02,AUDIT_DONE
5741,48203,2023-12-14T07:00:00,TAX_CERT,5,125,passed,2024-01-06T07:00:00,59.07,
5742,38558,2024-04-25T03:00:00,ID_RENEWAL,11,150,rejected,2024-05-23T03:00:00,46.88,AUDIT_DONE
5743,16519,2023-10-31T11:00:00,TAX_CERT,10,95,passed,2023-11-10T11:00:00,191.44,
5744,65669,2023-01-19T13:00:00,FAMILY_STATUS,12,150,passed,2023-02-15T13:00:00,94.09,
5745,22168,2023-05-19T14:00:00,ID_RENEWAL,12,36,passed,2023-07-05T14:00:00,40.63,
5746,25260,2023-01-26T18:00:00,FAMILY_STATUS,9,41,passed,2023-03-07T18:00:00,11.34,
5747,10790,2024-03-16T21:00:00,BUSINESS_PERMIT,5,114,passed,2024-04-18T21:00:00,167.21,
5748,57579,2023-10-30T03:00:00,TAX_CERT,8,16,flagged,2023-11-17T03:00:00,815.3,AUDIT_DONE
5749,22229,2023-12-10T10:00:00,BUSINESS_PERMIT,4,170,passed,2024-02-02T10:00:00,37.64,
5750,19078,2024-03-07T05:00:00,BUSINESS_PERMIT,3,140,passed,2024-04-02T05:00:00,115.2,
5751,90485,2024-01-14T08:00:00,ID_RENEWAL,11,9,passed,2024-02-18T08:00:00,49.46,
5752,90421,2023-12-26T17:00:00,TAX_CERT,5,142,passed,2024-01-14T17:00:00,22.72,
5753,81195,2023-08-05T19:00:00,TAX_CERT,12,104,passed,2023-08-13T19:00:00,180.76,
5754,17983,2024-03-09T20:00:00,BUSINESS_PERMIT,11,91,passed,2024-05-06T20:00:00,21.82,
5755,44041,2023-10-19T12:00:00,BUSINESS_PERMIT,5,105,flagged,2023-11-19T12:00:00,1999.97,AUDIT_DONE
5756,17598,2023-12-31T12:00:00,ID_RENEWAL,3,85,flagged,2024-01-29T12:00:00,1466.1,AUDIT_DONE
5757,86037,2023-11-10T07:00:00,BIRTH_CERT,10,149,passed,2023-11-17T07:00:00,71.24,
5758,53902,2023-06-24T16:00:00,ID_RENEWAL,7,31,passed,2023-08-10T16:00:00,104.19,
5759,28475,2023-09-14T07:00:00,ID_RENEWAL,9,174,flagged,2023-10-12T07:00:00,1186.8,AUDIT_DONE
5760,25443,2023-09-10T05:00:00,BIRTH_CERT,11,139,flagged,2023-10-23T05:00:00,1204.82,AUDIT_DONE
5761,89263,2023-05-06T18:00:00,ID_RENEWAL,9,10,flagged,2023-05-26T18:00:00,1022.81,AUDIT_DONE
5762,97915,2023-12-13T06:00:00,BIRTH_CERT,1,111,passed,2024-02-04T06:00:00,177.91,
5763,66461,2023-08-19T01:00:00,BUSINESS_PERMIT,4,144,rejected,2023-09-01T01:00:00,14.48,AUDIT_DONE
5764,94763,2024-04-20T12:00:00,ID_RENEWAL,10,37,passed,2024-06-03T12:00:00,174.2,
5765,88889,2023-01-18T10:00:00,FAMILY_STATUS,1,126,flagged,2023-01-27T10:00:00,1494.37,AUDIT_DONE
5766,87476,2024-05-11T09:00:00,ID_RENEWAL,5,90,rejected,2024-06-14T09:00:00,13.87,AUDIT_DONE
5767,94346,2023-11-13T07:00:00,FAMILY_STATUS,9,117,flagged,2023-12-25T07:00:00,1364.99,AUDIT_DONE
5768,74925,2023-09-09T03:00:00,BUSINESS_PERMIT,12,163,passed,2023-10-12T03:00:00,160.2,
5769,63600,2023-11-19T19:00:00,TAX_CERT,8,160,passed,2024-01-12T19:00:00,75.43,
5770,74097,2023-06-18T22:00:00,ID_RENEWAL,8,56,passed,2023-07-09T22:00:00,52.89,
5771,52790,2023-07-15T21:00:00,BUSINESS_PERMIT,11,158,passed,2023-07-24T21:00:00,133.36,
5772,40614,2024-02-20T10:00:00,FAMILY_STATUS,11,28,rejected,2024-04-10T10:00:00,13.28,AUDIT_DONE
5773,85667,2023-07-15T00:00:00,BIRTH_CERT,8,102,passed,2023-07-31T00:00:00,171.18,
5774,14376,2024-03-30T12:00:00,FAMILY_STATUS,12,141,passed,2024-05-03T12:00:00,126.61,
5775,34390,2023-03-30T18:00:00,TAX_CERT,2,121,flagged,2023-04-23T18:00:00,992.17,AUDIT_DONE
5776,42687,2024-03-14T23:00:00,BIRTH_CERT,4,114,passed,2024-04-19T23:00:00,132.32,
5777,19839,2023-02-16T02:00:00,TAX_CERT,4,20,passed,2023-03-13T02:00:00,52.56,
5778,64270,2023-12-19T21:00:00,ID_RENEWAL,8,31,flagged,2024-01-04T21:00:00,1699.53,AUDIT_DONE
5779,13299,2023-03-08T03:00:00,BUSINESS_PERMIT,12,74,passed,2023-03-25T03:00:00,185.04,
5780,55063,2023-07-29T08:00:00,FAMILY_STATUS,8,138,passed,2023-08-19T08:00:00,158.23,
5781,69252,2023-05-04T08:00:00,TAX_CERT,6,90,flagged,2023-05-30T08:00:00,1301.07,AUDIT_DONE
5782,63021,2023-03-07T20:00:00,BUSINESS_PERMIT,2,102,passed,2023-03-25T20:00:00,65.36,
5783,89222,2023-08-25T15:00:00,FAMILY_STATUS,11,5,passed,2023-10-04T15:00:00,173.64,
5784,72117,2023-08-17T17:00:00,BIRTH_CERT,4,12,passed,2023-09-16T17:00:00,109.4,
5785,98843,2023-04-17T12:00:00,FAMILY_STATUS,6,111,passed,2023-04-27T12:00:00,105.9,
5786,46870,2023-03-12T16:00:00,FAMILY_STATUS,11,159,passed,2023-03-27T16:00:00,189.97,
5787,71248,2024-02-16T22:00:00,TAX_CERT,3,143,passed,2024-02-27T22:00:00,34.09,
5788,38512,2023-09-26T22:00:00,BUSINESS_PERMIT,7,9,rejected,2023-11-01T22:00:00,40.58,AUDIT_DONE
5789,34901,2023-07-26T02:00:00,BUSINESS_PERMIT,5,145,passed,2023-08-07T02:00:00,18.74,
5790,54480,2023-05-17T04:00:00,ID_RENEWAL,10,52,passed,2023-06-12T04:00:00,199.13,
5791,24672,2023-08-23T00:00:00,ID_RENEWAL,11,135,flagged,2023-10-05T00:00:00,1075.83,AUDIT_DONE
5792,35898,2024-02-16T09:00:00,BIRTH_CERT,8,106,passed,2024-03-24T09:00:00,36.98,
5793,95062,2024-02-21T17:00:00,TAX_CERT,2,53,flagged,2024-03-29T17:00:00,1911.01,AUDIT_DONE
5794,57681,2023-06-15T20:00:00,FAMILY_STATUS,8,179,flagged,2023-06-26T20:00:00,923.92,AUDIT_DONE
5795,14479,2023-08-01T21:00:00,TAX_CERT,10,48,passed,2023-08-23T21:00:00,100.77,
5796,42027,2023-04-01T06:00:00,BIRTH_CERT,7,125,passed,2023-04-23T06:00:00,10.27,
5797,30255,2023-11-15T02:00:00,BIRTH_CERT,12,122,flagged,2023-11-22T02:00:00,1346.09,AUDIT_DONE
5798,99877,2024-05-19T09:00:00,FAMILY_STATUS,10,4,passed,2024-07-09T09:00:00,82.73,
5799,64715,2024-06-05T02:00:00,BUSINESS_PERMIT,1,87,passed,2024-06-17T02:00:00,49.64,
5800,39018,2023-03-18T05:00:00,BIRTH_CERT,9,131,passed,2023-05-04T05:00:00,88.85,
5801,82896,2023-12-03T20:00:00,TAX_CERT,10,58,rejected,2024-01-28T20:00:00,49.78,AUDIT_DONE
5802,42758,2023-07-08T14:00:00,BIRTH_CERT,11,133,passed,2023-08-06T14:00:00,85.14,
5803,32850,2023-11-21T07:00:00,ID_RENEWAL,7,152,passed,2024-01-16T07:00:00,29.73,
5804,21206,2024-03-25T05:00:00,FAMILY_STATUS,11,77,flagged,2024-05-14T05:00:00,1297.19,AUDIT_DONE
5805,75312,2024-03-18T21:00:00,BIRTH_CERT,3,60,rejected,2024-04-18T21:00:00,40.88,AUDIT_DONE
5806,46300,2023-01-31T02:00:00,ID_RENEWAL,11,148,passed,2023-02-12T02:00:00,98.24,
5807,14869,2023-06-04T17:00:00,BIRTH_CERT,1,66,passed,2023-06-21T17:00:00,21.04,
5808,62781,2023-07-26T13:00:00,TAX_CERT,3,73,passed,2023-08-23T13:00:00,61.51,
5809,72868,2023-08-08T14:00:00,TAX_CERT,9,166,rejected,2023-08-19T14:00:00,21.29,AUDIT_DONE
5810,34672,2023-05-14T14:00:00,BIRTH_CERT,8,105,passed,2023-07-08T14:00:00,83.2,
5811,16453,2023-12-06T20:00:00,BUSINESS_PERMIT,2,62,passed,2024-01-19T20:00:00,113.8,
5812,94464,2024-01-04T15:00:00,TAX_CERT,5,20,passed,2024-01-27T15:00:00,118.73,
5813,58697,2024-03-01T12:00:00,BUSINESS_PERMIT,12,63,passed,2024-04-30T12:00:00,95.13,
5814,75007,2023-03-29T16:00:00,BIRTH_CERT,5,91,passed,2023-05-05T16:00:00,96.37,
5815,40633,2024-01-06T18:00:00,BUSINESS_PERMIT,3,177,passed,2024-02-14T18:00:00,192.91,
5816,50901,2023-03-17T17:00:00,BIRTH_CERT,11,132,rejected,2023-04-11T17:00:00,9.59,AUDIT_DONE
5817,52519,2023-06-20T06:00:00,ID_RENEWAL,10,97,passed,2023-07-14T06:00:00,26.11,
5818,77768,2023-07-06T11:00:00,TAX_CERT,7,128,passed,2023-08-12T11:00:00,31.08,
5819,24211,2023-12-07T18:00:00,ID_RENEWAL,9,140,rejected,2024-01-31T18:00:00,45.66,AUDIT_DONE
5820,10334,2023-08-28T14:00:00,TAX_CERT,12,106,passed,2023-09-22T14:00:00,32.37,
5821,30547,2024-06-04T23:00:00,BUSINESS_PERMIT,1,78,passed,2024-07-21T23:00:00,51.09,
5822,78682,2023-01-10T16:00:00,BUSINESS_PERMIT,12,97,passed,2023-01-17T16:00:00,171.72,
5823,75855,2023-04-15T19:00:00,TAX_CERT,10,119,rejected,2023-05-23T19:00:00,0.15,AUDIT_DONE
5824,98637,2023-07-31T21:00:00,BUSINESS_PERMIT,2,61,passed,2023-08-17T21:00:00,60.8,
5825,58952,2024-01-11T18:00:00,BUSINESS_PERMIT,5,47,passed,2024-02-12T18:00:00,8.56,
5826,29459,2024-01-09T11:00:00,BIRTH_CERT,6,122,passed,2024-02-25T11:00:00,75.61,
5827,54679,2023-03-14T00:00:00,BUSINESS_PERMIT,11,171,passed,2023-03-21T00:00:00,149.64,
5828,47204,2023-03-02T10:00:00,ID_RENEWAL,6,123,passed,2023-04-26T10:00:00,143.41,
5829,25261,2023-02-22T18:00:00,BUSINESS_PERMIT,7,2,flagged,2023-03-25T18:00:00,1695.64,AUDIT_DONE
5830,12732,2023-03-10T21:00:00,TAX_CERT,6,50,rejected,2023-04-11T21:00:00,22.03,AUDIT_DONE
5831,21980,2023-10-28T09:00:00,BIRTH_CERT,12,96,passed,2023-12-11T09:00:00,92.6,
5832,60733,2023-03-28T09:00:00,BIRTH_CERT,4,59,flagged,2023-05-26T09:00:00,1875.3,AUDIT_DONE
5833,12189,2024-04-07T10:00:00,BUSINESS_PERMIT,8,86,flagged,2024-05-09T10:00:00,1234.33,AUDIT_DONE
5834,81637,2023-07-15T08:00:00,TAX_CERT,3,107,passed,2023-08-24T08:00:00,38.87,
5835,16577,2023-11-14T19:00:00,BIRTH_CERT,12,151,rejected,2023-12-15T19:00:00,29.42,AUDIT_DONE
5836,47896,2023-04-29T16:00:00,ID_RENEWAL,8,82,passed,2023-05-12T16:00:00,7.24,
5837,28102,2023-07-17T13:00:00,BUSINESS_PERMIT,4,79,passed,2023-07-30T13:00:00,52.02,
5838,95846,2023-05-04T18:00:00,BIRTH_CERT,4,116,passed,2023-05-21T18:00:00,173.19,
5839,99981,2023-08-02T00:00:00,TAX_CERT,10,166,passed,2023-08-13T00:00:00,58.86,
5840,88193,2023-03-28T06:00:00,ID_RENEWAL,5,83,passed,2023-05-13T06:00:00,87.91,
5841,83009,2023-02-11T15:00:00,BUSINESS_PERMIT,3,88,passed,2023-04-07T15:00:00,156.33,
5842,68555,2023-05-15T07:00:00,BIRTH_CERT,1,98,passed,2023-06-13T07:00:00,188.23,
5843,16895,2023-07-22T14:00:00,FAMILY_STATUS,12,19,passed,2023-09-17T14:00:00,74.06,
5844,89456,2023-04-12T07:00:00,FAMILY_STATUS,7,125,passed,2023-05-20T07:00:00,190.88,
5845,38589,2023-07-26T23:00:00,BUSINESS_PERMIT,3,34,passed,2023-09-01T23:00:00,120.3,
5846,25501,2023-03-23T18:00:00,TAX_CERT,7,121,passed,2023-05-06T18:00:00,155.89,
5847,80528,2023-01-31T19:00:00,BIRTH_CERT,5,86,passed,2023-02-17T19:00:00,4.78,
5848,87071,2023-10-12T09:00:00,BUSINESS_PERMIT,4,144,rejected,2023-11-12T09:00:00,26.42,AUDIT_DONE
5849,45328,2024-02-18T18:00:00,BIRTH_CERT,5,31,passed,2024-03-27T18:00:00,77.73,
5850,78073,2024-06-17T13:00:00,BUSINESS_PERMIT,9,155,rejected,2024-06-24T13:00:00,19.54,AUDIT_DONE
5851,26017,2024-06-14T13:00:00,BIRTH_CERT,4,145,rejected,2024-07-10T13:00:00,49.35,AUDIT_DONE
5852,89941,2023-09-03T10:00:00,ID_RENEWAL,10,10,flagged,2023-09-28T10:00:00,1878.99,AUDIT_DONE
5853,28049,2023-10-16T09:00:00,FAMILY_STATUS,5,120,passed,2023-11-20T09:00:00,91.61,
5854,88848,2023-11-04T08:00:00,FAMILY_STATUS,6,39,passed,2023-11-14T08:00:00,82.39,
5855,69817,2023-09-16T14:00:00,FAMILY_STATUS,11,42,passed,2023-09-26T14:00:00,55.45,
5856,10955,2023-04-03T19:00:00,TAX_CERT,4,157,passed,2023-05-31T19:00:00,50.51,
5857,64251,2024-04-04T17:00:00,BIRTH_CERT,3,144,rejected,2024-05-01T17:00:00,1.55,AUDIT_DONE
5858,72955,2023-04-28T21:00:00,BUSINESS_PERMIT,1,144,passed,2023-06-05T21:00:00,74.42,
5859,98125,2023-01-01T23:00:00,BIRTH_CERT,8,92,passed,2023-02-18T23:00:00,38.28,
5860,90210,2023-08-09T19:00:00,BUSINESS_PERMIT,11,45,rejected,2023-09-13T19:00:00,19.68,AUDIT_DONE
5861,73227,2023-11-08T21:00:00,ID_RENEWAL,7,63,passed,2024-01-03T21:00:00,196.48,
5862,79143,2024-06-15T12:00:00,BUSINESS_PERMIT,3,105,passed,2024-08-09T12:00:00,87.93,
5863,80010,2023-03-13T12:00:00,ID_RENEWAL,4,58,flagged,2023-05-09T12:00:00,1270.79,AUDIT_DONE
5864,99763,2023-09-05T00:00:00,BIRTH_CERT,4,37,flagged,2023-10-01T00:00:00,1292.09,AUDIT_DONE
5865,46281,2024-06-12T13:00:00,BIRTH_CERT,5,7,passed,2024-07-12T13:00:00,80.48,
5866,42564,2024-05-13T14:00:00,FAMILY_STATUS,1,81,passed,2024-07-10T14:00:00,59.39,
5867,16343,2023-12-11T09:00:00,BIRTH_CERT,2,34,passed,2023-12-28T09:00:00,93.02,
5868,76542,2023-02-02T02:00:00,TAX_CERT,12,46,flagged,2023-02-25T02:00:00,1538.89,AUDIT_DONE
5869,60504,2023-01-10T00:00:00,FAMILY_STATUS,11,151,passed,2023-02-01T00:00:00,3.76,
5870,88468,2023-01-27T09:00:00,ID_RENEWAL,11,91,passed,2023-03-01T09:00:00,85.26,
5871,51436,2023-02-09T02:00:00,TAX_CERT,10,44,flagged,2023-04-07T02:00:00,1025.77,AUDIT_DONE
5872,77374,2023-11-04T00:00:00,FAMILY_STATUS,5,32,rejected,2023-12-01T00:00:00,31.86,AUDIT_DONE
5873,32879,2023-05-29T14:00:00,BUSINESS_PERMIT,7,133,passed,2023-07-16T14:00:00,169.12,
5874,53086,2024-04-04T23:00:00,BUSINESS_PERMIT,10,51,flagged,2024-06-03T23:00:00,1071.44,AUDIT_DONE
5875,68687,2023-11-15T04:00:00,BUSINESS_PERMIT,1,24,passed,2023-12-12T04:00:00,51.3,
5876,57710,2024-01-23T02:00:00,ID_RENEWAL,7,172,rejected,2024-03-23T02:00:00,44.21,AUDIT_DONE
5877,93403,2024-02-29T09:00:00,BUSINESS_PERMIT,2,4,passed,2024-03-11T09:00:00,106.93,
5878,43506,2023-09-09T21:00:00,BUSINESS_PERMIT,3,164,passed,2023-09-29T21:00:00,165.28,
5879,96388,2024-01-14T22:00:00,ID_RENEWAL,6,73,passed,2024-03-13T22:00:00,12.71,
5880,49677,2023-08-14T17:00:00,ID_RENEWAL,5,106,passed,2023-09-06T17:00:00,34.7,
5881,25010,2023-03-19T19:00:00,FAMILY_STATUS,9,159,passed,2023-05-03T19:00:00,197.13,
5882,33614,2023-08-04T10:00:00,FAMILY_STATUS,4,87,flagged,2023-10-02T10:00:00,1568.75,AUDIT_DONE
5883,10305,2024-03-16T04:00:00,BUSINESS_PERMIT,9,172,flagged,2024-05-03T04:00:00,1767.32,AUDIT_DONE
5884,53659,2024-06-07T02:00:00,ID_RENEWAL,4,130,passed,2024-08-03T02:00:00,142.32,
5885,75927,2023-09-08T23:00:00,FAMILY_STATUS,5,12,passed,2023-09-20T23:00:00,54.64,
5886,16788,2023-01-19T11:00:00,FAMILY_STATUS,12,138,flagged,2023-02-11T11:00:00,966.27,AUDIT_DONE
5887,13025,2023-11-19T08:00:00,BUSINESS_PERMIT,7,90,passed,2024-01-04T08:00:00,11.89,
5888,67623,2023-04-22T03:00:00,TAX_CERT,10,90,flagged,2023-06-08T03:00:00,1345.2,AUDIT_DONE
5889,50550,2023-12-03T07:00:00,TAX_CERT,1,60,passed,2024-01-03T07:00:00,107.03,
5890,12210,2023-09-14T08:00:00,ID_RENEWAL,3,141,passed,2023-11-03T08:00:00,64.08,
5891,71888,2023-06-18T23:00:00,BIRTH_CERT,4,28,passed,2023-06-28T23:00:00,186.82,
5892,41443,2024-05-23T07:00:00,FAMILY_STATUS,1,88,passed,2024-06-01T07:00:00,116.37,
5893,53361,2023-08-03T05:00:00,FAMILY_STATUS,12,160,passed,2023-08-11T05:00:00,77.67,
5894,89560,2024-01-12T22:00:00,BUSINESS_PERMIT,6,98,flagged,2024-02-07T22:00:00,1865.74,AUDIT_DONE
5895,40072,2024-01-16T12:00:00,BIRTH_CERT,6,114,passed,2024-03-14T12:00:00,43.93,
5896,56019,2023-09-06T19:00:00,ID_RENEWAL,10,75,passed,2023-10-26T19:00:00,5.9,
5897,79382,2024-05-31T16:00:00,ID_RENEWAL,6,114,passed,2024-06-18T16:00:00,106.15,
5898,11588,2023-12-15T15:00:00,ID_RENEWAL,3,131,passed,2024-01-03T15:00:00,89.14,
5899,48326,2024-03-18T11:00:00,BUSINESS_PERMIT,11,165,passed,2024-04-27T11:00:00,153.38,
5900,98986,2023-01-19T14:00:00,BUSINESS_PERMIT,5,88,flagged,2023-02-15T14:00:00,988.84,AUDIT_DONE
5901,93737,2024-04-23T00:00:00,BIRTH_CERT,4,41,passed,2024-06-20T00:00:00,187.86,
5902,82373,2024-04-02T11:00:00,ID_RENEWAL,9,116,flagged,2024-05-16T11:00:00,864.15,AUDIT_DONE
5903,15982,2023-05-16T01:00:00,FAMILY_STATUS,8,88,flagged,2023-05-31T01:00:00,1595.61,AUDIT_DONE
5904,92940,2024-02-14T18:00:00,BUSINESS_PERMIT,1,119,rejected,2024-02-22T18:00:00,10.41,AUDIT_DONE
5905,15430,2023-09-23T17:00:00,TAX_CERT,5,123,rejected,2023-10-10T17:00:00,9.51,AUDIT_DONE
5906,23269,2023-11-02T20:00:00,BIRTH_CERT,5,69,passed,2023-12-19T20:00:00,95.53,
5907,18856,2024-05-10T02:00:00,TAX_CERT,9,168,passed,2024-05-24T02:00:00,134.53,
5908,19439,2023-03-01T06:00:00,BUSINESS_PERMIT,7,126,rejected,2023-04-18T06:00:00,30.52,AUDIT_DONE
5909,64409,2023-09-16T04:00:00,BUSINESS_PERMIT,7,22,rejected,2023-10-18T04:00:00,38.83,AUDIT_DONE
5910,33979,2023-10-09T15:00:00,BUSINESS_PERMIT,2,8,passed,2023-11-07T15:00:00,114.63,
5911,42501,2023-12-16T13:00:00,ID_RENEWAL,6,35,rejected,2024-01-26T13:00:00,35.36,AUDIT_DONE
5912,78798,2023-07-17T00:00:00,TAX_CERT,11,2,passed,2023-09-02T00:00:00,77.25,
5913,74525,2023-07-02T02:00:00,FAMILY_STATUS,6,41,rejected,2023-07-12T02:00:00,46.74,AUDIT_DONE
5914,82068,2023-03-13T23:00:00,BUSINESS_PERMIT,7,97,flagged,2023-03-22T23:00:00,1121.35,AUDIT_DONE
5915,74321,2023-01-25T09:00:00,TAX_CERT,3,143,flagged,2023-02-26T09:00:00,1082.17,AUDIT_DONE
5916,72153,2023-08-06T04:00:00,ID_RENEWAL,5,98,flagged,2023-08-30T04:00:00,1102.56,AUDIT_DONE
5917,41050,2023-02-09T12:00:00,BUSINESS_PERMIT,1,101,passed,2023-03-29T12:00:00,90.84,
5918,25450,2024-04-09T16:00:00,ID_RENEWAL,9,159,passed,2024-05-20T16:00:00,51.13,
5919,91350,2023-03-03T14:00:00,BIRTH_CERT,3,156,passed,2023-04-09T14:00:00,132.14,
5920,61210,2023-02-17T23:00:00,FAMILY_STATUS,2,168,passed,2023-03-18T23:00:00,12.19,
5921,69577,2024-04-21T20:00:00,FAMILY_STATUS,11,110,flagged,2024-05-21T20:00:00,1447.22,AUDIT_DONE
5922,70446,2024-04-05T18:00:00,FAMILY_STATUS,1,58,flagged,2024-05-22T18:00:00,1069.9,AUDIT_DONE
5923,91001,2023-10-14T15:00:00,BIRTH_CERT,10,22,flagged,2023-11-27T15:00:00,824.88,AUDIT_DONE
5924,51220,2023-08-11T23:00:00,TAX_CERT,8,136,passed,2023-09-12T23:00:00,143.25,
5925,44676,2023-08-11T01:00:00,TAX_CERT,9,2,passed,2023-08-30T01:00:00,167.88,
5926,10281,2023-01-26T08:00:00,ID_RENEWAL,10,140,passed,2023-02-04T08:00:00,157.51,
5927,90748,2023-06-07T12:00:00,BUSINESS_PERMIT,8,90,passed,2023-06-26T12:00:00,89.33,
5928,23644,2023-10-25T22:00:00,BUSINESS_PERMIT,2,109,passed,2023-11-06T22:00:00,27.9,
5929,31476,2023-05-25T20:00:00,ID_RENEWAL,4,14,passed,2023-07-03T20:00:00,161.84,
5930,16937,2024-05-01T05:00:00,FAMILY_STATUS,7,58,passed,2024-06-11T05:00:00,173.12,
5931,24065,2023-01-14T17:00:00,TAX_CERT,12,132,flagged,2023-01-26T17:00:00,1856.65,AUDIT_DONE
5932,62141,2024-01-12T16:00:00,FAMILY_STATUS,1,78,passed,2024-01-22T16:00:00,175.95,
5933,63040,2024-04-20T15:00:00,BIRTH_CERT,3,24,passed,2024-06-10T15:00:00,89.04,
5934,69490,2023-04-19T00:00:00,BUSINESS_PERMIT,10,136,flagged,2023-06-07T00:00:00,1957.46,AUDIT_DONE
5935,73438,2024-03-15T07:00:00,TAX_CERT,6,33,passed,2024-04-17T07:00:00,30.45,
5936,80009,2024-04-07T03:00:00,BUSINESS_PERMIT,2,4,passed,2024-05-09T03:00:00,1.31,
5937,23218,2024-06-22T20:00:00,FAMILY_STATUS,7,71,passed,2024-07-18T20:00:00,147.64,
5938,53998,2024-04-29T07:00:00,TAX_CERT,6,156,flagged,2024-06-11T07:00:00,1313.28,AUDIT_DONE
5939,80565,2024-04-22T09:00:00,BIRTH_CERT,3,88,passed,2024-05-23T09:00:00,91.87,
5940,60859,2024-05-18T22:00:00,BUSINESS_PERMIT,8,57,passed,2024-05-30T22:00:00,114.51,
5941,72969,2023-02-04T07:00:00,ID_RENEWAL,12,42,rejected,2023-03-25T07:00:00,32.54,AUDIT_DONE
5942,18096,2023-04-13T08:00:00,BUSINESS_PERMIT,11,5,flagged,2023-05-31T08:00:00,1223.53,AUDIT_DONE
5943,97481,2023-03-20T11:00:00,TAX_CERT,11,25,passed,2023-05-12T11:00:00,189.2,
5944,54143,2023-05-25T07:00:00,BIRTH_CERT,1,167,passed,2023-06-10T07:00:00,182.18,
5945,55163,2024-03-04T02:00:00,TAX_CERT,12,24,passed,2024-04-18T02:00:00,192.9,
5946,85977,2023-08-24T16:00:00,ID_RENEWAL,5,24,passed,2023-10-13T16:00:00,184.81,
5947,63559,2024-03-20T05:00:00,BUSINESS_PERMIT,9,131,passed,2024-05-12T05:00:00,143.93,
5948,56053,2023-02-24T21:00:00,ID_RENEWAL,4,7,rejected,2023-03-06T21:00:00,28.78,AUDIT_DONE
5949,42725,2024-06-18T06:00:00,FAMILY_STATUS,5,52,passed,2024-07-21T06:00:00,113.49,
5950,90680,2024-03-21T16:00:00,TAX_CERT,1,178,rejected,2024-04-25T16:00:00,26.12,AUDIT_DONE
5951,65627,2023-10-19T15:00:00,BUSINESS_PERMIT,3,76,rejected,2023-12-10T15:00:00,13.03,AUDIT_DONE
5952,90902,2024-02-01T04:00:00,BUSINESS_PERMIT,2,138,passed,2024-02-09T04:00:00,58.05,
5953,79241,2023-10-20T15:00:00,TAX_CERT,5,34,passed,2023-11-21T15:00:00,40.21,
5954,86506,2023-11-06T16:00:00,FAMILY_STATUS,8,7,passed,2023-11-24T16:00:00,189.97,
5955,50916,2023-04-17T13:00:00,FAMILY_STATUS,11,44,passed,2023-05-29T13:00:00,117.85,
5956,39261,2023-09-29T16:00:00,ID_RENEWAL,3,97,passed,2023-10-19T16:00:00,95.36,
5957,83452,2023-07-11T10:00:00,BUSINESS_PERMIT,9,25,passed,2023-09-09T10:00:00,153.71,
5958,67976,2024-02-07T12:00:00,FAMILY_STATUS,4,69,passed,2024-03-24T12:00:00,159.49,
5959,49760,2023-09-25T14:00:00,BUSINESS_PERMIT,7,88,flagged,2023-10-10T14:00:00,1819.74,AUDIT_DONE
5960,58589,2024-02-15T16:00:00,ID_RENEWAL,6,30,passed,2024-03-23T16:00:00,35.6,
5961,48937,2024-04-17T03:00:00,FAMILY_STATUS,4,96,passed,2024-05-29T03:00:00,28.72,
5962,92000,2023-09-24T20:00:00,ID_RENEWAL,8,8,flagged,2023-10-01T20:00:00,1800.81,AUDIT_DONE
5963,73530,2023-12-29T14:00:00,BUSINESS_PERMIT,5,175,passed,2024-01-07T14:00:00,105.31,
5964,97358,2024-03-05T09:00:00,TAX_CERT,9,118,passed,2024-04-15T09:00:00,23.01,
5965,35756,2023-05-02T05:00:00,FAMILY_STATUS,8,112,passed,2023-05-24T05:00:00,107.15,
5966,57488,2023-10-21T17:00:00,TAX_CERT,3,164,rejected,2023-11-13T17:00:00,39.07,AUDIT_DONE
5967,57787,2023-10-21T17:00:00,TAX_CERT,9,31,passed,2023-11-09T17:00:00,3.09,
5968,23976,2023-11-13T03:00:00,FAMILY_STATUS,8,109,flagged,2023-12-16T03:00:00,1223.42,AUDIT_DONE
5969,48391,2023-04-12T03:00:00,BUSINESS_PERMIT,11,149,passed,2023-04-25T03:00:00,6.52,
5970,85625,2023-08-16T18:00:00,BIRTH_CERT,11,170,passed,2023-09-02T18:00:00,15.9,
5971,11074,2023-08-29T10:00:00,ID_RENEWAL,9,65,passed,2023-10-20T10:00:00,196.65,
5972,23777,2023-05-18T14:00:00,FAMILY_STATUS,8,19,passed,2023-06-25T14:00:00,88.49,
5973,87416,2024-01-30T20:00:00,ID_RENEWAL,9,87,passed,2024-02-06T20:00:00,166.76,
5974,78964,2024-04-06T09:00:00,ID_RENEWAL,5,125,passed,2024-04-13T09:00:00,188.77,
5975,15862,2023-07-16T00:00:00,BUSINESS_PERMIT,9,153,flagged,2023-09-01T00:00:00,999.89,AUDIT_DONE
5976,48720,2023-09-25T03:00:00,ID_RENEWAL,10,159,flagged,2023-11-18T03:00:00,1190.95,AUDIT_DONE
5977,64521,2023-06-08T22:00:00,FAMILY_STATUS,10,63,passed,2023-06-23T22:00:00,50.37,
5978,51975,2024-04-08T04:00:00,BUSINESS_PERMIT,9,4,rejected,2024-05-09T04:00:00,11.9,AUDIT_DONE
5979,13371,2023-07-02T13:00:00,ID_RENEWAL,1,4,passed,2023-08-12T13:00:00,73.01,
5980,53539,2024-06-22T17:00:00,TAX_CERT,9,4,passed,2024-06-29T17:00:00,49.49,
5981,72791,2024-04-12T17:00:00,TAX_CERT,3,140,rejected,2024-06-05T17:00:00,43.26,AUDIT_DONE
5982,18194,2023-06-08T01:00:00,BUSINESS_PERMIT,4,3,passed,2023-07-19T01:00:00,12.28,
5983,31932,2023-06-24T05:00:00,ID_RENEWAL,4,152,passed,2023-07-26T05:00:00,188.95,
5984,83571,2024-01-11T08:00:00,ID_RENEWAL,2,90,flagged,2024-02-24T08:00:00,1636.18,AUDIT_DONE
5985,31844,2024-04-01T00:00:00,BIRTH_CERT,11,33,passed,2024-05-20T00:00:00,26.82,
5986,41157,2023-11-12T04:00:00,FAMILY_STATUS,11,144,passed,2024-01-07T04:00:00,66.43,
5987,80858,2023-06-21T22:00:00,BUSINESS_PERMIT,7,52,passed,2023-08-07T22:00:00,154.27,
5988,40107,2023-10-03T19:00:00,TAX_CERT,6,90,passed,2023-10-19T19:00:00,10.6,
5989,77562,2024-01-04T11:00:00,TAX_CERT,9,130,passed,2024-01-20T11:00:00,169.05,
5990,66973,2023-09-26T12:00:00,ID_RENEWAL,11,56,passed,2023-10-09T12:00:00,163.21,
5991,93393,2023-01-28T11:00:00,TAX_CERT,6,143,passed,2023-03-20T11:00:00,41.59,
5992,98671,2024-02-24T02:00:00,BIRTH_CERT,5,150,passed,2024-04-21T02:00:00,151.6,
5993,95469,2023-11-01T02:00:00,ID_RENEWAL,7,120,passed,2023-11-18T02:00:00,125.44,
5994,46023,2023-07-11T14:00:00,FAMILY_STATUS,10,131,passed,2023-07-24T14:00:00,146.12,
5995,72024,2023-09-27T17:00:00,TAX_CERT,2,19,passed,2023-10-11T17:00:00,123.2,
5996,86926,2024-06-09T08:00:00,FAMILY_STATUS,6,133,passed,2024-07-03T08:00:00,147.74,
5997,77732,2023-02-13T01:00:00,BUSINESS_PERMIT,10,45,passed,2023-04-10T01:00:00,110.53,
5998,12805,2023-12-21T23:00:00,ID_RENEWAL,9,6,rejected,2024-01-08T23:00:00,24.66,AUDIT_DONE
5999,37567,2023-01-24T11:00:00,FAMILY_STATUS,8,6,passed,2023-02-18T11:00:00,180.69,
6000,55068,2024-04-02T10:00:00,FAMILY_STATUS,11,38,passed,2024-04-30T10:00:00,123.38,
6001,88615,2024-03-07T16:00:00,ID_RENEWAL,1,180,passed,2024-05-05T16:00:00,53.71,
6002,37664,2023-01-02T03:00:00,BUSINESS_PERMIT,6,178,passed,2023-02-27T03:00:00,22.24,
6003,47413,2023-06-06T08:00:00,BUSINESS_PERMIT,12,48,passed,2023-07-26T08:00:00,129.1,
6004,95311,2023-02-08T00:00:00,BUSINESS_PERMIT,3,89,passed,2023-03-12T00:00:00,138.52,
6005,72002,2023-05-23T09:00:00,BUSINESS_PERMIT,12,69,flagged,2023-06-22T09:00:00,860.74,AUDIT_DONE
6006,17125,2023-06-13T09:00:00,BIRTH_CERT,9,123,passed,2023-07-05T09:00:00,91.62,
6007,22385,2023-08-06T10:00:00,ID_RENEWAL,8,34,passed,2023-09-21T10:00:00,120.64,
6008,92254,2023-02-07T22:00:00,ID_RENEWAL,12,107,passed,2023-03-05T22:00:00,128.19,
6009,12019,2024-06-01T00:00:00,FAMILY_STATUS,5,35,passed,2024-06-20T00:00:00,30.8,
6010,82779,2024-05-03T11:00:00,TAX_CERT,8,64,passed,2024-06-06T11:00:00,155.43,
6011,55487,2024-05-28T15:00:00,TAX_CERT,7,89,rejected,2024-06-26T15:00:00,18.0,AUDIT_DONE
6012,57197,2023-12-06T16:00:00,ID_RENEWAL,7,143,passed,2024-01-16T16:00:00,76.83,
6013,50616,2024-03-12T12:00:00,BIRTH_CERT,5,129,passed,2024-04-13T12:00:00,33.56,
6014,44235,2024-04-29T03:00:00,BUSINESS_PERMIT,4,12,passed,2024-05-28T03:00:00,35.15,
6015,27856,2023-09-29T10:00:00,BIRTH_CERT,4,62,passed,2023-10-28T10:00:00,124.34,
6016,25501,2023-09-29T20:00:00,FAMILY_STATUS,11,131,passed,2023-10-24T20:00:00,91.02,
6017,73226,2024-01-16T01:00:00,ID_RENEWAL,6,171,flagged,2024-02-04T01:00:00,1054.41,AUDIT_DONE
6018,87403,2024-03-13T19:00:00,BUSINESS_PERMIT,6,167,passed,2024-03-26T19:00:00,13.13,
6019,90850,2023-05-04T06:00:00,FAMILY_STATUS,9,166,passed,2023-06-21T06:00:00,174.94,
6020,97185,2023-11-30T18:00:00,TAX_CERT,5,42,passed,2023-12-13T18:00:00,104.9,
6021,70557,2023-09-10T20:00:00,ID_RENEWAL,3,74,passed,2023-10-16T20:00:00,133.55,
6022,70395,2023-03-24T16:00:00,FAMILY_STATUS,1,28,flagged,2023-05-14T16:00:00,1252.91,AUDIT_DONE
6023,78126,2023-07-18T12:00:00,FAMILY_STATUS,1,68,passed,2023-08-31T12:00:00,194.42,
6024,45560,2023-06-08T14:00:00,BUSINESS_PERMIT,2,67,passed,2023-08-03T14:00:00,83.13,
6025,77735,2023-09-16T19:00:00,BIRTH_CERT,4,163,passed,2023-11-06T19:00:00,95.99,
6026,79002,2023-08-06T22:00:00,BUSINESS_PERMIT,9,107,passed,2023-08-18T22:00:00,126.37,
6027,34779,2024-04-15T12:00:00,ID_RENEWAL,5,81,passed,2024-05-10T12:00:00,11.15,
6028,83975,2024-02-29T20:00:00,ID_RENEWAL,6,42,flagged,2024-04-04T20:00:00,1886.23,AUDIT_DONE
6029,58563,2023-01-29T10:00:00,FAMILY_STATUS,4,170,passed,2023-02-06T10:00:00,198.57,
6030,49582,2024-05-16T09:00:00,FAMILY_STATUS,1,36,rejected,2024-06-26T09:00:00,49.75,AUDIT_DONE
6031,22330,2024-01-12T17:00:00,TAX_CERT,8,109,passed,2024-03-12T17:00:00,74.87,
6032,37486,2024-03-01T16:00:00,ID_RENEWAL,2,59,passed,2024-04-05T16:00:00,103.69,
6033,32419,2024-06-16T22:00:00,TAX_CERT,12,62,passed,2024-06-29T22:00:00,183.75,
6034,77676,2023-09-25T10:00:00,ID_RENEWAL,10,45,passed,2023-11-15T10:00:00,162.18,
6035,60228,2023-07-05T09:00:00,TAX_CERT,6,82,flagged,2023-07-18T09:00:00,893.07,AUDIT_DONE
6036,26457,2024-04-21T08:00:00,BIRTH_CERT,4,86,passed,2024-06-05T08:00:00,156.66,
6037,70905,2024-02-26T06:00:00,FAMILY_STATUS,3,127,flagged,2024-03-10T06:00:00,984.63,AUDIT_DONE
6038,92748,2023-02-04T04:00:00,BUSINESS_PERMIT,9,20,passed,2023-04-01T04:00:00,76.07,
6039,10269,2024-02-02T07:00:00,TAX_CERT,5,71,passed,2024-03-06T07:00:00,55.97,
6040,93665,2024-01-20T06:00:00,TAX_CERT,4,94,passed,2024-02-21T06:00:00,14.77,
6041,21552,2024-05-22T01:00:00,FAMILY_STATUS,3,85,passed,2024-07-14T01:00:00,72.0,
6042,76497,2023-08-22T11:00:00,FAMILY_STATUS,2,122,passed,2023-09-22T11:00:00,39.6,
6043,16722,2023-02-14T08:00:00,TAX_CERT,12,169,passed,2023-03-17T08:00:00,72.73,
6044,14657,2023-09-09T10:00:00,FAMILY_STATUS,5,168,passed,2023-10-02T10:00:00,175.45,
6045,90321,2024-01-04T07:00:00,ID_RENEWAL,1,104,flagged,2024-01-25T07:00:00,1953.44,AUDIT_DONE
6046,57682,2023-01-05T08:00:00,TAX_CERT,6,168,passed,2023-02-11T08:00:00,120.86,
6047,83716,2023-07-21T08:00:00,TAX_CERT,1,130,passed,2023-08-23T08:00:00,150.4,
6048,82720,2023-08-13T10:00:00,ID_RENEWAL,6,92,passed,2023-09-26T10:00:00,101.82,
6049,67509,2024-06-22T04:00:00,FAMILY_STATUS,9,67,flagged,2024-08-17T04:00:00,1535.03,AUDIT_DONE
6050,74006,2024-02-03T18:00:00,TAX_CERT,9,11,passed,2024-03-04T18:00:00,69.05,
6051,63222,2023-07-27T16:00:00,BUSINESS_PERMIT,1,118,passed,2023-08-11T16:00:00,146.88,
6052,13437,2023-01-01T18:00:00,ID_RENEWAL,11,74,passed,2023-01-31T18:00:00,50.37,
6053,52367,2024-04-10T10:00:00,BIRTH_CERT,1,86,passed,2024-05-09T10:00:00,167.75,
6054,75121,2023-02-09T20:00:00,TAX_CERT,7,83,passed,2023-03-25T20:00:00,79.38,
6055,18029,2023-06-17T06:00:00,BUSINESS_PERMIT,3,75,passed,2023-06-25T06:00:00,50.41,
6056,83885,2023-09-02T22:00:00,BUSINESS_PERMIT,2,147,passed,2023-10-06T22:00:00,7.44,
6057,98035,2023-04-14T23:00:00,ID_RENEWAL,4,98,flagged,2023-04-26T23:00:00,1207.86,AUDIT_DONE
6058,24262,2023-11-05T22:00:00,TAX_CERT,3,13,rejected,2023-12-07T22:00:00,7.7,AUDIT_DONE
6059,25809,2023-05-28T06:00:00,FAMILY_STATUS,3,142,passed,2023-07-22T06:00:00,171.25,
6060,29089,2023-01-03T22:00:00,FAMILY_STATUS,3,163,passed,2023-01-18T22:00:00,65.98,
6061,17304,2023-06-09T05:00:00,ID_RENEWAL,5,62,passed,2023-06-24T05:00:00,46.29,
6062,81378,2023-01-28T03:00:00,TAX_CERT,4,34,passed,2023-02-14T03:00:00,187.65,
6063,84340,2023-09-29T21:00:00,ID_RENEWAL,4,86,passed,2023-11-06T21:00:00,117.21,
6064,93390,2023-08-27T10:00:00,BUSINESS_PERMIT,4,42,passed,2023-09-10T10:00:00,194.64,
6065,63464,2024-02-25T05:00:00,BUSINESS_PERMIT,10,72,flagged,2024-03-20T05:00:00,1635.6,AUDIT_DONE
6066,69546,2024-01-20T09:00:00,BUSINESS_PERMIT,1,138,flagged,2024-03-05T09:00:00,1877.89,AUDIT_DONE
6067,10034,2024-01-07T06:00:00,BUSINESS_PERMIT,7,18,rejected,2024-01-26T06:00:00,0.17,AUDIT_DONE
6068,17176,2023-02-10T19:00:00,TAX_CERT,1,101,passed,2023-03-13T19:00:00,185.98,
6069,65233,2024-05-11T06:00:00,ID_RENEWAL,2,86,passed,2024-05-28T06:00:00,167.9,
6070,88409,2024-05-16T23:00:00,BIRTH_CERT,4,110,passed,2024-06-12T23:00:00,29.12,
6071,49416,2024-04-26T22:00:00,TAX_CERT,8,117,passed,2024-05-14T22:00:00,145.26,
6072,34388,2024-05-29T04:00:00,TAX_CERT,2,72,passed,2024-06-15T04:00:00,118.8,
6073,33147,2023-08-17T06:00:00,TAX_CERT,9,22,passed,2023-09-13T06:00:00,187.76,
6074,86140,2023-08-11T10:00:00,FAMILY_STATUS,10,8,passed,2023-08-19T10:00:00,97.07,
6075,50828,2023-02-13T23:00:00,FAMILY_STATUS,11,25,rejected,2023-03-02T23:00:00,14.96,AUDIT_DONE
6076,98519,2023-06-14T05:00:00,ID_RENEWAL,10,40,passed,2023-07-19T05:00:00,73.94,
6077,94425,2024-06-18T21:00:00,FAMILY_STATUS,11,146,passed,2024-08-08T21:00:00,141.25,
6078,35770,2023-02-05T08:00:00,BUSINESS_PERMIT,7,41,passed,2023-02-24T08:00:00,122.72,
6079,40708,2023-10-13T03:00:00,TAX_CERT,6,51,flagged,2023-12-10T03:00:00,1463.38,AUDIT_DONE
6080,20444,2024-06-18T14:00:00,BIRTH_CERT,9,165,rejected,2024-08-03T14:00:00,18.26,AUDIT_DONE
6081,83582,2023-01-23T10:00:00,BUSINESS_PERMIT,4,9,passed,2023-02-20T10:00:00,148.92,
6082,72521,2024-01-06T18:00:00,TAX_CERT,6,16,passed,2024-02-04T18:00:00,198.26,
6083,10587,2023-08-19T05:00:00,BIRTH_CERT,12,179,passed,2023-09-25T05:00:00,2.8,
6084,49056,2024-03-07T02:00:00,BUSINESS_PERMIT,9,112,passed,2024-05-05T02:00:00,60.7,
6085,22841,2024-04-12T09:00:00,FAMILY_STATUS,8,162,flagged,2024-05-28T09:00:00,1001.83,AUDIT_DONE
6086,93627,2023-09-13T23:00:00,BUSINESS_PERMIT,6,166,passed,2023-10-25T23:00:00,72.61,
6087,10088,2023-05-20T21:00:00,TAX_CERT,3,118,flagged,2023-07-08T21:00:00,1837.42,AUDIT_DONE
6088,44626,2023-12-07T04:00:00,ID_RENEWAL,11,175,passed,2024-01-25T04:00:00,160.35,
6089,63802,2023-04-24T23:00:00,TAX_CERT,11,16,flagged,2023-05-23T23:00:00,1849.1,AUDIT_DONE
6090,76505,2023-11-07T02:00:00,ID_RENEWAL,3,109,passed,2023-12-25T02:00:00,89.14,
6091,42552,2023-09-29T01:00:00,TAX_CERT,12,81,passed,2023-10-08T01:00:00,60.44,
6092,30431,2024-03-10T08:00:00,ID_RENEWAL,3,74,flagged,2024-03-29T08:00:00,1189.89,AUDIT_DONE
6093,48657,2024-03-16T10:00:00,TAX_CERT,5,58,passed,2024-03-27T10:00:00,81.6,
6094,37230,2023-11-02T01:00:00,BUSINESS_PERMIT,12,171,rejected,2024-01-01T01:00:00,42.06,AUDIT_DONE
6095,18514,2023-03-14T11:00:00,FAMILY_STATUS,3,69,passed,2023-04-28T11:00:00,23.95,
6096,57861,2024-02-26T17:00:00,TAX_CERT,4,167,rejected,2024-04-20T17:00:00,30.95,AUDIT_DONE
6097,62671,2023-03-21T23:00:00,FAMILY_STATUS,3,42,rejected,2023-05-16T23:00:00,8.17,AUDIT_DONE
6098,92060,2024-03-30T09:00:00,BUSINESS_PERMIT,8,141,passed,2024-05-17T09:00:00,86.97,
6099,14851,2023-10-25T09:00:00,BUSINESS_PERMIT,3,130,passed,2023-11-15T09:00:00,187.29,
6100,14805,2023-01-31T14:00:00,ID_RENEWAL,9,21,flagged,2023-03-25T14:00:00,1678.08,AUDIT_DONE
6101,93908,2023-05-19T09:00:00,FAMILY_STATUS,5,135,flagged,2023-07-03T09:00:00,1246.3,AUDIT_DONE
6102,12588,2023-05-12T03:00:00,ID_RENEWAL,2,131,passed,2023-06-29T03:00:00,143.29,
6103,18091,2023-10-14T08:00:00,BUSINESS_PERMIT,10,18,flagged,2023-12-09T08:00:00,1589.47,AUDIT_DONE
6104,84713,2023-06-23T22:00:00,TAX_CERT,4,177,passed,2023-07-18T22:00:00,167.99,
6105,47901,2023-02-01T09:00:00,ID_RENEWAL,10,154,passed,2023-03-06T09:00:00,142.59,
6106,99791,2023-09-29T02:00:00,TAX_CERT,3,19,passed,2023-10-23T02:00:00,8.02,
6107,78444,2023-03-18T00:00:00,BIRTH_CERT,6,95,flagged,2023-04-17T00:00:00,1060.43,AUDIT_DONE
6108,68310,2024-04-11T17:00:00,FAMILY_STATUS,6,10,passed,2024-05-15T17:00:00,3.08,
6109,53533,2023-04-29T08:00:00,BUSINESS_PERMIT,2,68,passed,2023-05-10T08:00:00,69.11,
6110,72145,2023-01-22T18:00:00,ID_RENEWAL,6,31,passed,2023-02-27T18:00:00,26.32,
6111,26012,2023-06-09T02:00:00,ID_RENEWAL,6,59,passed,2023-07-07T02:00:00,22.97,
6112,43561,2023-03-23T22:00:00,TAX_CERT,7,45,flagged,2023-04-05T22:00:00,1365.06,AUDIT_DONE
6113,65294,2024-01-14T19:00:00,FAMILY_STATUS,4,68,passed,2024-03-02T19:00:00,78.58,
6114,55581,2023-01-11T20:00:00,TAX_CERT,5,179,flagged,2023-02-07T20:00:00,1024.13,AUDIT_DONE
6115,29087,2023-05-05T22:00:00,ID_RENEWAL,1,128,passed,2023-05-23T22:00:00,179.34,
6116,33173,2024-03-25T04:00:00,FAMILY_STATUS,6,9,passed,2024-04-21T04:00:00,197.69,
6117,66166,2023-01-21T17:00:00,BIRTH_CERT,9,112,flagged,2023-03-08T17:00:00,841.38,AUDIT_DONE
6118,86325,2023-05-12T10:00:00,BIRTH_CERT,4,61,passed,2023-05-19T10:00:00,19.83,
6119,17722,2023-09-01T02:00:00,ID_RENEWAL,10,26,rejected,2023-09-25T02:00:00,35.26,AUDIT_DONE
6120,86969,2024-06-01T03:00:00,TAX_CERT,3,160,passed,2024-07-28T03:00:00,141.46,
6121,53965,2023-07-09T16:00:00,BIRTH_CERT,9,115,flagged,2023-07-20T16:00:00,1167.08,AUDIT_DONE
6122,53355,2023-09-21T19:00:00,ID_RENEWAL,3,92,passed,2023-11-12T19:00:00,38.34,
6123,66818,2023-06-02T12:00:00,BIRTH_CERT,7,67,passed,2023-07-13T12:00:00,95.84,
6124,19184,2024-02-08T13:00:00,TAX_CERT,5,141,passed,2024-03-07T13:00:00,16.6,
6125,65845,2023-05-19T22:00:00,BUSINESS_PERMIT,8,38,flagged,2023-07-12T22:00:00,1026.83,AUDIT_DONE
6126,76531,2024-04-27T15:00:00,ID_RENEWAL,10,133,passed,2024-06-02T15:00:00,77.08,
6127,75970,2023-01-12T15:00:00,BIRTH_CERT,1,131,passed,2023-01-22T15:00:00,26.95,
6128,35034,2023-08-17T20:00:00,ID_RENEWAL,6,22,flagged,2023-09-07T20:00:00,1833.49,AUDIT_DONE
6129,66658,2023-12-30T14:00:00,BUSINESS_PERMIT,10,46,passed,2024-01-21T14:00:00,36.06,
6130,29795,2023-03-27T22:00:00,BIRTH_CERT,7,165,passed,2023-05-25T22:00:00,16.47,
6131,17595,2023-11-30T23:00:00,BIRTH_CERT,2,174,passed,2024-01-01T23:00:00,128.88,
6132,82702,2024-03-04T18:00:00,FAMILY_STATUS,7,29,rejected,2024-03-12T18:00:00,42.54,AUDIT_DONE
6133,95878,2023-01-02T21:00:00,BUSINESS_PERMIT,4,160,passed,2023-02-20T21:00:00,113.6,
6134,37103,2024-02-05T15:00:00,TAX_CERT,4,106,passed,2024-02-26T15:00:00,105.73,
6135,66126,2023-12-21T01:00:00,ID_RENEWAL,7,101,flagged,2024-01-28T01:00:00,1571.32,AUDIT_DONE
6136,16378,2023-12-15T11:00:00,BIRTH_CERT,1,135,passed,2024-01-12T11:00:00,129.72,
6137,16285,2023-02-24T17:00:00,BIRTH_CERT,4,12,passed,2023-03-26T17:00:00,124.38,
6138,20201,2024-06-01T01:00:00,BIRTH_CERT,6,95,flagged,2024-06-27T01:00:00,1913.75,AUDIT_DONE
6139,58732,2023-10-22T02:00:00,ID_RENEWAL,3,67,passed,2023-11-01T02:00:00,13.17,
6140,22086,2023-07-04T19:00:00,BIRTH_CERT,11,150,passed,2023-08-05T19:00:00,8.46,
6141,80333,2023-05-01T20:00:00,TAX_CERT,9,29,flagged,2023-06-16T20:00:00,1880.14,AUDIT_DONE
6142,22278,2024-02-27T15:00:00,BUSINESS_PERMIT,9,68,passed,2024-04-27T15:00:00,47.4,
6143,67075,2024-03-29T08:00:00,BUSINESS_PERMIT,10,179,passed,2024-05-05T08:00:00,23.78,
6144,34677,2023-12-07T11:00:00,BUSINESS_PERMIT,1,178,rejected,2023-12-31T11:00:00,39.51,AUDIT_DONE
6145,97139,2023-12-14T20:00:00,TAX_CERT,4,27,passed,2024-01-31T20:00:00,89.16,
6146,61598,2023-07-01T19:00:00,ID_RENEWAL,6,14,flagged,2023-08-12T19:00:00,1097.35,AUDIT_DONE
6147,67947,2023-07-22T18:00:00,FAMILY_STATUS,1,55,passed,2023-08-25T18:00:00,58.23,
6148,51350,2024-02-10T15:00:00,TAX_CERT,6,53,flagged,2024-02-21T15:00:00,1189.99,AUDIT_DONE
6149,75073,2023-09-22T21:00:00,ID_RENEWAL,12,127,passed,2023-10-07T21:00:00,119.69,
6150,13377,2024-06-14T03:00:00,TAX_CERT,3,15,passed,2024-08-12T03:00:00,8.95,
6151,10723,2024-05-19T17:00:00,BIRTH_CERT,2,1,passed,2024-06-04T17:00:00,49.82,
6152,99831,2023-06-05T07:00:00,BIRTH_CERT,5,25,flagged,2023-07-20T07:00:00,1286.02,AUDIT_DONE
6153,56340,2023-01-26T18:00:00,ID_RENEWAL,8,89,passed,2023-03-25T18:00:00,104.05,
6154,50950,2024-02-15T12:00:00,FAMILY_STATUS,2,145,passed,2024-03-09T12:00:00,176.01,
6155,19816,2023-02-19T08:00:00,BUSINESS_PERMIT,4,152,passed,2023-03-23T08:00:00,134.28,
6156,27332,2023-05-25T04:00:00,BUSINESS_PERMIT,12,44,rejected,2023-06-29T04:00:00,34.49,AUDIT_DONE
6157,32200,2023-04-18T00:00:00,BUSINESS_PERMIT,6,69,flagged,2023-04-27T00:00:00,1749.93,AUDIT_DONE
6158,56622,2023-01-20T23:00:00,FAMILY_STATUS,3,134,passed,2023-02-22T23:00:00,170.29,
6159,62521,2023-05-26T02:00:00,FAMILY_STATUS,12,136,passed,2023-07-04T02:00:00,76.61,
6160,89493,2023-08-11T06:00:00,ID_RENEWAL,11,150,passed,2023-08-30T06:00:00,54.89,
6161,93754,2023-02-13T05:00:00,FAMILY_STATUS,4,139,passed,2023-02-25T05:00:00,88.18,
6162,59511,2023-11-07T08:00:00,ID_RENEWAL,4,58,passed,2023-11-28T08:00:00,153.65,
6163,89016,2023-03-05T16:00:00,FAMILY_STATUS,6,113,passed,2023-04-10T16:00:00,155.58,
6164,33556,2024-03-29T12:00:00,BIRTH_CERT,4,27,passed,2024-04-21T12:00:00,43.56,
6165,80414,2023-01-17T00:00:00,FAMILY_STATUS,3,74,rejected,2023-02-24T00:00:00,8.3,AUDIT_DONE
6166,19095,2023-06-10T06:00:00,TAX_CERT,5,103,flagged,2023-07-07T06:00:00,1590.18,AUDIT_DONE
6167,63595,2023-04-25T13:00:00,ID_RENEWAL,8,104,flagged,2023-06-09T13:00:00,1784.73,AUDIT_DONE
6168,68429,2023-04-01T00:00:00,BIRTH_CERT,7,110,flagged,2023-05-17T00:00:00,1406.81,AUDIT_DONE
6169,82399,2023-06-13T22:00:00,TAX_CERT,5,34,flagged,2023-07-13T22:00:00,1817.04,AUDIT_DONE
6170,96380,2023-08-12T17:00:00,FAMILY_STATUS,6,65,flagged,2023-09-28T17:00:00,1899.86,AUDIT_DONE
6171,62350,2023-10-29T20:00:00,TAX_CERT,6,5,passed,2023-12-10T20:00:00,176.25,
6172,88993,2024-06-23T06:00:00,ID_RENEWAL,12,65,passed,2024-07-24T06:00:00,189.69,
6173,28015,2024-06-19T03:00:00,BIRTH_CERT,5,76,passed,2024-06-28T03:00:00,78.26,
6174,20056,2024-02-19T10:00:00,FAMILY_STATUS,4,47,passed,2024-03-11T10:00:00,141.93,
6175,90998,2023-07-26T00:00:00,ID_RENEWAL,8,5,passed,2023-08-08T00:00:00,120.18,
6176,19922,2023-10-26T22:00:00,FAMILY_STATUS,9,179,passed,2023-11-03T22:00:00,84.97,
6177,46326,2023-03-05T16:00:00,FAMILY_STATUS,12,164,flagged,2023-03-27T16:00:00,1894.43,AUDIT_DONE
6178,42960,2023-03-14T05:00:00,FAMILY_STATUS,10,136,passed,2023-05-07T05:00:00,198.36,
6179,24162,2023-10-07T02:00:00,FAMILY_STATUS,9,54,passed,2023-11-16T02:00:00,99.23,
6180,50437,2024-05-18T22:00:00,TAX_CERT,5,38,flagged,2024-07-15T22:00:00,828.36,AUDIT_DONE
6181,95244,2024-06-22T04:00:00,ID_RENEWAL,1,52,passed,2024-07-02T04:00:00,165.21,
6182,14530,2024-03-29T16:00:00,FAMILY_STATUS,7,115,passed,2024-04-05T16:00:00,66.59,
6183,60303,2023-07-14T23:00:00,ID_RENEWAL,6,124,flagged,2023-08-30T23:00:00,1820.35,AUDIT_DONE
6184,33693,2023-08-14T12:00:00,FAMILY_STATUS,8,54,passed,2023-09-07T12:00:00,77.81,
6185,39346,2024-04-28T08:00:00,TAX_CERT,2,92,flagged,2024-06-01T08:00:00,911.78,AUDIT_DONE
6186,30481,2023-11-20T13:00:00,FAMILY_STATUS,7,17,passed,2024-01-15T13:00:00,101.66,
6187,68930,2023-09-05T13:00:00,FAMILY_STATUS,5,140,passed,2023-09-22T13:00:00,88.72,
6188,13864,2024-05-22T15:00:00,ID_RENEWAL,4,16,flagged,2024-06-23T15:00:00,881.98,AUDIT_DONE
6189,17889,2024-05-19T21:00:00,ID_RENEWAL,5,23,passed,2024-07-11T21:00:00,61.31,
6190,53260,2023-06-08T10:00:00,BIRTH_CERT,7,174,passed,2023-07-28T10:00:00,40.45,
6191,72110,2024-03-12T04:00:00,BUSINESS_PERMIT,8,134,passed,2024-04-23T04:00:00,161.43,
6192,25913,2024-05-05T12:00:00,FAMILY_STATUS,6,67,passed,2024-06-11T12:00:00,44.88,
6193,26739,2023-12-19T03:00:00,BIRTH_CERT,4,116,passed,2024-02-13T03:00:00,175.61,
6194,84720,2023-06-17T13:00:00,TAX_CERT,6,166,flagged,2023-07-05T13:00:00,1956.93,AUDIT_DONE
6195,54702,2024-01-21T15:00:00,FAMILY_STATUS,6,100,passed,2024-02-13T15:00:00,73.97,
6196,42348,2023-01-15T07:00:00,BIRTH_CERT,5,150,passed,2023-02-27T07:00:00,102.03,
6197,92363,2024-04-04T11:00:00,TAX_CERT,10,92,passed,2024-04-30T11:00:00,79.86,
6198,44074,2023-07-05T21:00:00,BUSINESS_PERMIT,1,149,passed,2023-07-28T21:00:00,6.73,
6199,11464,2024-02-12T11:00:00,ID_RENEWAL,9,179,passed,2024-04-08T11:00:00,132.31,
6200,41456,2024-04-24T12:00:00,BIRTH_CERT,12,156,passed,2024-05-18T12:00:00,89.26,
6201,77856,2023-12-06T23:00:00,TAX_CERT,3,133,passed,2024-01-04T23:00:00,170.26,
6202,91248,2023-10-05T20:00:00,BUSINESS_PERMIT,11,69,passed,2023-11-18T20:00:00,26.29,
6203,46739,2023-09-03T17:00:00,ID_RENEWAL,6,80,passed,2023-10-31T17:00:00,169.45,
6204,77575,2023-06-09T19:00:00,BIRTH_CERT,5,138,flagged,2023-07-13T19:00:00,1161.85,AUDIT_DONE
6205,91502,2024-01-30T22:00:00,ID_RENEWAL,12,161,passed,2024-03-17T22:00:00,191.55,
6206,50283,2024-04-07T12:00:00,BUSINESS_PERMIT,4,66,rejected,2024-04-24T12:00:00,8.7,AUDIT_DONE
6207,80387,2024-04-21T03:00:00,ID_RENEWAL,2,90,passed,2024-05-28T03:00:00,91.22,
6208,59556,2023-12-16T13:00:00,BUSINESS_PERMIT,2,104,passed,2024-01-05T13:00:00,148.11,
6209,12628,2023-03-29T07:00:00,TAX_CERT,12,136,flagged,2023-04-23T07:00:00,1036.99,AUDIT_DONE
6210,25766,2023-03-19T18:00:00,BUSINESS_PERMIT,12,31,passed,2023-05-14T18:00:00,83.08,
6211,78514,2023-06-23T09:00:00,BIRTH_CERT,12,173,passed,2023-08-03T09:00:00,123.47,
6212,33613,2024-03-17T15:00:00,FAMILY_STATUS,7,45,rejected,2024-04-01T15:00:00,3.8,AUDIT_DONE
6213,95492,2024-04-20T18:00:00,BIRTH_CERT,11,162,passed,2024-05-22T18:00:00,51.53,
6214,22058,2024-03-09T14:00:00,FAMILY_STATUS,1,176,passed,2024-04-13T14:00:00,78.48,
6215,80356,2024-06-15T21:00:00,FAMILY_STATUS,10,92,passed,2024-07-21T21:00:00,28.19,
6216,91294,2023-06-26T06:00:00,TAX_CERT,6,39,passed,2023-07-04T06:00:00,11.03,
6217,47480,2023-10-27T02:00:00,BUSINESS_PERMIT,4,114,passed,2023-11-11T02:00:00,68.22,
6218,18678,2023-04-09T02:00:00,BIRTH_CERT,6,81,passed,2023-04-27T02:00:00,37.14,
6219,69106,2023-04-26T18:00:00,ID_RENEWAL,6,22,passed,2023-05-03T18:00:00,156.44,
6220,25331,2024-03-21T14:00:00,TAX_CERT,8,168,passed,2024-04-09T14:00:00,133.49,
6221,48795,2023-04-10T12:00:00,TAX_CERT,5,81,passed,2023-05-12T12:00:00,39.29,
6222,32915,2023-12-24T10:00:00,ID_RENEWAL,1,58,rejected,2024-02-13T10:00:00,12.24,AUDIT_DONE
6223,52926,2023-02-03T03:00:00,BIRTH_CERT,3,87,rejected,2023-03-10T03:00:00,34.91,AUDIT_DONE
6224,68851,2023-03-12T09:00:00,BUSINESS_PERMIT,10,151,passed,2023-04-24T09:00:00,71.63,
6225,79842,2023-02-13T07:00:00,TAX_CERT,2,180,flagged,2023-03-19T07:00:00,802.24,AUDIT_DONE
6226,38364,2024-01-14T17:00:00,FAMILY_STATUS,4,48,passed,2024-03-12T17:00:00,179.79,
6227,76885,2023-11-10T11:00:00,BIRTH_CERT,7,50,flagged,2023-12-26T11:00:00,1849.75,AUDIT_DONE
6228,49360,2023-08-24T13:00:00,FAMILY_STATUS,9,111,passed,2023-10-23T13:00:00,126.54,
6229,27339,2023-11-13T18:00:00,BUSINESS_PERMIT,9,30,passed,2023-12-02T18:00:00,80.76,
6230,13017,2024-04-04T06:00:00,FAMILY_STATUS,10,36,passed,2024-05-26T06:00:00,75.4,
6231,20009,2023-05-24T18:00:00,ID_RENEWAL,5,38,passed,2023-07-18T18:00:00,172.76,
6232,92666,2023-06-29T08:00:00,FAMILY_STATUS,8,68,rejected,2023-08-25T08:00:00,32.11,AUDIT_DONE
6233,85477,2023-02-21T13:00:00,BIRTH_CERT,10,170,passed,2023-03-03T13:00:00,179.93,
6234,38250,2023-08-01T16:00:00,BIRTH_CERT,8,35,flagged,2023-08-09T16:00:00,913.28,AUDIT_DONE
6235,88094,2023-06-04T23:00:00,ID_RENEWAL,10,158,passed,2023-08-02T23:00:00,117.5,
6236,91484,2023-04-18T11:00:00,FAMILY_STATUS,1,171,rejected,2023-05-18T11:00:00,33.88,AUDIT_DONE
6237,92322,2023-11-02T15:00:00,BUSINESS_PERMIT,7,21,passed,2023-11-12T15:00:00,197.52,
6238,10803,2024-06-09T01:00:00,FAMILY_STATUS,4,10,passed,2024-06-17T01:00:00,193.38,
6239,25532,2023-10-04T13:00:00,FAMILY_STATUS,9,5,passed,2023-10-23T13:00:00,140.15,
6240,34348,2023-08-05T07:00:00,ID_RENEWAL,7,1,rejected,2023-08-24T07:00:00,24.68,AUDIT_DONE
6241,95934,2023-04-21T03:00:00,BIRTH_CERT,6,69,passed,2023-06-14T03:00:00,123.89,
6242,88160,2023-05-14T18:00:00,BUSINESS_PERMIT,2,175,passed,2023-05-27T18:00:00,147.08,
6243,64564,2023-02-18T19:00:00,FAMILY_STATUS,2,61,passed,2023-04-07T19:00:00,13.15,
6244,62156,2023-05-12T00:00:00,ID_RENEWAL,6,147,passed,2023-07-08T00:00:00,126.9,
6245,96721,2023-01-28T02:00:00,TAX_CERT,7,134,passed,2023-02-25T02:00:00,151.26,
6246,92793,2024-03-02T00:00:00,TAX_CERT,10,99,passed,2024-04-01T00:00:00,121.69,
6247,64270,2023-10-01T19:00:00,ID_RENEWAL,8,54,passed,2023-11-14T19:00:00,0.6,
6248,13797,2023-04-30T11:00:00,FAMILY_STATUS,4,86,passed,2023-06-26T11:00:00,126.14,
6249,83477,2023-08-14T05:00:00,BIRTH_CERT,6,111,flagged,2023-10-03T05:00:00,1912.48,AUDIT_DONE
6250,53314,2023-01-18T09:00:00,FAMILY_STATUS,10,127,passed,2023-03-01T09:00:00,82.36,
6251,47069,2023-12-31T03:00:00,ID_RENEWAL,11,104,passed,2024-02-21T03:00:00,42.06,
6252,93911,2023-12-07T20:00:00,BIRTH_CERT,8,173,rejected,2023-12-19T20:00:00,14.46,AUDIT_DONE
6253,94403,2023-07-29T11:00:00,BIRTH_CERT,4,146,passed,2023-09-06T11:00:00,0.29,
6254,98880,2023-03-17T22:00:00,FAMILY_STATUS,7,103,passed,2023-05-02T22:00:00,137.44,
6255,79552,2023-06-08T02:00:00,ID_RENEWAL,9,86,passed,2023-07-09T02:00:00,170.1,
6256,77472,2023-09-25T22:00:00,BIRTH_CERT,4,156,passed,2023-10-04T22:00:00,117.98,
6257,89788,2023-05-27T10:00:00,BIRTH_CERT,9,163,passed,2023-06-15T10:00:00,102.78,
6258,20819,2023-02-16T06:00:00,TAX_CERT,8,7,passed,2023-04-12T06:00:00,94.3,
6259,78073,2023-02-22T11:00:00,FAMILY_STATUS,9,143,passed,2023-03-20T11:00:00,128.49,
6260,20176,2023-07-30T22:00:00,TAX_CERT,1,117,passed,2023-09-10T22:00:00,91.75,
6261,11868,2023-09-20T00:00:00,FAMILY_STATUS,12,152,passed,2023-10-14T00:00:00,130.77,
6262,60631,2023-02-28T23:00:00,ID_RENEWAL,2,142,passed,2023-04-21T23:00:00,142.08,
6263,49900,2024-05-21T01:00:00,ID_RENEWAL,1,10,rejected,2024-06-19T01:00:00,25.74,AUDIT_DONE
6264,86371,2023-05-19T21:00:00,FAMILY_STATUS,4,171,passed,2023-05-26T21:00:00,185.05,
6265,29150,2023-11-30T05:00:00,FAMILY_STATUS,6,84,flagged,2023-12-31T05:00:00,1639.66,AUDIT_DONE
6266,83922,2024-01-05T13:00:00,BIRTH_CERT,2,70,passed,2024-02-23T13:00:00,187.35,
6267,53689,2024-04-01T01:00:00,TAX_CERT,2,15,passed,2024-04-15T01:00:00,132.27,
6268,77516,2023-09-19T03:00:00,TAX_CERT,8,111,passed,2023-10-15T03:00:00,19.25,
6269,27763,2023-06-11T08:00:00,BUSINESS_PERMIT,12,10,passed,2023-08-05T08:00:00,149.89,
6270,83869,2023-03-20T04:00:00,FAMILY_STATUS,2,100,flagged,2023-05-11T04:00:00,1295.52,AUDIT_DONE
6271,37136,2024-06-12T02:00:00,TAX_CERT,12,164,passed,2024-06-29T02:00:00,15.4,
6272,92004,2023-01-24T03:00:00,BUSINESS_PERMIT,7,117,passed,2023-02-23T03:00:00,76.31,
6273,60886,2024-04-20T07:00:00,BIRTH_CERT,3,57,passed,2024-05-09T07:00:00,129.43,
6274,32965,2023-11-11T03:00:00,BIRTH_CERT,5,62,passed,2023-11-28T03:00:00,78.62,
6275,36176,2023-01-24T23:00:00,BIRTH_CERT,8,68,passed,2023-02-20T23:00:00,128.63,
6276,45432,2023-01-14T10:00:00,TAX_CERT,12,158,passed,2023-03-08T10:00:00,122.95,
6277,68407,2024-06-21T20:00:00,BUSINESS_PERMIT,2,112,passed,2024-07-19T20:00:00,79.45,
6278,26031,2023-07-03T02:00:00,ID_RENEWAL,1,180,passed,2023-07-28T02:00:00,37.0,
6279,76707,2024-01-17T18:00:00,ID_RENEWAL,2,90,flagged,2024-02-29T18:00:00,1886.21,AUDIT_DONE
6280,58241,2024-01-18T10:00:00,TAX_CERT,6,24,passed,2024-03-10T10:00:00,118.59,
6281,35984,2024-03-10T08:00:00,TAX_CERT,4,161,passed,2024-04-16T08:00:00,27.55,
6282,84255,2023-11-09T04:00:00,BIRTH_CERT,5,135,passed,2023-11-26T04:00:00,128.62,
6283,70156,2023-03-03T21:00:00,TAX_CERT,3,6,flagged,2023-04-20T21:00:00,1540.66,AUDIT_DONE
6284,14292,2024-01-29T10:00:00,FAMILY_STATUS,2,168,passed,2024-02-14T10:00:00,143.8,
6285,57565,2023-12-10T15:00:00,BUSINESS_PERMIT,9,29,rejected,2024-01-04T15:00:00,12.21,AUDIT_DONE
6286,46782,2023-05-21T23:00:00,ID_RENEWAL,6,59,passed,2023-06-05T23:00:00,12.09,
6287,49631,2023-08-13T00:00:00,FAMILY_STATUS,1,30,passed,2023-09-16T00:00:00,13.18,
6288,98730,2023-07-09T02:00:00,ID_RENEWAL,5,64,passed,2023-08-28T02:00:00,95.63,
6289,72161,2024-01-16T10:00:00,ID_RENEWAL,11,158,passed,2024-02-22T10:00:00,26.63,
6290,72001,2023-05-10T13:00:00,BIRTH_CERT,1,79,passed,2023-06-27T13:00:00,79.9,
6291,94930,2024-06-14T14:00:00,FAMILY_STATUS,12,48,passed,2024-07-18T14:00:00,134.37,
6292,48005,2023-03-21T02:00:00,BIRTH_CERT,4,90,passed,2023-04-24T02:00:00,89.57,
6293,84021,2024-01-25T14:00:00,BUSINESS_PERMIT,3,180,passed,2024-02-14T14:00:00,80.58,
6294,75418,2024-06-02T00:00:00,FAMILY_STATUS,1,114,passed,2024-06-27T00:00:00,21.19,
6295,28878,2023-02-18T21:00:00,BUSINESS_PERMIT,6,163,passed,2023-03-01T21:00:00,9.1,
6296,39281,2023-01-09T23:00:00,TAX_CERT,5,37,passed,2023-02-21T23:00:00,139.94,
6297,63252,2023-05-22T06:00:00,ID_RENEWAL,9,22,flagged,2023-06-05T06:00:00,1078.76,AUDIT_DONE
6298,50291,2024-03-17T12:00:00,BUSINESS_PERMIT,12,160,flagged,2024-05-06T12:00:00,1366.0,AUDIT_DONE
6299,86027,2024-05-13T01:00:00,FAMILY_STATUS,8,30,passed,2024-07-10T01:00:00,199.2,
6300,41441,2023-03-11T03:00:00,BIRTH_CERT,2,95,passed,2023-03-26T03:00:00,180.52,
6301,62514,2023-03-03T06:00:00,ID_RENEWAL,8,31,passed,2023-04-12T06:00:00,73.79,
6302,49627,2023-07-06T12:00:00,FAMILY_STATUS,5,34,passed,2023-08-28T12:00:00,174.02,
6303,68455,2024-06-05T17:00:00,ID_RENEWAL,12,74,flagged,2024-06-25T17:00:00,1688.92,AUDIT_DONE
6304,97825,2023-10-15T14:00:00,ID_RENEWAL,11,142,passed,2023-11-24T14:00:00,172.86,
6305,75237,2024-01-01T20:00:00,BIRTH_CERT,12,118,passed,2024-02-29T20:00:00,13.5,
6306,44136,2023-09-22T20:00:00,BIRTH_CERT,5,72,passed,2023-10-30T20:00:00,31.23,
6307,36855,2023-09-19T05:00:00,BUSINESS_PERMIT,5,79,rejected,2023-11-17T05:00:00,22.08,AUDIT_DONE
6308,70101,2024-02-04T13:00:00,ID_RENEWAL,1,74,passed,2024-04-01T13:00:00,151.16,
6309,74196,2023-05-03T17:00:00,BUSINESS_PERMIT,9,20,passed,2023-06-26T17:00:00,105.22,
6310,48231,2023-08-14T09:00:00,FAMILY_STATUS,8,119,passed,2023-09-23T09:00:00,83.52,
6311,23414,2023-05-09T14:00:00,BIRTH_CERT,4,178,rejected,2023-06-25T14:00:00,32.11,AUDIT_DONE
6312,37999,2024-06-16T03:00:00,FAMILY_STATUS,6,107,passed,2024-06-30T03:00:00,170.99,
6313,93463,2023-10-11T20:00:00,ID_RENEWAL,11,91,passed,2023-11-16T20:00:00,87.64,
6314,50467,2024-04-16T19:00:00,FAMILY_STATUS,12,16,passed,2024-04-26T19:00:00,88.39,
6315,44365,2023-12-12T06:00:00,ID_RENEWAL,1,6,passed,2024-02-06T06:00:00,39.17,
6316,85327,2023-06-04T15:00:00,BIRTH_CERT,3,90,passed,2023-06-22T15:00:00,21.69,
6317,54817,2024-01-01T12:00:00,TAX_CERT,8,177,passed,2024-01-31T12:00:00,10.45,
6318,52037,2023-12-01T03:00:00,TAX_CERT,8,121,passed,2024-01-04T03:00:00,106.36,
6319,27727,2024-02-18T09:00:00,TAX_CERT,3,70,passed,2024-03-28T09:00:00,61.56,
6320,84820,2023-01-25T05:00:00,BUSINESS_PERMIT,3,14,passed,2023-02-19T05:00:00,0.71,
6321,99989,2023-02-12T14:00:00,ID_RENEWAL,3,97,passed,2023-04-13T14:00:00,142.81,
6322,67556,2023-10-13T16:00:00,TAX_CERT,8,108,passed,2023-11-03T16:00:00,82.24,
6323,85097,2024-01-18T01:00:00,FAMILY_STATUS,1,147,passed,2024-02-01T01:00:00,32.16,
6324,10140,2024-02-04T23:00:00,BUSINESS_PERMIT,10,50,flagged,2024-03-28T23:00:00,871.05,AUDIT_DONE
6325,54014,2023-12-22T01:00:00,BIRTH_CERT,7,146,passed,2024-02-10T01:00:00,125.67,
6326,86070,2024-06-16T08:00:00,FAMILY_STATUS,5,172,passed,2024-07-09T08:00:00,43.48,
6327,32366,2023-03-15T03:00:00,ID_RENEWAL,12,7,flagged,2023-05-04T03:00:00,1753.71,AUDIT_DONE
6328,28845,2024-01-20T15:00:00,TAX_CERT,7,9,passed,2024-02-22T15:00:00,189.53,
6329,26332,2023-07-10T03:00:00,BIRTH_CERT,6,31,passed,2023-08-06T03:00:00,166.06,
6330,78552,2024-01-21T15:00:00,BUSINESS_PERMIT,10,46,flagged,2024-02-18T15:00:00,1289.29,AUDIT_DONE
6331,33526,2023-12-29T07:00:00,ID_RENEWAL,2,70,passed,2024-01-16T07:00:00,42.36,
6332,69954,2024-05-22T01:00:00,TAX_CERT,5,56,passed,2024-06-27T01:00:00,136.96,
6333,53578,2023-06-19T04:00:00,BIRTH_CERT,9,120,passed,2023-08-03T04:00:00,186.24,
6334,62101,2023-07-17T23:00:00,ID_RENEWAL,7,125,rejected,2023-09-08T23:00:00,8.22,AUDIT_DONE
6335,69010,2023-03-26T15:00:00,TAX_CERT,7,177,passed,2023-05-05T15:00:00,133.54,
6336,95578,2024-05-29T16:00:00,FAMILY_STATUS,1,31,passed,2024-06-07T16:00:00,161.31,
6337,31548,2023-06-26T21:00:00,TAX_CERT,10,39,rejected,2023-07-26T21:00:00,26.48,AUDIT_DONE
6338,13928,2023-08-04T14:00:00,BUSINESS_PERMIT,8,86,passed,2023-09-13T14:00:00,57.3,
6339,81943,2023-09-05T20:00:00,FAMILY_STATUS,3,68,passed,2023-10-07T20:00:00,136.25,
6340,23740,2024-02-24T01:00:00,BUSINESS_PERMIT,5,29,rejected,2024-03-28T01:00:00,35.65,AUDIT_DONE
6341,96335,2024-01-11T10:00:00,BIRTH_CERT,11,80,passed,2024-01-30T10:00:00,117.11,
6342,20144,2024-04-25T01:00:00,BUSINESS_PERMIT,3,31,flagged,2024-05-26T01:00:00,1157.4,AUDIT_DONE
6343,66002,2023-02-05T09:00:00,FAMILY_STATUS,8,172,passed,2023-03-23T09:00:00,10.09,
6344,36005,2023-09-27T09:00:00,BUSINESS_PERMIT,2,151,flagged,2023-10-20T09:00:00,1709.1,AUDIT_DONE
6345,53273,2024-04-21T01:00:00,ID_RENEWAL,3,159,passed,2024-04-30T01:00:00,91.68,
6346,45943,2023-07-30T10:00:00,BUSINESS_PERMIT,7,44,passed,2023-08-17T10:00:00,90.22,
6347,21327,2023-10-02T10:00:00,ID_RENEWAL,7,3,passed,2023-10-31T10:00:00,152.01,
6348,98249,2023-02-02T12:00:00,BUSINESS_PERMIT,6,101,flagged,2023-02-20T12:00:00,1011.13,AUDIT_DONE
6349,24949,2024-05-11T19:00:00,TAX_CERT,2,30,passed,2024-06-08T19:00:00,98.28,
6350,20115,2023-12-22T19:00:00,BUSINESS_PERMIT,12,44,passed,2024-02-04T19:00:00,35.71,
6351,42343,2023-10-26T04:00:00,BIRTH_CERT,3,34,flagged,2023-11-24T04:00:00,1528.31,AUDIT_DONE
6352,21355,2023-09-21T02:00:00,BUSINESS_PERMIT,9,114,passed,2023-10-22T02:00:00,172.21,
6353,78262,2024-02-19T11:00:00,BIRTH_CERT,11,125,passed,2024-03-20T11:00:00,133.98,
6354,96886,2023-08-30T13:00:00,FAMILY_STATUS,7,4,passed,2023-09-21T13:00:00,111.93,
6355,24730,2023-02-18T16:00:00,FAMILY_STATUS,4,50,passed,2023-04-06T16:00:00,43.63,
6356,81053,2023-07-06T12:00:00,ID_RENEWAL,7,134,passed,2023-07-14T12:00:00,128.89,
6357,34433,2024-05-07T18:00:00,TAX_CERT,6,107,passed,2024-05-17T18:00:00,10.17,
6358,12065,2024-05-11T11:00:00,FAMILY_STATUS,1,158,passed,2024-07-09T11:00:00,81.83,
6359,69323,2024-04-26T00:00:00,ID_RENEWAL,10,40,passed,2024-05-17T00:00:00,46.97,
6360,33140,2023-09-29T04:00:00,BUSINESS_PERMIT,11,29,passed,2023-11-03T04:00:00,94.45,
6361,75968,2023-08-22T18:00:00,BIRTH_CERT,3,162,passed,2023-10-14T18:00:00,81.53,
6362,26510,2023-10-13T18:00:00,BIRTH_CERT,6,67,passed,2023-12-06T18:00:00,164.65,
6363,38084,2023-09-10T23:00:00,TAX_CERT,12,64,rejected,2023-10-19T23:00:00,36.55,AUDIT_DONE
6364,90879,2023-11-13T00:00:00,FAMILY_STATUS,11,121,passed,2023-11-25T00:00:00,183.31,
6365,13336,2024-05-29T03:00:00,BIRTH_CERT,11,171,passed,2024-07-07T03:00:00,15.06,
6366,91916,2024-06-02T00:00:00,TAX_CERT,10,137,passed,2024-06-10T00:00:00,12.48,
6367,49601,2023-08-25T12:00:00,FAMILY_STATUS,12,46,passed,2023-10-20T12:00:00,199.06,
6368,40483,2023-05-11T05:00:00,TAX_CERT,8,93,passed,2023-06-18T05:00:00,27.22,
6369,41209,2024-05-10T05:00:00,TAX_CERT,3,38,passed,2024-06-08T05:00:00,63.07,
6370,34366,2023-11-24T01:00:00,BIRTH_CERT,2,101,passed,2024-01-19T01:00:00,115.69,
6371,18977,2024-03-29T08:00:00,BUSINESS_PERMIT,6,25,passed,2024-04-26T08:00:00,133.02,
6372,52597,2023-01-05T17:00:00,ID_RENEWAL,7,45,flagged,2023-02-18T17:00:00,1155.41,AUDIT_DONE
6373,54698,2023-08-19T06:00:00,BUSINESS_PERMIT,10,109,passed,2023-10-12T06:00:00,144.31,
6374,18611,2023-11-28T04:00:00,ID_RENEWAL,11,148,passed,2024-01-04T04:00:00,148.77,
6375,85150,2024-06-08T02:00:00,ID_RENEWAL,4,35,passed,2024-06-27T02:00:00,90.69,
6376,63843,2023-03-31T17:00:00,TAX_CERT,5,103,passed,2023-04-10T17:00:00,72.99,
6377,18303,2024-03-19T18:00:00,BUSINESS_PERMIT,12,171,flagged,2024-05-15T18:00:00,1208.26,AUDIT_DONE
6378,86082,2024-04-14T23:00:00,ID_RENEWAL,7,167,flagged,2024-05-30T23:00:00,1226.23,AUDIT_DONE
6379,35862,2024-01-24T13:00:00,BUSINESS_PERMIT,10,114,passed,2024-02-08T13:00:00,148.13,
6380,47921,2023-10-09T09:00:00,TAX_CERT,10,147,flagged,2023-10-22T09:00:00,1216.95,AUDIT_DONE
6381,48896,2024-04-06T21:00:00,BIRTH_CERT,1,69,passed,2024-04-22T21:00:00,135.97,
6382,45596,2023-04-17T13:00:00,FAMILY_STATUS,3,111,passed,2023-05-24T13:00:00,99.49,
6383,94634,2023-06-01T05:00:00,ID_RENEWAL,3,26,flagged,2023-06-16T05:00:00,1615.67,AUDIT_DONE
6384,85541,2024-05-06T06:00:00,ID_RENEWAL,9,24,passed,2024-06-25T06:00:00,174.78,
6385,96721,2023-08-27T08:00:00,TAX_CERT,8,53,passed,2023-09-05T08:00:00,65.33,
6386,40821,2024-01-10T17:00:00,TAX_CERT,4,144,passed,2024-01-30T17:00:00,101.22,
6387,21478,2024-04-30T03:00:00,TAX_CERT,1,77,passed,2024-05-27T03:00:00,147.21,
6388,18577,2023-11-22T20:00:00,BUSINESS_PERMIT,7,52,rejected,2023-12-13T20:00:00,35.45,AUDIT_DONE
6389,40177,2023-03-21T19:00:00,TAX_CERT,11,162,rejected,2023-04-21T19:00:00,44.69,AUDIT_DONE
6390,37679,2023-12-23T08:00:00,TAX_CERT,8,161,passed,2024-01-15T08:00:00,71.7,
6391,84900,2024-06-02T05:00:00,TAX_CERT,6,78,passed,2024-07-13T05:00:00,160.16,
6392,43384,2023-05-31T01:00:00,FAMILY_STATUS,7,139,passed,2023-07-14T01:00:00,189.32,
6393,64738,2023-02-12T05:00:00,BIRTH_CERT,9,78,passed,2023-03-26T05:00:00,23.7,
6394,33068,2023-04-13T18:00:00,FAMILY_STATUS,11,165,passed,2023-06-06T18:00:00,17.06,
6395,64818,2023-10-28T19:00:00,FAMILY_STATUS,10,51,passed,2023-11-19T19:00:00,60.49,
6396,64299,2023-04-13T06:00:00,BUSINESS_PERMIT,4,133,rejected,2023-05-04T06:00:00,5.55,AUDIT_DONE
6397,45743,2023-10-25T12:00:00,TAX_CERT,2,111,passed,2023-11-21T12:00:00,165.21,
6398,41054,2023-08-20T14:00:00,BUSINESS_PERMIT,11,6,passed,2023-10-10T14:00:00,133.64,
6399,89360,2024-04-25T02:00:00,FAMILY_STATUS,3,128,flagged,2024-05-28T02:00:00,1380.66,AUDIT_DONE
6400,87963,2023-09-03T02:00:00,FAMILY_STATUS,3,28,passed,2023-10-29T02:00:00,105.73,
6401,65860,2023-01-01T21:00:00,BUSINESS_PERMIT,11,100,passed,2023-02-15T21:00:00,90.21,
6402,18543,2023-05-25T01:00:00,BIRTH_CERT,5,23,passed,2023-06-13T01:00:00,33.94,
6403,51093,2023-04-19T20:00:00,BIRTH_CERT,7,114,passed,2023-05-24T20:00:00,177.07,
6404,25338,2024-01-30T22:00:00,BIRTH_CERT,5,126,rejected,2024-03-26T22:00:00,0.71,AUDIT_DONE
6405,52756,2023-05-28T20:00:00,ID_RENEWAL,6,89,passed,2023-06-25T20:00:00,24.14,
6406,45632,2023-09-24T12:00:00,ID_RENEWAL,2,112,passed,2023-11-04T12:00:00,141.2,
6407,55310,2023-08-21T19:00:00,BUSINESS_PERMIT,8,33,flagged,2023-09-15T19:00:00,1372.12,AUDIT_DONE
6408,56633,2024-03-04T18:00:00,ID_RENEWAL,11,15,passed,2024-03-19T18:00:00,17.8,
6409,53265,2023-12-28T12:00:00,FAMILY_STATUS,4,105,passed,2024-02-05T12:00:00,11.24,
6410,90968,2023-06-14T16:00:00,BIRTH_CERT,9,48,passed,2023-06-30T16:00:00,188.11,
6411,57046,2024-03-13T15:00:00,BIRTH_CERT,9,56,flagged,2024-04-01T15:00:00,1831.55,AUDIT_DONE
6412,71097,2024-01-09T19:00:00,BUSINESS_PERMIT,10,28,flagged,2024-03-05T19:00:00,1355.89,AUDIT_DONE
6413,85441,2023-09-11T16:00:00,TAX_CERT,6,132,rejected,2023-10-30T16:00:00,35.18,AUDIT_DONE
6414,63344,2023-05-26T10:00:00,TAX_CERT,12,166,passed,2023-07-03T10:00:00,53.95,
6415,25187,2024-03-07T12:00:00,BUSINESS_PERMIT,3,129,passed,2024-05-04T12:00:00,15.37,
6416,89363,2024-01-15T06:00:00,FAMILY_STATUS,11,88,passed,2024-02-03T06:00:00,66.57,
6417,96156,2024-01-14T01:00:00,TAX_CERT,7,171,passed,2024-02-22T01:00:00,123.07,
6418,70518,2023-09-27T17:00:00,TAX_CERT,7,61,flagged,2023-11-09T17:00:00,873.37,AUDIT_DONE
6419,36787,2024-06-17T10:00:00,BIRTH_CERT,6,178,passed,2024-07-31T10:00:00,24.28,
6420,30825,2023-11-03T07:00:00,ID_RENEWAL,2,80,flagged,2023-11-26T07:00:00,1645.78,AUDIT_DONE
6421,29271,2023-12-31T08:00:00,FAMILY_STATUS,5,9,passed,2024-01-31T08:00:00,92.52,
6422,58503,2023-05-27T17:00:00,TAX_CERT,6,127,passed,2023-07-22T17:00:00,61.85,
6423,58258,2024-05-11T20:00:00,FAMILY_STATUS,12,120,rejected,2024-05-30T20:00:00,39.51,AUDIT_DONE
6424,67876,2024-04-17T13:00:00,BIRTH_CERT,7,60,passed,2024-06-05T13:00:00,90.56,
6425,95929,2024-05-15T10:00:00,FAMILY_STATUS,2,171,passed,2024-06-16T10:00:00,116.56,
6426,46764,2023-04-11T19:00:00,BUSINESS_PERMIT,5,6,passed,2023-05-02T19:00:00,165.31,
6427,75408,2023-04-16T11:00:00,ID_RENEWAL,12,11,passed,2023-04-27T11:00:00,142.43,
6428,51642,2024-06-09T04:00:00,ID_RENEWAL,10,39,passed,2024-08-07T04:00:00,117.51,
6429,18391,2023-08-04T19:00:00,ID_RENEWAL,1,2,passed,2023-08-13T19:00:00,137.65,
6430,84998,2023-11-08T14:00:00,ID_RENEWAL,5,173,flagged,2023-12-24T14:00:00,1334.92,AUDIT_DONE
6431,91006,2023-12-22T11:00:00,ID_RENEWAL,6,33,passed,2024-02-11T11:00:00,100.8,
6432,59380,2023-09-16T19:00:00,BIRTH_CERT,8,89,passed,2023-10-13T19:00:00,154.0,
6433,93171,2023-10-17T09:00:00,BIRTH_CERT,3,98,passed,2023-11-08T09:00:00,42.15,
6434,48136,2023-11-11T23:00:00,BIRTH_CERT,7,88,passed,2023-12-01T23:00:00,183.78,
6435,65343,2023-07-24T01:00:00,ID_RENEWAL,9,36,passed,2023-08-07T01:00:00,41.69,
6436,15376,2024-02-20T21:00:00,TAX_CERT,5,170,flagged,2024-04-04T21:00:00,1115.54,AUDIT_DONE
6437,73612,2024-01-10T20:00:00,BUSINESS_PERMIT,12,145,passed,2024-01-24T20:00:00,199.07,
6438,92638,2023-07-19T06:00:00,ID_RENEWAL,5,176,passed,2023-09-09T06:00:00,187.06,
6439,30919,2024-04-09T03:00:00,ID_RENEWAL,9,39,flagged,2024-05-20T03:00:00,919.85,AUDIT_DONE
6440,18785,2024-01-28T21:00:00,BIRTH_CERT,1,112,passed,2024-02-18T21:00:00,113.8,
6441,13574,2024-01-21T14:00:00,BIRTH_CERT,11,171,passed,2024-03-10T14:00:00,135.03,
6442,99119,2023-03-04T04:00:00,BUSINESS_PERMIT,4,139,passed,2023-04-16T04:00:00,177.46,
6443,41427,2023-01-07T21:00:00,FAMILY_STATUS,3,172,flagged,2023-02-03T21:00:00,1339.68,AUDIT_DONE
6444,99338,2024-03-09T09:00:00,TAX_CERT,5,169,passed,2024-04-26T09:00:00,13.9,
6445,84129,2023-12-24T09:00:00,BUSINESS_PERMIT,8,178,passed,2024-02-06T09:00:00,78.14,
6446,91658,2023-06-16T09:00:00,TAX_CERT,1,170,passed,2023-07-09T09:00:00,100.44,
6447,52044,2023-02-28T07:00:00,ID_RENEWAL,2,122,passed,2023-03-23T07:00:00,124.61,
6448,72817,2023-02-15T19:00:00,TAX_CERT,11,7,passed,2023-03-17T19:00:00,124.42,
6449,21748,2024-06-17T12:00:00,ID_RENEWAL,10,62,passed,2024-08-03T12:00:00,47.11,
6450,68280,2024-01-28T22:00:00,BUSINESS_PERMIT,8,58,passed,2024-02-15T22:00:00,183.94,
6451,49314,2023-11-24T06:00:00,BIRTH_CERT,5,139,passed,2024-01-14T06:00:00,171.82,
6452,57473,2024-02-03T12:00:00,BIRTH_CERT,9,158,passed,2024-03-16T12:00:00,34.25,
6453,93160,2023-12-20T23:00:00,FAMILY_STATUS,6,47,passed,2024-01-03T23:00:00,0.32,
6454,10512,2023-11-14T09:00:00,BUSINESS_PERMIT,5,141,flagged,2023-11-30T09:00:00,1389.54,AUDIT_DONE
6455,71110,2023-10-05T01:00:00,ID_RENEWAL,6,27,flagged,2023-11-16T01:00:00,1788.35,AUDIT_DONE
6456,53018,2023-07-13T21:00:00,BIRTH_CERT,3,44,passed,2023-08-18T21:00:00,130.34,
6457,41601,2023-02-25T04:00:00,BIRTH_CERT,6,65,flagged,2023-04-06T04:00:00,1552.54,AUDIT_DONE
6458,16846,2023-03-18T00:00:00,TAX_CERT,4,46,passed,2023-05-10T00:00:00,54.86,
6459,88308,2024-05-13T04:00:00,BUSINESS_PERMIT,9,18,passed,2024-07-07T04:00:00,30.04,
6460,30415,2023-06-26T19:00:00,BUSINESS_PERMIT,6,115,passed,2023-07-10T19:00:00,71.44,
6461,95882,2023-08-08T14:00:00,TAX_CERT,1,165,passed,2023-09-11T14:00:00,152.53,
6462,66284,2023-08-01T22:00:00,BUSINESS_PERMIT,1,47,passed,2023-09-01T22:00:00,20.7,
6463,38060,2023-06-28T03:00:00,FAMILY_STATUS,3,126,passed,2023-07-18T03:00:00,32.08,
6464,62148,2024-01-09T18:00:00,FAMILY_STATUS,12,89,passed,2024-02-08T18:00:00,127.8,
6465,52751,2024-02-12T05:00:00,BIRTH_CERT,2,149,rejected,2024-04-05T05:00:00,29.9,AUDIT_DONE
6466,49131,2023-02-03T18:00:00,BUSINESS_PERMIT,12,146,passed,2023-03-30T18:00:00,59.4,
6467,82828,2024-01-09T06:00:00,TAX_CERT,8,110,flagged,2024-03-04T06:00:00,1706.34,AUDIT_DONE
6468,75235,2023-12-24T13:00:00,BUSINESS_PERMIT,5,131,passed,2024-01-19T13:00:00,85.68,
6469,10586,2024-03-03T18:00:00,FAMILY_STATUS,6,170,passed,2024-04-25T18:00:00,99.33,
6470,88522,2023-05-01T17:00:00,BIRTH_CERT,7,94,rejected,2023-06-06T17:00:00,2.61,AUDIT_DONE
6471,51027,2024-02-28T08:00:00,BIRTH_CERT,6,18,passed,2024-03-06T08:00:00,117.18,
6472,65672,2023-05-21T10:00:00,FAMILY_STATUS,7,129,passed,2023-06-07T10:00:00,62.08,
6473,16174,2024-01-22T19:00:00,FAMILY_STATUS,8,159,passed,2024-03-03T19:00:00,169.62,
6474,34056,2024-02-11T13:00:00,BIRTH_CERT,1,178,rejected,2024-03-21T13:00:00,19.49,AUDIT_DONE
6475,53285,2024-01-16T01:00:00,ID_RENEWAL,12,76,passed,2024-02-21T01:00:00,28.44,
6476,34175,2023-06-16T00:00:00,TAX_CERT,11,158,passed,2023-06-30T00:00:00,66.93,
6477,60102,2023-01-13T05:00:00,TAX_CERT,10,173,flagged,2023-03-13T05:00:00,1118.55,AUDIT_DONE
6478,77042,2024-05-19T12:00:00,BUSINESS_PERMIT,4,83,rejected,2024-06-13T12:00:00,4.8,AUDIT_DONE
6479,98201,2023-09-27T18:00:00,BIRTH_CERT,8,162,passed,2023-10-12T18:00:00,134.07,
6480,51044,2023-12-03T08:00:00,TAX_CERT,6,144,passed,2024-01-13T08:00:00,146.03,
6481,89029,2023-08-21T10:00:00,BIRTH_CERT,9,170,passed,2023-10-20T10:00:00,121.82,
6482,94558,2023-03-10T13:00:00,BIRTH_CERT,10,89,passed,2023-05-04T13:00:00,69.64,
6483,20376,2023-12-14T04:00:00,TAX_CERT,3,141,flagged,2024-01-10T04:00:00,1582.73,AUDIT_DONE
6484,49574,2023-01-08T18:00:00,BIRTH_CERT,12,12,passed,2023-02-26T18:00:00,17.96,
6485,41302,2024-04-13T07:00:00,TAX_CERT,2,32,passed,2024-05-17T07:00:00,178.74,
6486,51223,2024-03-09T00:00:00,ID_RENEWAL,10,139,passed,2024-03-19T00:00:00,19.26,
6487,91061,2023-10-16T21:00:00,BUSINESS_PERMIT,6,155,flagged,2023-10-29T21:00:00,1562.13,AUDIT_DONE
6488,37254,2023-10-03T01:00:00,FAMILY_STATUS,1,93,passed,2023-11-12T01:00:00,73.4,
6489,31352,2023-10-25T11:00:00,ID_RENEWAL,10,70,passed,2023-11-20T11:00:00,3.3,
6490,52013,2024-06-05T09:00:00,FAMILY_STATUS,2,132,passed,2024-07-08T09:00:00,125.44,
6491,58924,2023-02-06T14:00:00,FAMILY_STATUS,9,114,passed,2023-03-30T14:00:00,65.79,
6492,68686,2023-05-03T10:00:00,BUSINESS_PERMIT,2,156,passed,2023-06-02T10:00:00,41.01,
6493,62680,2023-01-03T14:00:00,ID_RENEWAL,10,98,passed,2023-02-22T14:00:00,5.93,
6494,32522,2024-03-09T18:00:00,BIRTH_CERT,5,29,passed,2024-03-22T18:00:00,73.01,
6495,57189,2023-09-26T17:00:00,BIRTH_CERT,4,98,flagged,2023-11-21T17:00:00,1175.8,AUDIT_DONE
6496,86418,2024-01-09T17:00:00,BIRTH_CERT,3,125,passed,2024-02-11T17:00:00,12.32,
6497,60942,2023-05-15T04:00:00,BIRTH_CERT,7,154,flagged,2023-06-14T04:00:00,932.5,AUDIT_DONE
6498,33343,2023-09-15T19:00:00,BUSINESS_PERMIT,1,112,flagged,2023-11-02T19:00:00,1821.1,AUDIT_DONE
6499,20086,2024-03-10T03:00:00,TAX_CERT,1,3,passed,2024-05-08T03:00:00,45.06,
6500,86485,2023-01-28T19:00:00,ID_RENEWAL,5,94,rejected,2023-02-28T19:00:00,35.42,AUDIT_DONE
6501,55362,2023-12-09T15:00:00,BUSINESS_PERMIT,4,67,passed,2024-01-20T15:00:00,176.16,
6502,45202,2023-07-25T06:00:00,BIRTH_CERT,8,92,passed,2023-09-16T06:00:00,102.38,
6503,75275,2023-03-29T07:00:00,ID_RENEWAL,12,139,flagged,2023-05-08T07:00:00,1868.72,AUDIT_DONE
6504,99229,2023-04-26T17:00:00,ID_RENEWAL,9,23,passed,2023-06-17T17:00:00,132.46,
6505,30950,2023-05-03T23:00:00,TAX_CERT,4,60,flagged,2023-06-21T23:00:00,1532.13,AUDIT_DONE
6506,11632,2023-07-26T03:00:00,BUSINESS_PERMIT,5,61,passed,2023-08-30T03:00:00,16.31,
6507,42202,2023-04-11T04:00:00,BIRTH_CERT,8,129,passed,2023-05-03T04:00:00,120.34,
6508,98482,2024-05-11T19:00:00,TAX_CERT,11,11,flagged,2024-05-30T19:00:00,1669.59,AUDIT_DONE
6509,50008,2023-06-26T23:00:00,FAMILY_STATUS,1,130,rejected,2023-07-06T23:00:00,9.05,AUDIT_DONE
6510,77489,2024-06-15T09:00:00,BIRTH_CERT,11,62,flagged,2024-07-23T09:00:00,934.66,AUDIT_DONE
6511,14507,2023-04-11T13:00:00,FAMILY_STATUS,5,151,passed,2023-06-05T13:00:00,22.28,
6512,92837,2023-05-25T21:00:00,TAX_CERT,6,160,passed,2023-07-21T21:00:00,2.97,
6513,26305,2024-06-07T09:00:00,BIRTH_CERT,3,35,passed,2024-06-16T09:00:00,19.5,
6514,43743,2023-08-17T20:00:00,ID_RENEWAL,2,62,passed,2023-09-06T20:00:00,135.19,
6515,93770,2023-08-18T01:00:00,ID_RENEWAL,6,171,passed,2023-10-09T01:00:00,34.11,
6516,63543,2024-05-24T07:00:00,BIRTH_CERT,4,63,rejected,2024-06-14T07:00:00,26.03,AUDIT_DONE
6517,90373,2023-06-17T05:00:00,BUSINESS_PERMIT,1,21,passed,2023-07-03T05:00:00,66.93,
6518,69203,2024-03-04T17:00:00,ID_RENEWAL,6,74,passed,2024-04-04T17:00:00,16.27,
6519,27395,2023-02-24T13:00:00,FAMILY_STATUS,3,12,passed,2023-04-24T13:00:00,189.0,
6520,54282,2023-01-11T14:00:00,TAX_CERT,11,97,passed,2023-02-27T14:00:00,143.81,
6521,53607,2024-02-03T04:00:00,ID_RENEWAL,10,33,passed,2024-03-27T04:00:00,139.22,
6522,86017,2023-04-13T03:00:00,FAMILY_STATUS,4,70,passed,2023-05-24T03:00:00,121.15,
6523,76680,2023-01-28T18:00:00,BIRTH_CERT,3,145,passed,2023-02-22T18:00:00,165.05,
6524,87830,2023-09-20T11:00:00,BUSINESS_PERMIT,5,172,rejected,2023-11-13T11:00:00,29.2,AUDIT_DONE
6525,17217,2023-05-25T11:00:00,FAMILY_STATUS,5,120,flagged,2023-07-19T11:00:00,1590.46,AUDIT_DONE
6526,63991,2024-05-16T08:00:00,TAX_CERT,5,33,passed,2024-06-15T08:00:00,89.55,
6527,49460,2023-09-21T18:00:00,FAMILY_STATUS,1,68,flagged,2023-10-16T18:00:00,1190.67,AUDIT_DONE
6528,48326,2023-11-09T13:00:00,FAMILY_STATUS,12,93,passed,2024-01-06T13:00:00,103.36,
6529,61629,2023-06-13T10:00:00,FAMILY_STATUS,3,131,flagged,2023-08-10T10:00:00,1440.97,AUDIT_DONE
6530,41225,2024-01-24T10:00:00,ID_RENEWAL,1,144,passed,2024-02-16T10:00:00,179.01,
6531,39335,2024-05-02T17:00:00,BUSINESS_PERMIT,5,40,passed,2024-05-15T17:00:00,187.83,
6532,73401,2024-05-26T10:00:00,TAX_CERT,5,135,passed,2024-07-03T10:00:00,42.93,
6533,25150,2024-03-27T23:00:00,TAX_CERT,2,93,passed,2024-04-19T23:00:00,30.32,
6534,22837,2023-11-21T00:00:00,TAX_CERT,12,53,flagged,2023-12-15T00:00:00,1612.88,AUDIT_DONE
6535,29167,2023-10-22T15:00:00,ID_RENEWAL,3,47,passed,2023-11-27T15:00:00,172.99,
6536,16461,2024-03-31T09:00:00,ID_RENEWAL,2,154,passed,2024-05-07T09:00:00,43.31,
6537,97037,2024-03-15T07:00:00,BIRTH_CERT,3,61,passed,2024-04-26T07:00:00,184.93,
6538,79596,2024-05-16T14:00:00,FAMILY_STATUS,4,58,rejected,2024-05-23T14:00:00,7.96,AUDIT_DONE
6539,33491,2023-07-13T20:00:00,BUSINESS_PERMIT,8,94,passed,2023-09-08T20:00:00,185.77,
6540,58438,2023-08-20T05:00:00,ID_RENEWAL,2,136,passed,2023-10-15T05:00:00,160.02,
6541,85815,2023-03-04T17:00:00,BIRTH_CERT,9,89,flagged,2023-04-24T17:00:00,1476.71,AUDIT_DONE
6542,33769,2023-04-06T16:00:00,BIRTH_CERT,2,26,flagged,2023-04-30T16:00:00,1521.97,AUDIT_DONE
6543,10271,2023-05-03T15:00:00,BUSINESS_PERMIT,12,144,passed,2023-06-20T15:00:00,26.98,
6544,54486,2023-09-19T06:00:00,TAX_CERT,4,169,rejected,2023-10-16T06:00:00,37.26,AUDIT_DONE
6545,88091,2023-11-13T06:00:00,BUSINESS_PERMIT,4,73,passed,2023-11-26T06:00:00,90.75,
6546,98470,2023-05-11T20:00:00,TAX_CERT,1,70,passed,2023-06-23T20:00:00,185.12,
6547,14185,2023-07-09T09:00:00,ID_RENEWAL,3,71,flagged,2023-09-03T09:00:00,1793.55,AUDIT_DONE
6548,27534,2023-03-24T21:00:00,FAMILY_STATUS,12,118,passed,2023-04-14T21:00:00,75.24,
6549,32374,2023-08-21T00:00:00,FAMILY_STATUS,11,133,passed,2023-10-15T00:00:00,132.99,
6550,25575,2023-09-18T15:00:00,TAX_CERT,9,62,flagged,2023-10-26T15:00:00,1684.09,AUDIT_DONE
6551,66580,2023-03-27T05:00:00,BIRTH_CERT,6,127,passed,2023-05-10T05:00:00,107.94,
6552,96382,2023-03-21T01:00:00,TAX_CERT,3,78,flagged,2023-04-29T01:00:00,1482.68,AUDIT_DONE
6553,67757,2024-04-27T05:00:00,BUSINESS_PERMIT,5,75,passed,2024-05-06T05:00:00,71.99,
6554,84117,2023-03-20T11:00:00,BUSINESS_PERMIT,3,139,passed,2023-05-15T11:00:00,18.0,
6555,23970,2024-05-19T16:00:00,BIRTH_CERT,10,92,passed,2024-05-29T16:00:00,81.14,
6556,71180,2023-02-19T01:00:00,BUSINESS_PERMIT,6,71,passed,2023-03-07T01:00:00,4.17,
6557,28037,2024-02-04T01:00:00,FAMILY_STATUS,2,171,flagged,2024-03-06T01:00:00,1066.73,AUDIT_DONE
6558,63870,2024-04-27T11:00:00,BIRTH_CERT,2,7,rejected,2024-05-28T11:00:00,0.97,AUDIT_DONE
6559,94266,2023-12-24T15:00:00,TAX_CERT,5,62,passed,2024-01-30T15:00:00,186.26,
6560,57985,2023-10-04T14:00:00,BIRTH_CERT,11,24,flagged,2023-12-01T14:00:00,1456.14,AUDIT_DONE
6561,20195,2023-03-18T12:00:00,BIRTH_CERT,4,13,rejected,2023-05-01T12:00:00,5.36,AUDIT_DONE
6562,53280,2023-06-12T06:00:00,ID_RENEWAL,7,50,rejected,2023-06-27T06:00:00,23.73,AUDIT_DONE
6563,21328,2023-04-06T04:00:00,ID_RENEWAL,10,170,passed,2023-04-26T04:00:00,6.26,
6564,69553,2023-06-07T12:00:00,FAMILY_STATUS,3,60,passed,2023-07-08T12:00:00,72.59,
6565,52730,2023-06-28T21:00:00,FAMILY_STATUS,6,41,flagged,2023-07-15T21:00:00,982.89,AUDIT_DONE
6566,20075,2024-02-07T10:00:00,BUSINESS_PERMIT,12,173,passed,2024-04-05T10:00:00,75.21,
6567,37040,2023-04-05T09:00:00,BUSINESS_PERMIT,6,91,flagged,2023-04-15T09:00:00,1942.6,AUDIT_DONE
6568,30867,2023-12-13T07:00:00,FAMILY_STATUS,6,73,passed,2024-01-17T07:00:00,186.26,
6569,73155,2024-03-23T13:00:00,BUSINESS_PERMIT,8,99,flagged,2024-04-25T13:00:00,950.82,AUDIT_DONE
6570,56617,2023-03-17T15:00:00,FAMILY_STATUS,5,165,passed,2023-05-14T15:00:00,2.37,
6571,65938,2023-06-20T04:00:00,FAMILY_STATUS,5,44,passed,2023-08-16T04:00:00,72.0,
6572,40069,2023-05-31T11:00:00,BUSINESS_PERMIT,5,155,passed,2023-06-24T11:00:00,10.52,
6573,77053,2023-03-27T19:00:00,BIRTH_CERT,11,102,passed,2023-04-21T19:00:00,129.36,
6574,54986,2024-05-12T07:00:00,TAX_CERT,2,28,passed,2024-06-12T07:00:00,24.57,
6575,51674,2024-01-15T05:00:00,FAMILY_STATUS,2,25,flagged,2024-03-05T05:00:00,1567.02,AUDIT_DONE
6576,38006,2023-07-07T08:00:00,BUSINESS_PERMIT,1,24,passed,2023-07-30T08:00:00,135.32,
6577,77072,2023-03-04T22:00:00,TAX_CERT,9,107,flagged,2023-05-01T22:00:00,832.1,AUDIT_DONE
6578,39413,2023-12-13T16:00:00,BUSINESS_PERMIT,12,95,flagged,2024-01-30T16:00:00,1983.24,AUDIT_DONE
6579,68844,2023-09-25T10:00:00,BIRTH_CERT,5,163,passed,2023-11-10T10:00:00,74.61,
6580,86140,2024-05-09T08:00:00,ID_RENEWAL,3,90,flagged,2024-06-25T08:00:00,1906.37,AUDIT_DONE
6581,77519,2023-11-07T06:00:00,FAMILY_STATUS,7,136,passed,2023-12-09T06:00:00,95.49,
6582,78484,2024-05-21T21:00:00,BUSINESS_PERMIT,9,84,passed,2024-06-25T21:00:00,138.56,
6583,79460,2024-05-07T05:00:00,ID_RENEWAL,6,60,passed,2024-06-04T05:00:00,102.32,
6584,58907,2024-02-18T14:00:00,ID_RENEWAL,9,173,flagged,2024-03-12T14:00:00,1863.42,AUDIT_DONE
6585,64097,2023-04-21T19:00:00,BUSINESS_PERMIT,4,174,rejected,2023-05-16T19:00:00,7.94,AUDIT_DONE
6586,54066,2023-03-14T20:00:00,TAX_CERT,12,165,passed,2023-04-19T20:00:00,118.68,
6587,91617,2023-08-10T14:00:00,FAMILY_STATUS,2,6,flagged,2023-10-02T14:00:00,1668.63,AUDIT_DONE
6588,55988,2024-01-30T06:00:00,BUSINESS_PERMIT,6,19,flagged,2024-03-08T06:00:00,1471.39,AUDIT_DONE
6589,20001,2023-02-26T11:00:00,TAX_CERT,4,47,passed,2023-03-29T11:00:00,143.67,
6590,91497,2023-01-21T02:00:00,BUSINESS_PERMIT,5,80,flagged,2023-02-03T02:00:00,1128.31,AUDIT_DONE
6591,66016,2023-06-11T22:00:00,BUSINESS_PERMIT,10,169,passed,2023-07-01T22:00:00,131.55,
6592,78722,2023-12-02T16:00:00,BIRTH_CERT,1,100,passed,2023-12-18T16:00:00,144.0,
6593,42561,2023-09-30T01:00:00,BUSINESS_PERMIT,2,24,passed,2023-10-09T01:00:00,166.49,
6594,87471,2023-01-29T19:00:00,ID_RENEWAL,8,26,passed,2023-03-06T19:00:00,82.42,
6595,64545,2024-04-21T15:00:00,BIRTH_CERT,12,60,passed,2024-05-04T15:00:00,194.22,
6596,21054,2023-05-27T14:00:00,ID_RENEWAL,6,157,passed,2023-06-06T14:00:00,61.91,
6597,48280,2023-01-17T12:00:00,ID_RENEWAL,11,156,rejected,2023-02-23T12:00:00,40.74,AUDIT_DONE
6598,58548,2023-01-02T19:00:00,BUSINESS_PERMIT,12,119,passed,2023-01-17T19:00:00,102.73,
6599,54398,2024-01-26T23:00:00,TAX_CERT,2,140,passed,2024-03-06T23:00:00,18.75,
6600,29617,2024-04-09T01:00:00,TAX_CERT,1,128,passed,2024-04-16T01:00:00,4.14,
6601,90484,2023-05-16T23:00:00,ID_RENEWAL,2,44,flagged,2023-06-05T23:00:00,1471.52,AUDIT_DONE
6602,81572,2023-11-23T03:00:00,ID_RENEWAL,12,10,passed,2023-12-04T03:00:00,193.3,
6603,60073,2024-01-23T18:00:00,BUSINESS_PERMIT,4,69,flagged,2024-03-20T18:00:00,934.28,AUDIT_DONE
6604,46911,2024-03-22T19:00:00,BIRTH_CERT,9,123,flagged,2024-04-05T19:00:00,847.6,AUDIT_DONE
6605,29897,2023-11-09T02:00:00,FAMILY_STATUS,2,109,passed,2023-11-25T02:00:00,35.89,
6606,53169,2023-04-25T18:00:00,BIRTH_CERT,7,66,flagged,2023-06-08T18:00:00,1894.52,AUDIT_DONE
6607,12590,2024-01-31T03:00:00,TAX_CERT,7,115,passed,2024-03-09T03:00:00,12.58,
6608,46099,2023-12-01T08:00:00,TAX_CERT,5,153,passed,2023-12-18T08:00:00,65.37,
6609,93429,2023-03-27T16:00:00,BIRTH_CERT,11,37,rejected,2023-04-19T16:00:00,41.69,AUDIT_DONE
6610,10258,2023-02-21T10:00:00,TAX_CERT,12,120,rejected,2023-03-21T10:00:00,30.88,AUDIT_DONE
6611,59125,2023-10-29T04:00:00,TAX_CERT,5,167,flagged,2023-11-20T04:00:00,1302.72,AUDIT_DONE
6612,75239,2023-08-21T03:00:00,ID_RENEWAL,11,119,passed,2023-09-25T03:00:00,57.5,
6613,90689,2023-07-18T04:00:00,TAX_CERT,1,40,passed,2023-08-07T04:00:00,18.02,
6614,70586,2023-01-15T07:00:00,FAMILY_STATUS,2,135,passed,2023-03-09T07:00:00,85.06,
6615,75404,2023-11-11T16:00:00,TAX_CERT,3,46,passed,2023-11-18T16:00:00,97.84,
6616,60684,2023-03-05T01:00:00,BUSINESS_PERMIT,5,157,passed,2023-04-18T01:00:00,6.26,
6617,89781,2024-02-05T14:00:00,BUSINESS_PERMIT,7,45,passed,2024-02-22T14:00:00,6.33,
6618,74586,2023-11-16T19:00:00,ID_RENEWAL,10,18,rejected,2023-12-09T19:00:00,31.87,AUDIT_DONE
6619,93617,2024-02-29T09:00:00,BIRTH_CERT,10,84,flagged,2024-03-27T09:00:00,1984.91,AUDIT_DONE
6620,42128,2023-09-29T23:00:00,BUSINESS_PERMIT,5,105,passed,2023-10-13T23:00:00,92.36,
6621,37773,2023-04-24T11:00:00,TAX_CERT,4,66,passed,2023-06-07T11:00:00,100.4,
6622,71399,2024-06-17T14:00:00,BUSINESS_PERMIT,4,38,rejected,2024-08-14T14:00:00,38.84,AUDIT_DONE
6623,87862,2024-03-12T10:00:00,FAMILY_STATUS,5,137,passed,2024-04-07T10:00:00,25.62,
6624,13941,2024-03-14T22:00:00,ID_RENEWAL,5,88,passed,2024-04-02T22:00:00,129.53,
6625,83853,2023-06-09T20:00:00,FAMILY_STATUS,2,77,passed,2023-08-03T20:00:00,83.14,
6626,42615,2024-01-03T06:00:00,FAMILY_STATUS,9,142,passed,2024-01-18T06:00:00,195.7,
6627,31222,2023-12-07T23:00:00,TAX_CERT,4,56,passed,2024-02-03T23:00:00,83.45,
6628,58311,2024-06-20T19:00:00,FAMILY_STATUS,12,107,flagged,2024-08-08T19:00:00,1724.44,AUDIT_DONE
6629,24816,2023-06-02T21:00:00,TAX_CERT,1,57,flagged,2023-06-09T21:00:00,1537.7,AUDIT_DONE
6630,57897,2023-08-27T20:00:00,BUSINESS_PERMIT,8,164,passed,2023-09-07T20:00:00,158.47,
6631,56679,2024-05-08T00:00:00,BIRTH_CERT,2,80,flagged,2024-05-20T00:00:00,938.24,AUDIT_DONE
6632,45825,2023-04-21T20:00:00,TAX_CERT,7,40,passed,2023-06-06T20:00:00,70.73,
6633,54286,2023-03-17T03:00:00,ID_RENEWAL,6,140,passed,2023-04-18T03:00:00,144.48,
6634,58381,2023-03-07T12:00:00,BUSINESS_PERMIT,4,154,passed,2023-03-15T12:00:00,127.52,
6635,22121,2023-05-21T03:00:00,ID_RENEWAL,6,17,passed,2023-07-02T03:00:00,187.71,
6636,70218,2023-02-01T20:00:00,BUSINESS_PERMIT,10,68,passed,2023-02-16T20:00:00,3.03,
6637,29141,2023-08-19T04:00:00,BUSINESS_PERMIT,1,174,passed,2023-09-13T04:00:00,79.4,
6638,60154,2024-02-27T20:00:00,TAX_CERT,4,142,passed,2024-03-16T20:00:00,126.58,
6639,21497,2023-06-18T12:00:00,FAMILY_STATUS,8,107,flagged,2023-07-01T12:00:00,1633.97,AUDIT_DONE
6640,75921,2023-09-10T02:00:00,BUSINESS_PERMIT,12,16,passed,2023-10-25T02:00:00,45.74,
6641,48251,2023-03-22T08:00:00,TAX_CERT,2,69,flagged,2023-04-25T08:00:00,1957.74,AUDIT_DONE
6642,24682,2023-08-15T00:00:00,FAMILY_STATUS,7,172,rejected,2023-09-15T00:00:00,12.86,AUDIT_DONE
6643,18289,2023-07-23T16:00:00,BUSINESS_PERMIT,12,52,flagged,2023-09-15T16:00:00,1673.38,AUDIT_DONE
6644,51022,2024-05-24T09:00:00,FAMILY_STATUS,12,35,passed,2024-07-23T09:00:00,145.25,
6645,86540,2023-02-22T11:00:00,FAMILY_STATUS,9,73,passed,2023-04-05T11:00:00,51.91,
6646,31225,2024-05-15T10:00:00,FAMILY_STATUS,3,131,rejected,2024-07-13T10:00:00,24.22,AUDIT_DONE
6647,34528,2023-12-08T19:00:00,FAMILY_STATUS,8,145,passed,2023-12-26T19:00:00,117.92,
6648,29841,2023-12-15T11:00:00,ID_RENEWAL,12,76,passed,2024-01-08T11:00:00,130.25,
6649,24354,2023-01-22T00:00:00,BUSINESS_PERMIT,2,77,passed,2023-02-05T00:00:00,122.22,
6650,95053,2024-04-01T16:00:00,ID_RENEWAL,6,72,passed,2024-05-31T16:00:00,113.17,
6651,66507,2023-12-21T14:00:00,BIRTH_CERT,12,159,passed,2024-01-05T14:00:00,76.87,
6652,11100,2023-06-30T06:00:00,ID_RENEWAL,4,146,passed,2023-08-22T06:00:00,48.25,
6653,34025,2023-05-11T20:00:00,FAMILY_STATUS,6,90,rejected,2023-06-29T20:00:00,29.74,AUDIT_DONE
6654,38599,2024-02-14T22:00:00,ID_RENEWAL,4,117,flagged,2024-04-08T22:00:00,1384.99,AUDIT_DONE
6655,14187,2023-06-29T11:00:00,ID_RENEWAL,3,80,passed,2023-08-06T11:00:00,143.88,
6656,41144,2023-08-15T03:00:00,TAX_CERT,12,30,passed,2023-09-22T03:00:00,70.21,
6657,92834,2024-01-09T17:00:00,TAX_CERT,4,106,passed,2024-02-21T17:00:00,58.8,
6658,82508,2023-05-08T10:00:00,BUSINESS_PERMIT,2,87,passed,2023-05-29T10:00:00,61.81,
6659,38278,2024-05-02T02:00:00,FAMILY_STATUS,8,18,passed,2024-06-16T02:00:00,190.18,
6660,46517,2024-06-09T21:00:00,BIRTH_CERT,10,22,rejected,2024-08-05T21:00:00,45.7,AUDIT_DONE
6661,65644,2023-06-28T10:00:00,FAMILY_STATUS,7,41,flagged,2023-08-13T10:00:00,1380.69,AUDIT_DONE
6662,94425,2023-07-23T21:00:00,BIRTH_CERT,4,32,passed,2023-07-30T21:00:00,153.45,
6663,83184,2023-05-25T17:00:00,FAMILY_STATUS,7,170,passed,2023-07-01T17:00:00,144.47,
6664,62037,2023-06-06T21:00:00,BUSINESS_PERMIT,12,121,passed,2023-06-27T21:00:00,20.58,
6665,14735,2023-05-21T01:00:00,BUSINESS_PERMIT,12,152,passed,2023-06-19T01:00:00,188.79,
6666,81633,2024-01-20T19:00:00,FAMILY_STATUS,10,27,passed,2024-03-13T19:00:00,128.33,
6667,47438,2024-02-10T16:00:00,BIRTH_CERT,6,145,flagged,2024-03-14T16:00:00,1149.57,AUDIT_DONE
6668,81031,2023-08-31T06:00:00,FAMILY_STATUS,2,22,passed,2023-10-17T06:00:00,76.3,
6669,15411,2023-11-16T00:00:00,BUSINESS_PERMIT,3,100,flagged,2023-12-26T00:00:00,950.22,AUDIT_DONE
6670,26043,2023-01-11T22:00:00,BIRTH_CERT,4,105,passed,2023-02-10T22:00:00,46.18,
6671,62294,2023-11-30T05:00:00,ID_RENEWAL,3,153,passed,2023-12-29T05:00:00,85.51,
6672,77575,2023-07-24T22:00:00,BUSINESS_PERMIT,1,113,flagged,2023-09-08T22:00:00,1088.54,AUDIT_DONE
6673,50359,2023-03-22T20:00:00,TAX_CERT,11,75,passed,2023-04-15T20:00:00,136.32,
6674,69077,2023-01-31T00:00:00,BUSINESS_PERMIT,8,166,passed,2023-03-22T00:00:00,67.39,
6675,55394,2024-04-25T09:00:00,ID_RENEWAL,2,166,flagged,2024-06-23T09:00:00,1878.44,AUDIT_DONE
6676,39057,2024-05-28T06:00:00,TAX_CERT,2,103,passed,2024-06-27T06:00:00,151.55,
6677,76276,2024-03-19T06:00:00,BUSINESS_PERMIT,1,86,passed,2024-05-09T06:00:00,70.64,
6678,13044,2024-02-18T01:00:00,BUSINESS_PERMIT,8,15,passed,2024-03-17T01:00:00,181.26,
6679,56808,2024-01-26T13:00:00,ID_RENEWAL,7,12,rejected,2024-03-16T13:00:00,28.78,AUDIT_DONE
6680,77226,2024-06-11T11:00:00,BIRTH_CERT,12,38,passed,2024-07-14T11:00:00,189.71,
6681,75071,2024-02-24T11:00:00,FAMILY_STATUS,6,54,passed,2024-03-18T11:00:00,152.65,
6682,98391,2023-04-20T20:00:00,FAMILY_STATUS,12,67,passed,2023-04-27T20:00:00,134.5,
6683,86423,2023-07-20T18:00:00,BUSINESS_PERMIT,7,134,passed,2023-08-16T18:00:00,168.76,
6684,77324,2023-02-21T00:00:00,BUSINESS_PERMIT,1,18,passed,2023-02-28T00:00:00,137.28,
6685,38249,2023-04-19T12:00:00,BIRTH_CERT,11,56,passed,2023-06-02T12:00:00,110.28,
6686,38886,2023-05-29T15:00:00,BIRTH_CERT,2,145,passed,2023-07-26T15:00:00,118.48,
6687,53577,2023-04-19T19:00:00,ID_RENEWAL,9,123,flagged,2023-05-22T19:00:00,954.29,AUDIT_DONE
6688,11043,2023-04-10T16:00:00,ID_RENEWAL,2,120,flagged,2023-06-03T16:00:00,1347.92,AUDIT_DONE
6689,26400,2024-06-07T01:00:00,TAX_CERT,9,111,flagged,2024-07-04T01:00:00,1620.41,AUDIT_DONE
6690,77938,2024-02-26T04:00:00,BIRTH_CERT,5,153,flagged,2024-04-16T04:00:00,1200.55,AUDIT_DONE
6691,67210,2023-08-19T05:00:00,FAMILY_STATUS,9,28,rejected,2023-09-20T05:00:00,49.35,AUDIT_DONE
6692,70409,2023-03-24T15:00:00,FAMILY_STATUS,8,52,passed,2023-05-09T15:00:00,16.69,
6693,74082,2023-09-09T03:00:00,BUSINESS_PERMIT,4,84,passed,2023-11-02T03:00:00,194.28,
6694,58482,2023-07-06T11:00:00,ID_RENEWAL,6,158,passed,2023-08-24T11:00:00,98.37,
6695,54244,2023-04-06T16:00:00,ID_RENEWAL,3,83,passed,2023-05-23T16:00:00,175.49,
6696,53216,2024-01-28T06:00:00,FAMILY_STATUS,10,29,passed,2024-03-24T06:00:00,93.76,
6697,47660,2023-07-18T13:00:00,ID_RENEWAL,3,137,passed,2023-08-06T13:00:00,147.61,
6698,72048,2023-08-28T10:00:00,FAMILY_STATUS,1,49,passed,2023-10-19T10:00:00,80.45,
6699,48767,2024-03-01T20:00:00,BUSINESS_PERMIT,9,113,passed,2024-04-24T20:00:00,60.3,
6700,38530,2023-11-19T09:00:00,BIRTH_CERT,12,65,passed,2023-12-27T09:00:00,22.98,
6701,71744,2023-07-01T03:00:00,FAMILY_STATUS,3,85,rejected,2023-08-08T03:00:00,25.51,AUDIT_DONE
6702,50677,2023-02-10T11:00:00,BUSINESS_PERMIT,1,56,flagged,2023-03-02T11:00:00,1208.53,AUDIT_DONE
6703,83748,2024-01-18T01:00:00,BUSINESS_PERMIT,9,170,passed,2024-03-04T01:00:00,138.66,
6704,39946,2023-08-13T17:00:00,FAMILY_STATUS,8,69,passed,2023-08-25T17:00:00,176.92,
6705,93902,2023-03-30T05:00:00,TAX_CERT,6,62,passed,2023-05-20T05:00:00,103.73,
6706,90068,2023-09-27T02:00:00,BIRTH_CERT,1,109,passed,2023-10-12T02:00:00,91.75,
6707,15587,2024-04-01T13:00:00,BUSINESS_PERMIT,7,94,passed,2024-05-23T13:00:00,31.4,
6708,67750,2024-05-25T20:00:00,BUSINESS_PERMIT,1,61,flagged,2024-06-25T20:00:00,1079.72,AUDIT_DONE
6709,83227,2024-04-10T08:00:00,FAMILY_STATUS,5,25,passed,2024-05-30T08:00:00,147.07,
6710,34380,2023-07-27T18:00:00,ID_RENEWAL,8,32,flagged,2023-09-05T18:00:00,1714.3,AUDIT_DONE
6711,76996,2023-01-13T06:00:00,TAX_CERT,11,71,passed,2023-02-10T06:00:00,147.15,
6712,27722,2024-05-03T23:00:00,ID_RENEWAL,11,30,rejected,2024-06-22T23:00:00,24.28,AUDIT_DONE
6713,57138,2023-08-05T02:00:00,ID_RENEWAL,11,3,passed,2023-09-08T02:00:00,78.91,
6714,91551,2024-05-28T08:00:00,BUSINESS_PERMIT,8,131,flagged,2024-07-15T08:00:00,1398.06,AUDIT_DONE
6715,74435,2024-06-22T17:00:00,BIRTH_CERT,9,78,passed,2024-08-13T17:00:00,100.11,
6716,21351,2023-12-31T14:00:00,BUSINESS_PERMIT,12,149,passed,2024-02-14T14:00:00,19.79,
6717,87189,2023-10-28T13:00:00,TAX_CERT,2,166,flagged,2023-11-28T13:00:00,864.99,AUDIT_DONE
6718,95104,2023-08-19T20:00:00,TAX_CERT,12,147,flagged,2023-09-29T20:00:00,915.72,AUDIT_DONE
6719,81040,2023-05-17T15:00:00,BIRTH_CERT,11,133,rejected,2023-06-20T15:00:00,19.62,AUDIT_DONE
6720,53379,2024-06-21T09:00:00,ID_RENEWAL,3,5,passed,2024-07-22T09:00:00,37.46,
6721,32072,2023-08-22T01:00:00,ID_RENEWAL,6,36,passed,2023-10-16T01:00:00,19.33,
6722,33302,2024-03-29T13:00:00,BIRTH_CERT,6,25,rejected,2024-04-26T13:00:00,11.15,AUDIT_DONE
6723,84673,2023-10-17T19:00:00,BUSINESS_PERMIT,6,122,passed,2023-12-03T19:00:00,49.74,
6724,84348,2023-03-14T00:00:00,TAX_CERT,9,70,flagged,2023-05-03T00:00:00,1930.26,AUDIT_DONE
6725,68224,2024-05-04T01:00:00,BUSINESS_PERMIT,5,82,passed,2024-06-14T01:00:00,191.38,
6726,24881,2023-03-13T04:00:00,TAX_CERT,12,146,passed,2023-03-29T04:00:00,98.18,
6727,39711,2023-12-10T09:00:00,ID_RENEWAL,11,83,passed,2024-01-03T09:00:00,13.65,
6728,49868,2023-12-19T23:00:00,BIRTH_CERT,4,171,rejected,2024-02-07T23:00:00,31.35,AUDIT_DONE
6729,78131,2024-01-07T07:00:00,FAMILY_STATUS,2,46,flagged,2024-01-16T07:00:00,1894.7,AUDIT_DONE
6730,69134,2023-02-13T09:00:00,ID_RENEWAL,1,8,flagged,2023-04-04T09:00:00,1135.6,AUDIT_DONE
6731,42538,2023-08-09T12:00:00,TAX_CERT,12,65,passed,2023-09-16T12:00:00,48.73,
6732,67649,2023-03-21T06:00:00,ID_RENEWAL,5,163,passed,2023-05-07T06:00:00,12.52,
6733,71479,2024-06-08T18:00:00,BIRTH_CERT,8,101,passed,2024-07-15T18:00:00,14.97,
6734,23581,2023-10-29T23:00:00,BUSINESS_PERMIT,3,165,passed,2023-12-27T23:00:00,19.71,
6735,21389,2023-05-20T15:00:00,BUSINESS_PERMIT,5,139,flagged,2023-06-17T15:00:00,897.09,AUDIT_DONE
6736,39479,2023-12-12T00:00:00,TAX_CERT,12,126,passed,2023-12-24T00:00:00,84.37,
6737,61050,2023-10-08T21:00:00,ID_RENEWAL,1,170,flagged,2023-11-21T21:00:00,1920.54,AUDIT_DONE
6738,32505,2024-03-05T22:00:00,BUSINESS_PERMIT,11,163,passed,2024-04-06T22:00:00,122.07,
6739,79637,2023-04-05T08:00:00,BUSINESS_PERMIT,6,124,passed,2023-05-26T08:00:00,84.82,
6740,68793,2024-06-03T13:00:00,BUSINESS_PERMIT,3,55,passed,2024-07-28T13:00:00,74.41,
6741,35555,2023-04-09T21:00:00,BIRTH_CERT,8,32,passed,2023-05-22T21:00:00,115.04,
6742,93484,2023-03-30T15:00:00,ID_RENEWAL,7,123,passed,2023-05-07T15:00:00,172.53,
6743,31079,2023-01-02T04:00:00,FAMILY_STATUS,3,166,passed,2023-02-27T04:00:00,172.36,
6744,10010,2023-11-10T10:00:00,ID_RENEWAL,3,114,passed,2023-11-29T10:00:00,169.54,
6745,47596,2023-08-13T19:00:00,BUSINESS_PERMIT,9,128,passed,2023-09-15T19:00:00,150.94,
6746,64343,2023-12-15T18:00:00,BIRTH_CERT,5,153,passed,2024-01-25T18:00:00,152.56,
6747,35350,2023-11-08T19:00:00,TAX_CERT,11,131,passed,2023-12-30T19:00:00,54.35,
6748,75694,2023-01-08T06:00:00,BUSINESS_PERMIT,12,149,passed,2023-02-09T06:00:00,75.62,
6749,74371,2023-01-27T20:00:00,BIRTH_CERT,11,53,passed,2023-03-22T20:00:00,74.43,
6750,38097,2024-01-12T09:00:00,ID_RENEWAL,6,124,flagged,2024-02-08T09:00:00,1876.42,AUDIT_DONE
6751,24630,2023-05-27T08:00:00,TAX_CERT,12,108,passed,2023-07-05T08:00:00,3.61,
6752,19964,2023-05-13T04:00:00,TAX_CERT,3,89,rejected,2023-06-05T04:00:00,18.53,AUDIT_DONE
6753,10396,2023-06-17T13:00:00,BIRTH_CERT,7,79,flagged,2023-07-17T13:00:00,1630.66,AUDIT_DONE
6754,84725,2023-10-15T10:00:00,TAX_CERT,6,166,passed,2023-11-09T10:00:00,46.48,
6755,66160,2024-03-10T13:00:00,ID_RENEWAL,3,38,flagged,2024-04-14T13:00:00,1103.88,AUDIT_DONE
6756,17977,2023-07-26T17:00:00,ID_RENEWAL,3,175,rejected,2023-08-06T17:00:00,2.97,AUDIT_DONE
6757,66174,2023-05-28T08:00:00,FAMILY_STATUS,6,135,flagged,2023-07-17T08:00:00,1659.26,AUDIT_DONE
6758,61005,2023-04-26T20:00:00,BIRTH_CERT,8,168,passed,2023-06-25T20:00:00,119.56,
6759,39339,2024-05-04T19:00:00,BIRTH_CERT,4,169,flagged,2024-06-20T19:00:00,1737.72,AUDIT_DONE
6760,66304,2023-07-27T07:00:00,BIRTH_CERT,9,51,flagged,2023-09-24T07:00:00,1432.38,AUDIT_DONE
6761,55285,2024-06-08T06:00:00,BIRTH_CERT,9,103,passed,2024-06-24T06:00:00,158.18,
6762,23434,2023-05-06T14:00:00,BUSINESS_PERMIT,4,143,flagged,2023-06-16T14:00:00,1320.42,AUDIT_DONE
6763,93228,2023-12-23T05:00:00,BIRTH_CERT,12,37,passed,2024-02-19T05:00:00,7.43,
6764,24943,2023-08-30T15:00:00,BIRTH_CERT,9,126,passed,2023-09-14T15:00:00,126.36,
6765,13995,2024-06-19T00:00:00,TAX_CERT,7,133,passed,2024-07-21T00:00:00,182.95,
6766,55989,2023-08-02T09:00:00,ID_RENEWAL,3,153,rejected,2023-09-24T09:00:00,39.0,AUDIT_DONE
6767,80071,2024-02-09T14:00:00,ID_RENEWAL,3,40,passed,2024-02-27T14:00:00,126.24,
6768,80555,2023-02-27T14:00:00,BUSINESS_PERMIT,7,113,passed,2023-04-26T14:00:00,196.19,
6769,18861,2024-03-29T21:00:00,BIRTH_CERT,12,59,flagged,2024-05-09T21:00:00,1378.58,AUDIT_DONE
6770,85256,2023-02-16T11:00:00,BIRTH_CERT,11,148,passed,2023-03-27T11:00:00,181.48,
6771,97639,2023-08-22T06:00:00,BUSINESS_PERMIT,1,93,passed,2023-08-31T06:00:00,97.18,
6772,29847,2023-06-11T08:00:00,FAMILY_STATUS,3,100,passed,2023-07-03T08:00:00,141.84,
6773,89384,2024-04-28T15:00:00,ID_RENEWAL,4,100,passed,2024-05-22T15:00:00,105.63,
6774,41223,2024-02-23T12:00:00,FAMILY_STATUS,2,55,passed,2024-03-26T12:00:00,60.23,
6775,55644,2024-04-28T05:00:00,BUSINESS_PERMIT,5,120,passed,2024-06-09T05:00:00,40.78,
6776,28333,2023-05-31T12:00:00,BIRTH_CERT,11,180,passed,2023-07-06T12:00:00,6.9,
6777,11086,2023-11-03T07:00:00,ID_RENEWAL,9,166,flagged,2023-12-29T07:00:00,1225.89,AUDIT_DONE
6778,45093,2024-06-07T13:00:00,FAMILY_STATUS,7,176,rejected,2024-08-03T13:00:00,28.42,AUDIT_DONE
6779,71232,2023-01-17T10:00:00,TAX_CERT,2,69,passed,2023-03-13T10:00:00,62.09,
6780,52151,2023-12-20T23:00:00,TAX_CERT,10,125,passed,2024-01-14T23:00:00,45.14,
6781,75466,2024-01-26T09:00:00,BIRTH_CERT,10,145,passed,2024-03-04T09:00:00,143.16,
6782,59658,2024-03-31T14:00:00,ID_RENEWAL,3,39,passed,2024-04-26T14:00:00,139.53,
6783,70321,2023-11-28T07:00:00,FAMILY_STATUS,4,9,passed,2023-12-13T07:00:00,99.36,
6784,83793,2023-03-03T15:00:00,TAX_CERT,7,157,passed,2023-04-06T15:00:00,178.57,
6785,95076,2023-02-09T10:00:00,BIRTH_CERT,2,65,passed,2023-03-12T10:00:00,174.17,
6786,14912,2023-01-11T03:00:00,BUSINESS_PERMIT,7,133,flagged,2023-03-07T03:00:00,884.45,AUDIT_DONE
6787,99663,2023-12-17T00:00:00,ID_RENEWAL,1,7,passed,2024-02-01T00:00:00,171.73,
6788,96729,2023-12-23T11:00:00,TAX_CERT,9,89,rejected,2024-02-05T11:00:00,10.95,AUDIT_DONE
6789,37803,2023-05-28T08:00:00,TAX_CERT,5,82,passed,2023-06-15T08:00:00,87.23,
6790,20999,2023-05-11T03:00:00,TAX_CERT,5,138,rejected,2023-07-06T03:00:00,15.46,AUDIT_DONE
6791,16788,2024-01-18T20:00:00,TAX_CERT,2,115,passed,2024-02-07T20:00:00,119.94,
6792,11738,2023-03-23T10:00:00,FAMILY_STATUS,7,150,passed,2023-04-29T10:00:00,182.43,
6793,37350,2024-03-21T19:00:00,BUSINESS_PERMIT,6,17,passed,2024-05-19T19:00:00,86.28,
6794,75862,2023-04-25T20:00:00,ID_RENEWAL,2,36,passed,2023-05-04T20:00:00,96.94,
6795,40041,2023-03-07T14:00:00,BIRTH_CERT,4,7,passed,2023-04-21T14:00:00,115.58,
6796,78084,2023-05-29T02:00:00,BIRTH_CERT,5,81,passed,2023-07-26T02:00:00,88.16,
6797,94115,2024-02-11T04:00:00,TAX_CERT,9,148,rejected,2024-04-07T04:00:00,11.73,AUDIT_DONE
6798,60243,2023-10-21T01:00:00,ID_RENEWAL,6,37,passed,2023-11-17T01:00:00,71.83,
6799,44429,2023-07-14T23:00:00,BIRTH_CERT,2,147,passed,2023-07-24T23:00:00,130.52,
6800,18907,2023-12-29T23:00:00,BIRTH_CERT,9,146,passed,2024-02-09T23:00:00,52.69,
6801,66081,2023-10-06T08:00:00,FAMILY_STATUS,1,153,flagged,2023-12-05T08:00:00,1452.34,AUDIT_DONE
6802,16742,2023-11-12T14:00:00,FAMILY_STATUS,2,160,flagged,2023-12-30T14:00:00,1885.37,AUDIT_DONE
6803,59881,2023-09-17T16:00:00,TAX_CERT,8,79,passed,2023-10-19T16:00:00,7.39,
6804,86600,2023-08-19T00:00:00,FAMILY_STATUS,12,13,flagged,2023-08-26T00:00:00,1271.0,AUDIT_DONE
6805,98183,2023-10-06T20:00:00,TAX_CERT,7,28,passed,2023-10-21T20:00:00,171.81,
6806,17247,2023-12-09T01:00:00,FAMILY_STATUS,7,102,passed,2024-01-12T01:00:00,171.95,
6807,58839,2023-01-30T11:00:00,BUSINESS_PERMIT,10,6,flagged,2023-03-19T11:00:00,1823.09,AUDIT_DONE
6808,72429,2024-03-14T10:00:00,BIRTH_CERT,8,138,flagged,2024-05-11T10:00:00,1055.31,AUDIT_DONE
6809,29918,2023-09-12T18:00:00,BIRTH_CERT,2,155,passed,2023-10-18T18:00:00,53.31,
6810,84255,2023-02-12T22:00:00,BUSINESS_PERMIT,4,84,flagged,2023-04-10T22:00:00,899.18,AUDIT_DONE
6811,45650,2023-01-19T18:00:00,BUSINESS_PERMIT,2,7,passed,2023-03-17T18:00:00,84.52,
6812,23200,2023-03-14T09:00:00,ID_RENEWAL,3,65,passed,2023-03-26T09:00:00,45.58,
6813,73564,2023-02-20T04:00:00,BUSINESS_PERMIT,7,166,passed,2023-03-14T04:00:00,134.75,
6814,42679,2023-07-16T20:00:00,ID_RENEWAL,9,28,flagged,2023-09-11T20:00:00,1938.05,AUDIT_DONE
6815,11712,2023-09-07T03:00:00,TAX_CERT,5,95,rejected,2023-10-18T03:00:00,12.49,AUDIT_DONE
6816,44638,2023-11-13T12:00:00,TAX_CERT,4,51,flagged,2023-12-18T12:00:00,1016.81,AUDIT_DONE
6817,64254,2024-01-09T13:00:00,BIRTH_CERT,6,104,rejected,2024-02-10T13:00:00,45.37,AUDIT_DONE
6818,57226,2023-02-04T23:00:00,BIRTH_CERT,11,86,rejected,2023-02-14T23:00:00,2.04,AUDIT_DONE
6819,16964,2023-12-25T22:00:00,ID_RENEWAL,4,140,passed,2024-01-24T22:00:00,93.82,
6820,53649,2023-11-18T08:00:00,BUSINESS_PERMIT,4,176,passed,2024-01-15T08:00:00,137.66,
6821,45879,2023-04-20T17:00:00,BIRTH_CERT,11,13,rejected,2023-06-11T17:00:00,22.7,AUDIT_DONE
6822,93178,2023-04-20T09:00:00,ID_RENEWAL,9,134,flagged,2023-06-08T09:00:00,937.35,AUDIT_DONE
6823,54711,2023-10-30T08:00:00,FAMILY_STATUS,7,105,passed,2023-12-14T08:00:00,119.32,
6824,64398,2023-04-24T14:00:00,TAX_CERT,2,10,passed,2023-05-24T14:00:00,167.11,
6825,51117,2024-02-10T12:00:00,FAMILY_STATUS,7,138,passed,2024-04-07T12:00:00,58.1,
6826,65778,2023-08-29T20:00:00,BUSINESS_PERMIT,11,103,passed,2023-10-06T20:00:00,186.23,
6827,39967,2024-01-05T19:00:00,FAMILY_STATUS,10,91,passed,2024-02-23T19:00:00,9.11,
6828,59964,2023-10-16T04:00:00,BUSINESS_PERMIT,4,144,passed,2023-11-03T04:00:00,85.58,
6829,22673,2023-10-03T16:00:00,FAMILY_STATUS,5,158,passed,2023-11-04T16:00:00,105.3,
6830,80450,2024-01-30T05:00:00,ID_RENEWAL,9,133,passed,2024-02-27T05:00:00,43.58,
6831,20123,2024-01-19T06:00:00,TAX_CERT,4,23,passed,2024-02-07T06:00:00,16.41,
6832,73589,2023-12-20T13:00:00,BIRTH_CERT,2,28,rejected,2024-01-06T13:00:00,44.83,AUDIT_DONE
6833,35091,2023-10-24T15:00:00,BUSINESS_PERMIT,4,77,passed,2023-12-06T15:00:00,195.61,
6834,24449,2023-06-24T23:00:00,BUSINESS_PERMIT,3,59,flagged,2023-08-17T23:00:00,1866.66,AUDIT_DONE
6835,32303,2024-01-25T02:00:00,FAMILY_STATUS,10,179,rejected,2024-02-11T02:00:00,20.37,AUDIT_DONE
6836,45830,2024-06-18T17:00:00,TAX_CERT,6,171,rejected,2024-08-16T17:00:00,49.46,AUDIT_DONE
6837,11980,2023-05-04T06:00:00,BIRTH_CERT,11,81,passed,2023-05-30T06:00:00,136.16,
6838,72478,2024-04-03T09:00:00,TAX_CERT,8,71,passed,2024-05-19T09:00:00,90.32,
6839,87302,2024-03-05T03:00:00,BIRTH_CERT,12,125,passed,2024-04-12T03:00:00,68.31,
6840,29573,2023-02-26T12:00:00,FAMILY_STATUS,2,130,flagged,2023-03-21T12:00:00,1688.93,AUDIT_DONE
6841,20214,2023-05-08T02:00:00,BIRTH_CERT,9,10,passed,2023-06-04T02:00:00,52.14,
6842,41050,2023-05-10T09:00:00,FAMILY_STATUS,2,95,rejected,2023-06-13T09:00:00,25.69,AUDIT_DONE
6843,16285,2023-09-15T00:00:00,BUSINESS_PERMIT,2,110,flagged,2023-10-20T00:00:00,904.55,AUDIT_DONE
6844,74520,2023-09-15T19:00:00,FAMILY_STATUS,2,78,passed,2023-10-07T19:00:00,42.47,
6845,98235,2023-07-03T00:00:00,ID_RENEWAL,2,93,passed,2023-08-06T00:00:00,19.13,
6846,72281,2024-01-24T21:00:00,BUSINESS_PERMIT,5,20,passed,2024-02-12T21:00:00,94.81,
6847,74408,2024-06-14T08:00:00,BIRTH_CERT,1,159,passed,2024-07-31T08:00:00,53.43,
6848,94194,2023-03-12T00:00:00,ID_RENEWAL,10,2,passed,2023-04-18T00:00:00,114.77,
6849,95394,2023-11-03T11:00:00,FAMILY_STATUS,2,80,passed,2023-12-17T11:00:00,19.73,
6850,14755,2023-12-01T17:00:00,BUSINESS_PERMIT,4,139,passed,2024-01-12T17:00:00,42.54,
6851,16502,2023-06-29T19:00:00,BIRTH_CERT,7,110,flagged,2023-08-08T19:00:00,1813.88,AUDIT_DONE
6852,50754,2023-09-21T07:00:00,BIRTH_CERT,9,133,flagged,2023-11-01T07:00:00,1259.14,AUDIT_DONE
6853,87924,2023-05-24T14:00:00,BIRTH_CERT,12,44,rejected,2023-06-01T14:00:00,32.61,AUDIT_DONE
6854,54614,2023-02-02T14:00:00,ID_RENEWAL,1,80,flagged,2023-02-25T14:00:00,1262.2,AUDIT_DONE
6855,26302,2023-08-30T00:00:00,BIRTH_CERT,11,2,passed,2023-09-28T00:00:00,0.52,
6856,33245,2023-02-18T16:00:00,BUSINESS_PERMIT,2,132,passed,2023-02-26T16:00:00,42.2,
6857,37096,2024-01-22T07:00:00,BUSINESS_PERMIT,12,36,flagged,2024-02-08T07:00:00,1348.37,AUDIT_DONE
6858,95064,2023-08-16T13:00:00,BUSINESS_PERMIT,10,83,passed,2023-09-01T13:00:00,166.23,
6859,52909,2023-02-15T10:00:00,TAX_CERT,10,13,passed,2023-03-07T10:00:00,46.76,
6860,55085,2023-06-18T13:00:00,TAX_CERT,11,94,passed,2023-08-14T13:00:00,41.21,
6861,90553,2024-04-24T06:00:00,BIRTH_CERT,5,95,passed,2024-05-23T06:00:00,135.41,
6862,13342,2024-03-20T09:00:00,BIRTH_CERT,3,108,passed,2024-03-30T09:00:00,75.97,
6863,43864,2024-04-14T05:00:00,TAX_CERT,8,66,flagged,2024-04-26T05:00:00,1640.79,AUDIT_DONE
6864,36229,2023-04-28T12:00:00,BUSINESS_PERMIT,5,24,flagged,2023-05-10T12:00:00,1529.61,AUDIT_DONE
6865,57278,2024-01-11T13:00:00,FAMILY_STATUS,5,13,rejected,2024-01-28T13:00:00,48.9,AUDIT_DONE
6866,85389,2023-06-27T13:00:00,TAX_CERT,1,11,passed,2023-08-14T13:00:00,108.0,
6867,90742,2023-06-21T06:00:00,TAX_CERT,9,67,passed,2023-08-05T06:00:00,170.19,
6868,30396,2023-11-23T18:00:00,FAMILY_STATUS,5,95,flagged,2023-12-10T18:00:00,1474.75,AUDIT_DONE
6869,45492,2023-03-07T20:00:00,BIRTH_CERT,8,72,flagged,2023-04-21T20:00:00,1186.5,AUDIT_DONE
6870,77251,2024-03-31T14:00:00,BIRTH_CERT,6,102,passed,2024-05-09T14:00:00,20.43,
6871,55489,2023-12-08T13:00:00,BUSINESS_PERMIT,4,138,passed,2024-01-11T13:00:00,98.09,
6872,42163,2023-03-01T06:00:00,TAX_CERT,2,1,passed,2023-03-12T06:00:00,25.52,
6873,33403,2024-06-12T15:00:00,ID_RENEWAL,6,54,passed,2024-07-05T15:00:00,136.06,
6874,98591,2023-11-05T09:00:00,FAMILY_STATUS,12,131,passed,2023-11-30T09:00:00,158.55,
6875,65698,2024-04-09T09:00:00,BIRTH_CERT,10,130,passed,2024-05-25T09:00:00,125.74,
6876,38197,2023-07-25T17:00:00,ID_RENEWAL,12,33,passed,2023-08-19T17:00:00,74.33,
6877,56133,2023-07-16T10:00:00,ID_RENEWAL,12,64,rejected,2023-07-27T10:00:00,16.98,AUDIT_DONE
6878,66695,2024-05-16T06:00:00,BIRTH_CERT,11,74,flagged,2024-05-24T06:00:00,1303.97,AUDIT_DONE
6879,52059,2023-06-05T23:00:00,BUSINESS_PERMIT,5,121,passed,2023-07-31T23:00:00,71.59,
6880,37962,2023-04-18T00:00:00,ID_RENEWAL,9,12,passed,2023-06-15T00:00:00,15.37,
6881,23973,2023-06-16T05:00:00,TAX_CERT,2,36,passed,2023-07-16T05:00:00,67.65,
6882,56542,2023-04-09T13:00:00,FAMILY_STATUS,10,132,passed,2023-05-21T13:00:00,38.21,
6883,64061,2023-04-12T08:00:00,TAX_CERT,3,43,passed,2023-04-27T08:00:00,46.14,
6884,94672,2023-04-27T09:00:00,ID_RENEWAL,5,82,passed,2023-05-25T09:00:00,94.96,
6885,74715,2023-10-01T10:00:00,BIRTH_CERT,2,159,passed,2023-11-05T10:00:00,108.71,
6886,23162,2024-05-27T01:00:00,TAX_CERT,2,174,passed,2024-07-11T01:00:00,70.59,
6887,99933,2023-07-02T13:00:00,BUSINESS_PERMIT,9,77,passed,2023-08-23T13:00:00,181.27,
6888,35199,2023-07-14T10:00:00,BUSINESS_PERMIT,6,69,passed,2023-08-03T10:00:00,136.1,
6889,33067,2023-07-12T02:00:00,TAX_CERT,1,88,passed,2023-08-03T02:00:00,113.51,
6890,71511,2023-04-13T11:00:00,BUSINESS_PERMIT,5,88,passed,2023-05-25T11:00:00,90.81,
6891,66295,2023-06-15T20:00:00,FAMILY_STATUS,7,2,flagged,2023-07-13T20:00:00,1854.61,AUDIT_DONE
6892,80002,2023-01-23T21:00:00,BUSINESS_PERMIT,10,60,passed,2023-03-10T21:00:00,122.39,
6893,83489,2024-06-05T19:00:00,BUSINESS_PERMIT,2,154,flagged,2024-07-26T19:00:00,814.94,AUDIT_DONE
6894,78761,2024-05-22T18:00:00,ID_RENEWAL,7,146,passed,2024-07-10T18:00:00,113.24,
6895,70309,2023-05-07T20:00:00,FAMILY_STATUS,10,75,passed,2023-06-26T20:00:00,163.61,
6896,96788,2024-02-03T03:00:00,ID_RENEWAL,3,61,rejected,2024-03-25T03:00:00,4.17,AUDIT_DONE
6897,78119,2023-02-06T04:00:00,BUSINESS_PERMIT,5,24,passed,2023-03-05T04:00:00,22.62,
6898,14490,2023-08-11T14:00:00,TAX_CERT,4,86,passed,2023-09-17T14:00:00,33.16,
6899,79866,2024-05-31T18:00:00,FAMILY_STATUS,10,103,passed,2024-07-04T18:00:00,86.9,
6900,97981,2023-10-03T06:00:00,BUSINESS_PERMIT,2,23,passed,2023-10-13T06:00:00,182.76,
6901,90430,2023-12-30T02:00:00,BUSINESS_PERMIT,5,180,passed,2024-01-19T02:00:00,168.47,
6902,74916,2024-01-08T21:00:00,ID_RENEWAL,5,52,passed,2024-02-12T21:00:00,67.98,
6903,53324,2023-02-16T06:00:00,BIRTH_CERT,11,15,rejected,2023-03-24T06:00:00,38.63,AUDIT_DONE
6904,81828,2024-02-29T01:00:00,BUSINESS_PERMIT,9,162,passed,2024-03-28T01:00:00,115.64,
6905,31116,2024-04-07T19:00:00,TAX_CERT,4,85,flagged,2024-04-30T19:00:00,1159.27,AUDIT_DONE
6906,32127,2023-04-13T08:00:00,FAMILY_STATUS,10,71,flagged,2023-04-26T08:00:00,1000.48,AUDIT_DONE
6907,91863,2024-03-19T01:00:00,BIRTH_CERT,7,36,passed,2024-05-13T01:00:00,152.25,
6908,91110,2023-04-21T17:00:00,BIRTH_CERT,1,175,passed,2023-06-13T17:00:00,130.66,
6909,17809,2023-04-29T10:00:00,BIRTH_CERT,2,78,flagged,2023-05-28T10:00:00,1150.17,AUDIT_DONE
6910,92476,2023-12-24T00:00:00,FAMILY_STATUS,11,21,flagged,2024-01-30T00:00:00,1609.4,AUDIT_DONE
6911,19458,2023-06-15T19:00:00,TAX_CERT,12,103,rejected,2023-07-08T19:00:00,39.18,AUDIT_DONE
6912,38732,2023-06-25T13:00:00,BIRTH_CERT,5,116,passed,2023-08-15T13:00:00,138.42,
6913,47910,2023-07-02T09:00:00,TAX_CERT,6,55,passed,2023-07-09T09:00:00,144.78,
6914,28118,2023-09-17T00:00:00,FAMILY_STATUS,9,22,passed,2023-10-11T00:00:00,141.57,
6915,79195,2023-08-31T18:00:00,FAMILY_STATUS,12,180,flagged,2023-10-02T18:00:00,1766.17,AUDIT_DONE
6916,81838,2023-07-10T14:00:00,BIRTH_CERT,7,129,flagged,2023-07-23T14:00:00,822.99,AUDIT_DONE
6917,26112,2023-04-15T05:00:00,FAMILY_STATUS,3,79,flagged,2023-05-16T05:00:00,1723.07,AUDIT_DONE
6918,89689,2023-06-13T17:00:00,BUSINESS_PERMIT,1,155,flagged,2023-06-20T17:00:00,801.92,AUDIT_DONE
6919,99953,2023-01-16T19:00:00,FAMILY_STATUS,7,173,passed,2023-01-29T19:00:00,173.36,
6920,17192,2023-03-21T02:00:00,TAX_CERT,8,88,passed,2023-04-25T02:00:00,47.15,
6921,16741,2023-12-25T06:00:00,FAMILY_STATUS,4,128,passed,2024-01-25T06:00:00,0.34,
6922,35993,2023-08-30T14:00:00,BUSINESS_PERMIT,8,89,passed,2023-09-29T14:00:00,36.01,
6923,39774,2023-03-30T15:00:00,ID_RENEWAL,3,10,passed,2023-04-21T15:00:00,64.67,
6924,64488,2023-01-08T06:00:00,FAMILY_STATUS,3,87,rejected,2023-03-07T06:00:00,28.77,AUDIT_DONE
6925,56764,2024-03-31T08:00:00,ID_RENEWAL,2,49,rejected,2024-04-13T08:00:00,11.79,AUDIT_DONE
6926,49470,2024-02-29T16:00:00,TAX_CERT,4,157,passed,2024-04-26T16:00:00,107.88,
6927,12309,2023-05-25T13:00:00,BIRTH_CERT,11,111,passed,2023-06-14T13:00:00,73.59,
6928,42343,2023-01-31T06:00:00,ID_RENEWAL,11,168,rejected,2023-02-14T06:00:00,34.57,AUDIT_DONE
6929,66636,2023-12-31T12:00:00,BUSINESS_PERMIT,11,88,passed,2024-01-31T12:00:00,163.96,
6930,53083,2023-04-01T06:00:00,ID_RENEWAL,7,79,passed,2023-04-20T06:00:00,181.39,
6931,28245,2023-11-05T10:00:00,FAMILY_STATUS,3,48,passed,2023-11-25T10:00:00,127.78,
6932,88064,2023-08-10T09:00:00,BUSINESS_PERMIT,9,169,passed,2023-10-01T09:00:00,37.39,
6933,69778,2023-08-05T22:00:00,FAMILY_STATUS,5,153,flagged,2023-09-09T22:00:00,1226.34,AUDIT_DONE
6934,10016,2023-09-03T20:00:00,BUSINESS_PERMIT,4,89,passed,2023-10-11T20:00:00,133.81,
6935,93972,2023-10-29T00:00:00,ID_RENEWAL,7,74,passed,2023-12-19T00:00:00,39.26,
6936,36787,2023-11-28T08:00:00,ID_RENEWAL,1,40,passed,2024-01-06T08:00:00,195.99,
6937,12743,2024-04-08T10:00:00,TAX_CERT,1,28,passed,2024-05-25T10:00:00,28.35,
6938,26432,2023-10-03T18:00:00,BUSINESS_PERMIT,2,65,passed,2023-11-01T18:00:00,3.3,
6939,19717,2024-02-11T06:00:00,TAX_CERT,7,77,passed,2024-04-04T06:00:00,186.51,
6940,64811,2024-02-20T08:00:00,BIRTH_CERT,11,81,rejected,2024-03-29T08:00:00,10.13,AUDIT_DONE
6941,34368,2024-05-07T19:00:00,BUSINESS_PERMIT,7,123,passed,2024-06-23T19:00:00,77.97,
6942,40469,2024-06-10T13:00:00,TAX_CERT,12,50,passed,2024-07-31T13:00:00,157.59,
6943,82109,2023-08-14T04:00:00,TAX_CERT,8,158,flagged,2023-10-06T04:00:00,1683.98,AUDIT_DONE
6944,25810,2023-04-07T14:00:00,BIRTH_CERT,1,44,passed,2023-05-14T14:00:00,83.41,
6945,56115,2024-01-30T02:00:00,ID_RENEWAL,5,155,passed,2024-03-11T02:00:00,18.8,
6946,15454,2023-11-12T23:00:00,TAX_CERT,8,91,passed,2023-12-15T23:00:00,24.64,
6947,77559,2023-10-17T18:00:00,TAX_CERT,6,177,passed,2023-11-19T18:00:00,5.85,
6948,21092,2023-06-11T16:00:00,ID_RENEWAL,8,145,passed,2023-07-07T16:00:00,80.79,
6949,34902,2024-01-25T12:00:00,TAX_CERT,2,173,rejected,2024-03-11T12:00:00,30.75,AUDIT_DONE
6950,15673,2023-12-12T14:00:00,BUSINESS_PERMIT,9,154,passed,2024-01-09T14:00:00,109.43,
6951,19331,2023-01-16T06:00:00,ID_RENEWAL,1,57,passed,2023-02-22T06:00:00,149.69,
6952,28215,2023-07-08T01:00:00,TAX_CERT,3,121,passed,2023-08-25T01:00:00,166.28,
6953,22761,2024-06-24T20:00:00,TAX_CERT,6,164,passed,2024-08-22T20:00:00,66.11,
6954,41787,2023-06-07T01:00:00,FAMILY_STATUS,8,40,passed,2023-06-27T01:00:00,9.14,
6955,23836,2023-06-03T07:00:00,ID_RENEWAL,4,148,passed,2023-06-14T07:00:00,135.15,
6956,41935,2023-09-04T20:00:00,BIRTH_CERT,10,150,passed,2023-10-31T20:00:00,148.28,
6957,79920,2024-04-13T19:00:00,TAX_CERT,3,113,passed,2024-05-18T19:00:00,93.56,
6958,87746,2023-09-09T12:00:00,BUSINESS_PERMIT,1,163,passed,2023-09-24T12:00:00,58.61,
6959,59388,2024-02-22T10:00:00,FAMILY_STATUS,2,78,passed,2024-04-01T10:00:00,52.04,
6960,60085,2024-04-15T08:00:00,BIRTH_CERT,4,7,flagged,2024-04-23T08:00:00,986.27,AUDIT_DONE
6961,84190,2023-03-08T09:00:00,BIRTH_CERT,11,174,rejected,2023-04-03T09:00:00,27.85,AUDIT_DONE
6962,87354,2023-05-07T18:00:00,BIRTH_CERT,9,180,passed,2023-07-06T18:00:00,10.07,
6963,94787,2023-03-23T02:00:00,TAX_CERT,4,3,flagged,2023-04-14T02:00:00,1421.26,AUDIT_DONE
6964,92965,2023-05-03T09:00:00,BUSINESS_PERMIT,2,149,flagged,2023-05-14T09:00:00,939.43,AUDIT_DONE
6965,46643,2024-02-25T07:00:00,BIRTH_CERT,4,6,passed,2024-04-01T07:00:00,199.14,
6966,22690,2023-12-14T01:00:00,BIRTH_CERT,5,73,passed,2024-01-18T01:00:00,174.66,
6967,46827,2023-06-20T18:00:00,FAMILY_STATUS,9,167,rejected,2023-07-30T18:00:00,7.1,AUDIT_DONE
6968,63539,2023-04-25T13:00:00,TAX_CERT,2,173,passed,2023-06-14T13:00:00,42.62,
6969,95823,2023-10-07T01:00:00,BUSINESS_PERMIT,9,135,flagged,2023-10-21T01:00:00,1978.1,AUDIT_DONE
6970,51960,2023-08-27T04:00:00,BUSINESS_PERMIT,4,130,passed,2023-10-20T04:00:00,98.0,
6971,64315,2023-10-29T02:00:00,FAMILY_STATUS,1,63,passed,2023-11-16T02:00:00,185.44,
6972,80000,2023-10-02T03:00:00,TAX_CERT,12,84,passed,2023-11-28T03:00:00,186.22,
6973,25547,2024-06-23T11:00:00,BUSINESS_PERMIT,2,111,passed,2024-07-04T11:00:00,98.61,
6974,72765,2023-10-17T08:00:00,ID_RENEWAL,12,112,passed,2023-12-14T08:00:00,100.09,
6975,17713,2023-07-14T05:00:00,TAX_CERT,11,159,passed,2023-09-08T05:00:00,180.34,
6976,22903,2023-04-14T10:00:00,BIRTH_CERT,9,173,flagged,2023-06-13T10:00:00,1622.17,AUDIT_DONE
6977,60329,2024-01-12T16:00:00,ID_RENEWAL,2,31,flagged,2024-02-06T16:00:00,863.82,AUDIT_DONE
6978,87600,2023-05-15T06:00:00,BUSINESS_PERMIT,12,95,passed,2023-07-11T06:00:00,67.57,
6979,80497,2024-06-05T05:00:00,ID_RENEWAL,9,152,passed,2024-06-15T05:00:00,156.92,
6980,74904,2023-05-24T22:00:00,BUSINESS_PERMIT,4,87,passed,2023-06-25T22:00:00,162.42,
6981,70707,2024-02-09T01:00:00,BIRTH_CERT,3,116,passed,2024-02-27T01:00:00,112.2,
6982,20054,2023-10-09T14:00:00,BIRTH_CERT,9,176,flagged,2023-11-19T14:00:00,1949.99,AUDIT_DONE
6983,15990,2023-07-23T17:00:00,FAMILY_STATUS,4,79,passed,2023-09-15T17:00:00,179.63,
6984,82712,2023-04-01T00:00:00,ID_RENEWAL,11,66,passed,2023-05-18T00:00:00,198.27,
6985,49068,2023-07-09T16:00:00,BIRTH_CERT,3,25,passed,2023-08-29T16:00:00,140.86,
6986,12740,2023-06-26T09:00:00,FAMILY_STATUS,11,24,flagged,2023-07-17T09:00:00,1161.07,AUDIT_DONE
6987,29226,2023-10-30T09:00:00,FAMILY_STATUS,7,146,passed,2023-11-24T09:00:00,125.36,
6988,12790,2024-02-27T07:00:00,ID_RENEWAL,5,149,rejected,2024-04-22T07:00:00,37.53,AUDIT_DONE
6989,18019,2024-04-07T13:00:00,FAMILY_STATUS,9,156,passed,2024-04-14T13:00:00,55.35,
6990,38111,2023-04-17T19:00:00,ID_RENEWAL,6,23,passed,2023-04-26T19:00:00,39.62,
6991,60823,2024-03-29T12:00:00,BUSINESS_PERMIT,7,19,passed,2024-04-11T12:00:00,77.42,
6992,94013,2023-10-02T13:00:00,ID_RENEWAL,5,177,passed,2023-11-28T13:00:00,182.33,
6993,19287,2024-06-18T15:00:00,BIRTH_CERT,3,136,passed,2024-08-17T15:00:00,104.65,
6994,46803,2023-04-19T17:00:00,FAMILY_STATUS,7,147,passed,2023-06-14T17:00:00,27.94,
6995,75334,2023-09-20T01:00:00,BUSINESS_PERMIT,6,95,passed,2023-10-16T01:00:00,170.13,
6996,30016,2023-06-25T02:00:00,ID_RENEWAL,4,147,passed,2023-07-27T02:00:00,39.21,
6997,24354,2023-03-18T13:00:00,BUSINESS_PERMIT,1,170,rejected,2023-04-12T13:00:00,29.21,AUDIT_DONE
6998,61166,2023-06-11T06:00:00,BUSINESS_PERMIT,2,160,passed,2023-08-01T06:00:00,87.78,
6999,57581,2024-06-23T12:00:00,BIRTH_CERT,4,113,passed,2024-08-19T12:00:00,139.51,
7000,16684,2023-08-09T11:00:00,FAMILY_STATUS,9,65,flagged,2023-09-26T11:00:00,1907.2,AUDIT_DONE
7001,30831,2024-05-07T01:00:00,BUSINESS_PERMIT,6,178,passed,2024-07-04T01:00:00,165.39,
7002,99206,2023-11-22T12:00:00,BUSINESS_PERMIT,6,99,flagged,2023-12-05T12:00:00,1631.54,AUDIT_DONE
7003,24696,2023-11-20T12:00:00,ID_RENEWAL,7,108,passed,2024-01-15T12:00:00,67.03,
7004,12319,2023-05-02T04:00:00,FAMILY_STATUS,1,127,passed,2023-06-20T04:00:00,104.46,
7005,34348,2024-06-23T18:00:00,BUSINESS_PERMIT,4,95,passed,2024-08-06T18:00:00,98.11,
7006,55801,2023-07-06T11:00:00,ID_RENEWAL,12,87,passed,2023-07-18T11:00:00,92.09,
7007,80190,2023-09-01T06:00:00,ID_RENEWAL,6,156,flagged,2023-09-24T06:00:00,1415.92,AUDIT_DONE
7008,93323,2024-06-12T13:00:00,BIRTH_CERT,2,130,passed,2024-08-02T13:00:00,152.0,
7009,89025,2023-07-15T00:00:00,BUSINESS_PERMIT,5,53,passed,2023-08-28T00:00:00,29.01,
7010,41515,2024-01-18T06:00:00,TAX_CERT,3,32,passed,2024-03-10T06:00:00,0.67,
7011,65098,2023-08-11T00:00:00,FAMILY_STATUS,10,4,passed,2023-09-18T00:00:00,9.49,
7012,15554,2023-11-13T23:00:00,FAMILY_STATUS,11,146,passed,2023-12-09T23:00:00,3.18,
7013,74021,2024-03-19T10:00:00,ID_RENEWAL,12,1,passed,2024-04-30T10:00:00,70.39,
7014,88887,2023-02-17T19:00:00,BIRTH_CERT,6,157,passed,2023-03-25T19:00:00,136.44,
7015,87972,2023-01-08T08:00:00,BIRTH_CERT,7,50,passed,2023-03-05T08:00:00,171.75,
7016,80881,2023-04-25T16:00:00,TAX_CERT,4,134,passed,2023-06-19T16:00:00,53.34,
7017,35408,2024-01-25T04:00:00,BUSINESS_PERMIT,7,151,rejected,2024-02-27T04:00:00,20.73,AUDIT_DONE
7018,34276,2024-03-31T21:00:00,BIRTH_CERT,8,18,passed,2024-04-27T21:00:00,141.87,
7019,33582,2024-02-25T22:00:00,BUSINESS_PERMIT,11,147,flagged,2024-04-22T22:00:00,1920.04,AUDIT_DONE
7020,81328,2023-04-12T11:00:00,ID_RENEWAL,5,139,passed,2023-05-23T11:00:00,92.43,
7021,68281,2023-09-29T03:00:00,BUSINESS_PERMIT,12,36,passed,2023-11-25T03:00:00,166.48,
7022,15366,2023-02-06T11:00:00,FAMILY_STATUS,1,137,flagged,2023-03-06T11:00:00,1366.97,AUDIT_DONE
7023,80340,2024-03-16T05:00:00,BIRTH_CERT,5,76,flagged,2024-04-26T05:00:00,1441.13,AUDIT_DONE
7024,39587,2024-01-30T14:00:00,BIRTH_CERT,9,152,flagged,2024-02-12T14:00:00,1836.73,AUDIT_DONE
7025,20576,2023-04-26T18:00:00,FAMILY_STATUS,4,135,passed,2023-05-20T18:00:00,87.65,
7026,80511,2023-06-22T00:00:00,FAMILY_STATUS,2,62,passed,2023-08-10T00:00:00,124.68,
7027,50719,2023-08-05T17:00:00,ID_RENEWAL,12,45,passed,2023-08-16T17:00:00,152.85,
7028,35692,2023-10-27T12:00:00,FAMILY_STATUS,3,80,passed,2023-12-19T12:00:00,87.49,
7029,40487,2024-03-26T05:00:00,ID_RENEWAL,4,106,passed,2024-04-16T05:00:00,96.3,
7030,50617,2024-05-28T21:00:00,BUSINESS_PERMIT,10,3,passed,2024-06-22T21:00:00,63.7,
7031,87839,2024-05-27T09:00:00,FAMILY_STATUS,4,46,flagged,2024-06-05T09:00:00,1971.84,AUDIT_DONE
7032,97201,2023-10-31T19:00:00,TAX_CERT,7,144,passed,2023-12-28T19:00:00,97.44,
7033,84859,2023-02-28T15:00:00,BIRTH_CERT,10,1,passed,2023-04-22T15:00:00,15.2,
7034,85270,2024-05-27T08:00:00,FAMILY_STATUS,7,115,passed,2024-07-11T08:00:00,93.07,
7035,31363,2023-05-01T02:00:00,FAMILY_STATUS,1,56,flagged,2023-06-23T02:00:00,1221.32,AUDIT_DONE
7036,92029,2024-05-09T22:00:00,BIRTH_CERT,7,35,passed,2024-07-01T22:00:00,195.86,
7037,55014,2023-02-04T04:00:00,FAMILY_STATUS,9,7,passed,2023-03-20T04:00:00,151.62,
7038,60100,2023-01-24T00:00:00,TAX_CERT,1,66,passed,2023-02-27T00:00:00,14.74,
7039,30284,2023-02-12T11:00:00,TAX_CERT,12,115,flagged,2023-03-18T11:00:00,1396.25,AUDIT_DONE
7040,83578,2023-01-23T05:00:00,TAX_CERT,2,116,passed,2023-03-23T05:00:00,113.65,
7041,72666,2023-01-23T10:00:00,BUSINESS_PERMIT,4,118,passed,2023-03-12T10:00:00,148.86,
7042,46599,2023-01-30T21:00:00,BIRTH_CERT,8,48,passed,2023-02-15T21:00:00,166.69,
7043,65108,2023-07-17T04:00:00,BUSINESS_PERMIT,4,166,passed,2023-08-16T04:00:00,184.69,
7044,34410,2024-05-02T19:00:00,FAMILY_STATUS,5,97,passed,2024-05-22T19:00:00,109.06,
7045,89209,2023-04-30T09:00:00,BIRTH_CERT,9,73,passed,2023-06-11T09:00:00,129.91,
7046,67306,2023-02-06T15:00:00,FAMILY_STATUS,8,92,passed,2023-03-03T15:00:00,126.71,
7047,58062,2023-12-13T21:00:00,ID_RENEWAL,12,113,passed,2024-01-08T21:00:00,78.9,
7048,99315,2023-07-03T08:00:00,TAX_CERT,3,115,passed,2023-08-13T08:00:00,53.07,
7049,37236,2024-01-07T02:00:00,FAMILY_STATUS,7,89,passed,2024-02-14T02:00:00,133.41,
7050,92190,2023-04-21T02:00:00,ID_RENEWAL,9,120,passed,2023-05-14T02:00:00,78.66,
7051,63423,2023-10-08T09:00:00,TAX_CERT,9,123,passed,2023-11-12T09:00:00,88.26,
7052,18822,2024-04-01T21:00:00,BIRTH_CERT,12,20,rejected,2024-04-20T21:00:00,49.88,AUDIT_DONE
7053,63714,2024-03-25T05:00:00,BIRTH_CERT,8,125,flagged,2024-04-04T05:00:00,1938.75,AUDIT_DONE
7054,32900,2024-06-01T16:00:00,ID_RENEWAL,11,98,passed,2024-06-26T16:00:00,142.91,
7055,80121,2023-12-05T21:00:00,FAMILY_STATUS,12,8,passed,2024-01-11T21:00:00,168.27,
7056,53313,2024-02-18T05:00:00,ID_RENEWAL,3,18,passed,2024-03-22T05:00:00,52.37,
7057,19403,2024-02-19T10:00:00,TAX_CERT,2,89,passed,2024-03-15T10:00:00,26.53,
7058,16146,2024-06-17T04:00:00,BIRTH_CERT,11,158,passed,2024-08-02T04:00:00,168.35,
7059,43222,2024-03-16T21:00:00,BUSINESS_PERMIT,9,110,passed,2024-05-02T21:00:00,21.61,
7060,84274,2024-02-24T01:00:00,TAX_CERT,2,127,passed,2024-03-24T01:00:00,153.25,
7061,58443,2024-02-29T14:00:00,TAX_CERT,1,28,rejected,2024-03-28T14:00:00,40.74,AUDIT_DONE
7062,59028,2023-07-08T12:00:00,FAMILY_STATUS,5,20,flagged,2023-08-08T12:00:00,1115.56,AUDIT_DONE
7063,35645,2023-06-07T22:00:00,FAMILY_STATUS,11,154,passed,2023-07-12T22:00:00,97.26,
7064,30854,2023-04-28T12:00:00,BUSINESS_PERMIT,9,62,passed,2023-05-16T12:00:00,188.14,
7065,20782,2023-05-08T02:00:00,FAMILY_STATUS,4,168,passed,2023-05-24T02:00:00,10.04,
7066,53629,2024-06-15T01:00:00,FAMILY_STATUS,1,137,passed,2024-07-12T01:00:00,194.75,
7067,83452,2024-04-02T21:00:00,TAX_CERT,8,64,passed,2024-04-18T21:00:00,129.04,
7068,82062,2023-08-23T19:00:00,TAX_CERT,2,49,passed,2023-09-03T19:00:00,132.49,
7069,77235,2024-03-01T12:00:00,ID_RENEWAL,10,68,passed,2024-04-14T12:00:00,49.79,
7070,28115,2024-06-20T08:00:00,BIRTH_CERT,7,154,passed,2024-07-10T08:00:00,150.78,
7071,24028,2024-04-09T10:00:00,TAX_CERT,9,70,flagged,2024-05-16T10:00:00,1312.39,AUDIT_DONE
7072,78841,2024-04-22T01:00:00,FAMILY_STATUS,11,37,passed,2024-06-07T01:00:00,59.77,
7073,62328,2023-12-23T18:00:00,ID_RENEWAL,9,158,flagged,2024-01-23T18:00:00,1522.28,AUDIT_DONE
7074,65795,2023-11-01T14:00:00,FAMILY_STATUS,9,51,rejected,2023-11-17T14:00:00,40.82,AUDIT_DONE
7075,82533,2024-02-20T23:00:00,BUSINESS_PERMIT,6,129,flagged,2024-04-04T23:00:00,1906.4,AUDIT_DONE
7076,20761,2023-07-01T08:00:00,TAX_CERT,5,77,passed,2023-07-23T08:00:00,191.77,
7077,86796,2023-10-14T04:00:00,TAX_CERT,11,11,passed,2023-11-09T04:00:00,34.55,
7078,33811,2023-02-15T18:00:00,ID_RENEWAL,9,24,passed,2023-02-24T18:00:00,28.65,
7079,37552,2023-12-16T20:00:00,BUSINESS_PERMIT,2,36,passed,2023-12-28T20:00:00,101.56,
7080,97715,2024-06-05T08:00:00,FAMILY_STATUS,1,84,passed,2024-07-06T08:00:00,21.63,
7081,75294,2023-06-19T07:00:00,BUSINESS_PERMIT,8,3,passed,2023-07-24T07:00:00,107.49,
7082,66480,2024-01-16T02:00:00,ID_RENEWAL,10,14,flagged,2024-02-02T02:00:00,1046.77,AUDIT_DONE
7083,65857,2024-05-02T07:00:00,BUSINESS_PERMIT,5,119,passed,2024-05-19T07:00:00,57.39,
7084,18108,2023-09-20T17:00:00,TAX_CERT,5,109,passed,2023-10-01T17:00:00,127.16,
7085,43756,2023-05-24T06:00:00,TAX_CERT,4,140,rejected,2023-07-21T06:00:00,40.4,AUDIT_DONE
7086,54938,2024-04-02T22:00:00,BIRTH_CERT,7,124,passed,2024-05-14T22:00:00,149.4,
7087,88972,2023-06-28T02:00:00,BIRTH_CERT,10,109,flagged,2023-07-26T02:00:00,1133.15,AUDIT_DONE
7088,99174,2024-03-05T17:00:00,ID_RENEWAL,3,36,passed,2024-03-20T17:00:00,18.63,
7089,90838,2023-06-02T11:00:00,TAX_CERT,6,129,passed,2023-07-26T11:00:00,103.94,
7090,53233,2023-07-30T00:00:00,BUSINESS_PERMIT,8,140,passed,2023-09-24T00:00:00,22.21,
7091,91235,2023-01-22T21:00:00,TAX_CERT,7,116,rejected,2023-03-23T21:00:00,22.86,AUDIT_DONE
7092,52713,2023-11-04T08:00:00,BIRTH_CERT,12,88,passed,2023-12-11T08:00:00,165.14,
7093,64423,2024-03-24T02:00:00,BIRTH_CERT,2,60,flagged,2024-05-18T02:00:00,1248.64,AUDIT_DONE
7094,48754,2024-05-13T06:00:00,FAMILY_STATUS,2,173,passed,2024-06-13T06:00:00,59.7,
7095,77311,2024-03-15T07:00:00,TAX_CERT,10,72,rejected,2024-04-14T07:00:00,26.42,AUDIT_DONE
7096,55214,2023-04-12T00:00:00,BIRTH_CERT,10,4,passed,2023-06-01T00:00:00,69.24,
7097,55871,2024-05-02T04:00:00,ID_RENEWAL,7,49,passed,2024-06-08T04:00:00,139.01,
7098,24476,2023-07-11T15:00:00,ID_RENEWAL,11,19,passed,2023-07-29T15:00:00,77.77,
7099,81742,2023-06-27T07:00:00,ID_RENEWAL,9,113,flagged,2023-08-06T07:00:00,1915.22,AUDIT_DONE
7100,93558,2024-05-15T07:00:00,FAMILY_STATUS,7,107,rejected,2024-07-06T07:00:00,44.54,AUDIT_DONE
7101,91329,2024-05-20T01:00:00,ID_RENEWAL,7,167,passed,2024-07-11T01:00:00,62.58,
7102,96781,2023-04-30T18:00:00,TAX_CERT,7,170,passed,2023-06-23T18:00:00,53.42,
7103,19587,2023-12-20T13:00:00,ID_RENEWAL,3,49,passed,2024-01-07T13:00:00,157.64,
7104,80461,2023-05-04T16:00:00,TAX_CERT,8,2,passed,2023-05-13T16:00:00,192.11,
7105,81013,2023-07-03T04:00:00,BIRTH_CERT,1,92,passed,2023-07-12T04:00:00,149.96,
7106,84874,2023-08-29T18:00:00,BIRTH_CERT,12,92,passed,2023-10-08T18:00:00,153.27,
7107,12032,2023-02-01T09:00:00,ID_RENEWAL,7,99,passed,2023-04-02T09:00:00,89.4,
7108,84089,2023-10-20T15:00:00,BIRTH_CERT,9,47,passed,2023-11-18T15:00:00,93.16,
7109,52492,2023-04-13T03:00:00,ID_RENEWAL,8,50,passed,2023-05-16T03:00:00,158.11,
7110,66309,2024-02-17T16:00:00,ID_RENEWAL,9,162,flagged,2024-04-09T16:00:00,1238.08,AUDIT_DONE
7111,16973,2023-07-07T14:00:00,TAX_CERT,4,32,passed,2023-08-05T14:00:00,47.72,
7112,70688,2023-11-09T10:00:00,ID_RENEWAL,1,101,flagged,2023-11-24T10:00:00,1942.44,AUDIT_DONE
7113,43706,2023-12-24T04:00:00,FAMILY_STATUS,5,23,passed,2024-02-07T04:00:00,188.75,
7114,93293,2024-03-17T09:00:00,FAMILY_STATUS,7,138,passed,2024-05-12T09:00:00,93.36,
7115,12273,2024-02-26T19:00:00,ID_RENEWAL,2,72,passed,2024-03-04T19:00:00,101.01,
7116,35082,2023-01-14T22:00:00,BUSINESS_PERMIT,2,55,flagged,2023-02-06T22:00:00,1955.88,AUDIT_DONE
7117,33369,2024-06-06T08:00:00,TAX_CERT,8,25,passed,2024-07-15T08:00:00,94.94,
7118,73030,2023-07-04T04:00:00,BUSINESS_PERMIT,6,170,passed,2023-07-25T04:00:00,137.96,
7119,45202,2023-06-18T20:00:00,FAMILY_STATUS,12,37,flagged,2023-07-10T20:00:00,1050.89,AUDIT_DONE
7120,70531,2023-02-15T03:00:00,BIRTH_CERT,6,71,passed,2023-03-17T03:00:00,98.76,
7121,56071,2024-03-07T13:00:00,BIRTH_CERT,2,11,passed,2024-03-15T13:00:00,10.09,
7122,89742,2023-03-30T03:00:00,TAX_CERT,9,98,passed,2023-05-07T03:00:00,146.35,
7123,17352,2023-08-09T20:00:00,TAX_CERT,4,78,passed,2023-09-03T20:00:00,115.58,
7124,21297,2024-02-09T18:00:00,FAMILY_STATUS,11,173,passed,2024-03-01T18:00:00,183.78,
7125,73034,2023-12-22T20:00:00,FAMILY_STATUS,6,174,passed,2024-01-30T20:00:00,129.7,
7126,76711,2024-05-25T10:00:00,TAX_CERT,8,85,passed,2024-06-08T10:00:00,137.92,
7127,43570,2023-05-20T06:00:00,BUSINESS_PERMIT,8,14,passed,2023-06-13T06:00:00,107.5,
7128,76394,2023-11-24T00:00:00,FAMILY_STATUS,2,171,passed,2023-12-16T00:00:00,108.33,
7129,46677,2023-11-02T03:00:00,FAMILY_STATUS,9,80,passed,2023-12-04T03:00:00,45.15,
7130,42716,2024-04-09T01:00:00,TAX_CERT,2,121,flagged,2024-05-14T01:00:00,1951.11,AUDIT_DONE
7131,15796,2024-05-13T21:00:00,FAMILY_STATUS,1,18,passed,2024-06-14T21:00:00,72.27,
7132,20356,2023-10-29T23:00:00,ID_RENEWAL,10,125,passed,2023-11-19T23:00:00,94.6,
7133,88363,2023-06-09T12:00:00,BIRTH_CERT,3,166,passed,2023-07-12T12:00:00,93.58,
7134,60883,2023-01-01T13:00:00,ID_RENEWAL,12,6,passed,2023-02-16T13:00:00,101.09,
7135,34493,2024-01-04T12:00:00,BIRTH_CERT,7,26,passed,2024-02-15T12:00:00,147.4,
7136,49874,2023-05-13T02:00:00,TAX_CERT,12,5,rejected,2023-06-16T02:00:00,15.66,AUDIT_DONE
7137,59469,2024-01-05T17:00:00,TAX_CERT,4,6,passed,2024-01-24T17:00:00,64.36,
7138,22379,2023-04-26T08:00:00,BIRTH_CERT,10,35,passed,2023-06-09T08:00:00,118.35,
7139,38566,2024-02-18T03:00:00,FAMILY_STATUS,11,122,passed,2024-03-23T03:00:00,78.94,
7140,99663,2023-11-21T21:00:00,TAX_CERT,5,152,rejected,2024-01-09T21:00:00,46.81,AUDIT_DONE
7141,54345,2023-06-26T00:00:00,FAMILY_STATUS,7,146,flagged,2023-07-12T00:00:00,1488.06,AUDIT_DONE
7142,97014,2023-09-04T01:00:00,BIRTH_CERT,1,51,flagged,2023-09-14T01:00:00,1219.63,AUDIT_DONE
7143,47990,2024-04-16T11:00:00,BIRTH_CERT,7,161,rejected,2024-06-09T11:00:00,12.28,AUDIT_DONE
7144,83075,2023-04-10T23:00:00,BIRTH_CERT,1,130,passed,2023-05-05T23:00:00,168.56,
7145,67997,2023-09-03T02:00:00,BIRTH_CERT,10,48,passed,2023-10-08T02:00:00,197.71,
7146,34629,2023-08-03T09:00:00,TAX_CERT,1,128,passed,2023-09-30T09:00:00,137.12,
7147,69233,2024-05-28T02:00:00,ID_RENEWAL,9,23,passed,2024-07-05T02:00:00,94.77,
7148,38675,2023-05-03T00:00:00,BUSINESS_PERMIT,4,73,passed,2023-06-10T00:00:00,10.65,
7149,72092,2023-03-09T15:00:00,BIRTH_CERT,5,82,passed,2023-03-22T15:00:00,198.88,
7150,13705,2023-03-09T16:00:00,ID_RENEWAL,5,164,passed,2023-03-19T16:00:00,3.59,
7151,25392,2023-04-03T07:00:00,FAMILY_STATUS,4,16,flagged,2023-04-20T07:00:00,1624.7,AUDIT_DONE
7152,94218,2023-01-19T08:00:00,BIRTH_CERT,1,21,passed,2023-02-10T08:00:00,164.19,
7153,86050,2023-06-15T03:00:00,TAX_CERT,6,170,passed,2023-06-26T03:00:00,172.88,
7154,65116,2024-04-22T15:00:00,FAMILY_STATUS,3,69,passed,2024-06-13T15:00:00,129.02,
7155,65873,2023-11-27T12:00:00,BIRTH_CERT,2,133,flagged,2023-12-23T12:00:00,1689.98,AUDIT_DONE
7156,62058,2023-04-12T11:00:00,FAMILY_STATUS,12,163,passed,2023-05-02T11:00:00,165.71,
7157,23666,2024-03-29T09:00:00,FAMILY_STATUS,8,12,rejected,2024-05-12T09:00:00,31.48,AUDIT_DONE
7158,89819,2024-06-11T14:00:00,ID_RENEWAL,12,177,passed,2024-07-31T14:00:00,37.02,
7159,55553,2024-06-07T07:00:00,BUSINESS_PERMIT,4,134,flagged,2024-07-08T07:00:00,1811.38,AUDIT_DONE
7160,81231,2023-05-05T18:00:00,ID_RENEWAL,8,137,passed,2023-06-05T18:00:00,155.76,
7161,85243,2023-05-19T12:00:00,BIRTH_CERT,7,106,passed,2023-06-19T12:00:00,116.05,
7162,75845,2023-06-11T23:00:00,BUSINESS_PERMIT,12,118,flagged,2023-07-31T23:00:00,1608.87,AUDIT_DONE
7163,88268,2024-01-21T11:00:00,BUSINESS_PERMIT,8,76,rejected,2024-02-20T11:00:00,36.67,AUDIT_DONE
7164,73229,2024-03-28T21:00:00,TAX_CERT,6,154,rejected,2024-05-01T21:00:00,23.2,AUDIT_DONE
7165,78744,2024-06-03T00:00:00,TAX_CERT,1,119,passed,2024-07-06T00:00:00,146.47,
7166,84177,2023-07-16T20:00:00,TAX_CERT,12,64,flagged,2023-08-06T20:00:00,1082.0,AUDIT_DONE
7167,66885,2023-10-13T14:00:00,BUSINESS_PERMIT,5,177,passed,2023-10-31T14:00:00,132.86,
7168,81384,2024-05-27T12:00:00,FAMILY_STATUS,6,115,passed,2024-07-25T12:00:00,49.18,
7169,27733,2023-09-25T12:00:00,ID_RENEWAL,1,93,passed,2023-10-15T12:00:00,194.61,
7170,83460,2023-09-12T06:00:00,BIRTH_CERT,1,164,passed,2023-11-01T06:00:00,159.63,
7171,98629,2023-06-21T20:00:00,TAX_CERT,9,135,flagged,2023-08-12T20:00:00,1979.76,AUDIT_DONE
7172,78501,2023-12-21T10:00:00,BIRTH_CERT,8,102,passed,2024-01-29T10:00:00,43.6,
7173,18969,2023-08-09T15:00:00,BIRTH_CERT,11,9,passed,2023-10-01T15:00:00,146.38,
7174,46967,2023-01-11T13:00:00,TAX_CERT,3,49,passed,2023-02-09T13:00:00,129.85,
7175,10400,2023-11-10T09:00:00,BIRTH_CERT,10,21,passed,2023-12-16T09:00:00,98.41,
7176,30755,2023-10-20T17:00:00,FAMILY_STATUS,12,102,passed,2023-11-24T17:00:00,22.36,
7177,16162,2023-11-20T18:00:00,BIRTH_CERT,7,62,passed,2024-01-19T18:00:00,84.5,
7178,61353,2023-09-14T03:00:00,BUSINESS_PERMIT,7,37,passed,2023-11-09T03:00:00,155.87,
7179,74550,2023-07-02T08:00:00,ID_RENEWAL,1,130,passed,2023-08-20T08:00:00,32.79,
7180,65554,2023-03-27T22:00:00,BUSINESS_PERMIT,4,37,flagged,2023-04-28T22:00:00,1246.62,AUDIT_DONE
7181,24575,2023-03-05T02:00:00,ID_RENEWAL,11,159,passed,2023-04-10T02:00:00,93.02,
7182,15907,2023-10-02T10:00:00,BUSINESS_PERMIT,12,157,passed,2023-11-23T10:00:00,119.72,
7183,32606,2023-03-22T16:00:00,ID_RENEWAL,10,141,rejected,2023-04-07T16:00:00,48.87,AUDIT_DONE
7184,35008,2023-09-06T03:00:00,FAMILY_STATUS,9,150,passed,2023-09-15T03:00:00,6.47,
7185,43654,2024-01-30T03:00:00,ID_RENEWAL,11,24,passed,2024-03-07T03:00:00,59.07,
7186,42417,2023-10-13T13:00:00,TAX_CERT,6,94,passed,2023-10-31T13:00:00,17.18,
7187,91225,2023-12-15T11:00:00,ID_RENEWAL,10,20,passed,2024-01-10T11:00:00,197.53,
7188,36189,2023-12-24T20:00:00,TAX_CERT,7,104,passed,2024-01-24T20:00:00,138.05,
7189,68517,2024-06-08T13:00:00,FAMILY_STATUS,12,79,passed,2024-06-18T13:00:00,66.55,
7190,10188,2023-09-26T06:00:00,ID_RENEWAL,6,46,flagged,2023-11-13T06:00:00,1180.49,AUDIT_DONE
7191,61489,2023-03-31T13:00:00,BUSINESS_PERMIT,6,60,passed,2023-05-28T13:00:00,92.21,
7192,37258,2024-03-13T20:00:00,FAMILY_STATUS,11,123,passed,2024-05-11T20:00:00,125.01,
7193,66780,2023-03-08T09:00:00,FAMILY_STATUS,6,39,passed,2023-04-19T09:00:00,171.26,
7194,97641,2023-03-08T21:00:00,FAMILY_STATUS,6,56,passed,2023-03-16T21:00:00,4.9,
7195,37349,2023-07-21T11:00:00,BIRTH_CERT,12,20,flagged,2023-08-21T11:00:00,1132.74,AUDIT_DONE
7196,36798,2023-06-07T19:00:00,TAX_CERT,12,66,passed,2023-06-20T19:00:00,80.81,
7197,32671,2024-04-11T02:00:00,BUSINESS_PERMIT,1,9,passed,2024-04-24T02:00:00,131.1,
7198,89955,2023-10-14T07:00:00,BIRTH_CERT,9,68,flagged,2023-12-06T07:00:00,1653.59,AUDIT_DONE
7199,22460,2023-04-11T18:00:00,BUSINESS_PERMIT,3,166,passed,2023-05-26T18:00:00,9.74,
7200,61253,2023-08-05T07:00:00,TAX_CERT,10,174,flagged,2023-08-27T07:00:00,981.68,AUDIT_DONE
7201,25692,2023-11-22T18:00:00,ID_RENEWAL,4,35,flagged,2023-12-30T18:00:00,1314.2,AUDIT_DONE
7202,37775,2023-06-22T22:00:00,ID_RENEWAL,5,147,flagged,2023-08-17T22:00:00,968.0,AUDIT_DONE
7203,95936,2023-01-28T13:00:00,BIRTH_CERT,3,62,flagged,2023-02-17T13:00:00,935.21,AUDIT_DONE
7204,69001,2023-06-24T08:00:00,BUSINESS_PERMIT,6,30,passed,2023-08-01T08:00:00,114.1,
7205,21191,2023-05-06T21:00:00,ID_RENEWAL,12,147,passed,2023-07-03T21:00:00,98.29,
7206,52764,2024-04-28T04:00:00,BIRTH_CERT,10,39,passed,2024-06-19T04:00:00,189.19,
7207,42405,2023-05-06T07:00:00,FAMILY_STATUS,12,54,passed,2023-06-05T07:00:00,16.46,
7208,50776,2024-03-18T05:00:00,FAMILY_STATUS,12,140,flagged,2024-05-09T05:00:00,1663.44,AUDIT_DONE
7209,68498,2023-01-23T08:00:00,BUSINESS_PERMIT,12,178,passed,2023-02-16T08:00:00,50.74,
7210,20160,2023-04-03T13:00:00,BIRTH_CERT,9,43,passed,2023-04-21T13:00:00,121.98,
7211,62452,2023-05-12T09:00:00,TAX_CERT,5,99,passed,2023-05-25T09:00:00,162.55,
7212,47334,2024-01-20T04:00:00,BUSINESS_PERMIT,10,125,passed,2024-03-08T04:00:00,104.64,
7213,43056,2023-08-25T04:00:00,TAX_CERT,12,42,passed,2023-09-09T04:00:00,27.81,
7214,20301,2024-03-19T06:00:00,TAX_CERT,8,143,flagged,2024-05-12T06:00:00,1271.29,AUDIT_DONE
7215,73588,2023-12-15T08:00:00,BIRTH_CERT,2,76,passed,2024-01-24T08:00:00,27.27,
7216,21832,2023-10-14T15:00:00,BUSINESS_PERMIT,6,157,passed,2023-11-08T15:00:00,51.63,
7217,86837,2024-03-10T09:00:00,FAMILY_STATUS,4,70,passed,2024-04-15T09:00:00,0.7,
7218,85894,2023-02-04T12:00:00,TAX_CERT,12,83,passed,2023-02-22T12:00:00,69.96,
7219,59048,2023-05-12T08:00:00,ID_RENEWAL,5,69,passed,2023-06-05T08:00:00,150.96,
7220,51698,2024-01-13T10:00:00,FAMILY_STATUS,1,141,passed,2024-02-19T10:00:00,120.73,
7221,69043,2024-05-20T04:00:00,ID_RENEWAL,12,140,flagged,2024-07-08T04:00:00,1692.67,AUDIT_DONE
7222,66203,2024-03-14T13:00:00,TAX_CERT,3,89,flagged,2024-05-05T13:00:00,800.64,AUDIT_DONE
7223,43953,2023-07-11T00:00:00,BIRTH_CERT,5,50,passed,2023-07-25T00:00:00,89.72,
7224,66315,2023-10-20T17:00:00,ID_RENEWAL,8,43,passed,2023-11-04T17:00:00,50.06,
7225,65702,2023-12-23T05:00:00,BIRTH_CERT,9,176,rejected,2024-01-19T05:00:00,11.88,AUDIT_DONE
7226,72119,2023-05-17T23:00:00,BIRTH_CERT,1,144,flagged,2023-05-25T23:00:00,1410.46,AUDIT_DONE
7227,86057,2023-01-05T19:00:00,TAX_CERT,9,132,flagged,2023-01-14T19:00:00,1005.26,AUDIT_DONE
7228,45880,2023-12-31T05:00:00,TAX_CERT,11,30,passed,2024-02-13T05:00:00,140.68,
7229,16506,2023-07-20T20:00:00,TAX_CERT,6,174,passed,2023-08-09T20:00:00,112.98,
7230,51307,2024-05-16T18:00:00,ID_RENEWAL,3,151,flagged,2024-06-02T18:00:00,1496.24,AUDIT_DONE
7231,27850,2023-01-24T00:00:00,FAMILY_STATUS,11,43,passed,2023-03-23T00:00:00,119.54,
7232,90262,2024-04-19T18:00:00,FAMILY_STATUS,10,132,rejected,2024-06-15T18:00:00,12.38,AUDIT_DONE
7233,16444,2023-08-05T05:00:00,BIRTH_CERT,7,9,passed,2023-08-31T05:00:00,168.15,
7234,80012,2023-01-05T20:00:00,ID_RENEWAL,8,122,passed,2023-02-11T20:00:00,2.51,
7235,48494,2024-05-17T03:00:00,BUSINESS_PERMIT,6,13,flagged,2024-06-02T03:00:00,1450.51,AUDIT_DONE
7236,31187,2023-01-14T16:00:00,ID_RENEWAL,9,144,flagged,2023-02-26T16:00:00,1243.01,AUDIT_DONE
7237,64610,2023-12-01T03:00:00,BUSINESS_PERMIT,6,22,flagged,2024-01-09T03:00:00,968.35,AUDIT_DONE
7238,47978,2023-02-16T00:00:00,BIRTH_CERT,10,150,passed,2023-04-08T00:00:00,91.34,
7239,40763,2023-10-15T03:00:00,BUSINESS_PERMIT,2,114,passed,2023-10-25T03:00:00,198.48,
7240,90434,2023-10-30T16:00:00,ID_RENEWAL,12,126,passed,2023-11-28T16:00:00,25.17,
7241,36707,2023-04-19T04:00:00,FAMILY_STATUS,6,155,passed,2023-05-29T04:00:00,101.23,
7242,96555,2023-08-23T22:00:00,BUSINESS_PERMIT,3,145,rejected,2023-10-03T22:00:00,34.39,AUDIT_DONE
7243,84315,2024-05-17T02:00:00,FAMILY_STATUS,6,80,rejected,2024-06-04T02:00:00,49.74,AUDIT_DONE
7244,75101,2023-11-28T15:00:00,ID_RENEWAL,2,149,passed,2024-01-15T15:00:00,134.3,
7245,16171,2023-02-15T14:00:00,TAX_CERT,2,154,flagged,2023-04-08T14:00:00,1690.05,AUDIT_DONE
7246,29470,2024-01-11T06:00:00,ID_RENEWAL,4,103,flagged,2024-02-26T06:00:00,1883.28,AUDIT_DONE
7247,21358,2024-04-26T05:00:00,FAMILY_STATUS,4,69,passed,2024-06-12T05:00:00,67.68,
7248,24446,2023-11-25T17:00:00,FAMILY_STATUS,12,140,passed,2023-12-17T17:00:00,86.78,
7249,29107,2023-08-15T17:00:00,ID_RENEWAL,8,15,passed,2023-09-10T17:00:00,12.86,
7250,88303,2023-04-26T22:00:00,ID_RENEWAL,9,129,passed,2023-05-19T22:00:00,67.6,
7251,72372,2023-06-01T23:00:00,TAX_CERT,12,99,passed,2023-06-15T23:00:00,116.13,
7252,39232,2023-08-27T12:00:00,ID_RENEWAL,11,100,passed,2023-09-20T12:00:00,109.74,
7253,22169,2023-08-12T14:00:00,BIRTH_CERT,5,6,rejected,2023-10-02T14:00:00,37.22,AUDIT_DONE
7254,33746,2023-03-01T03:00:00,FAMILY_STATUS,2,2,flagged,2023-03-18T03:00:00,1097.62,AUDIT_DONE
7255,51187,2023-10-05T07:00:00,ID_RENEWAL,3,99,passed,2023-11-17T07:00:00,53.1,
7256,75612,2024-06-10T19:00:00,FAMILY_STATUS,11,169,passed,2024-07-18T19:00:00,128.35,
7257,62521,2023-11-30T02:00:00,BIRTH_CERT,8,154,passed,2023-12-22T02:00:00,57.0,
7258,87919,2023-02-11T20:00:00,TAX_CERT,4,70,passed,2023-03-24T20:00:00,142.74,
7259,14385,2023-01-30T09:00:00,ID_RENEWAL,10,70,passed,2023-02-10T09:00:00,9.34,
7260,38304,2024-03-02T18:00:00,TAX_CERT,6,103,passed,2024-04-12T18:00:00,18.68,
7261,60436,2023-07-15T02:00:00,FAMILY_STATUS,7,121,passed,2023-08-15T02:00:00,151.66,
7262,85319,2023-01-18T22:00:00,BIRTH_CERT,4,13,passed,2023-03-02T22:00:00,0.58,
7263,68643,2023-01-28T20:00:00,ID_RENEWAL,7,72,passed,2023-02-28T20:00:00,23.07,
7264,52734,2023-02-28T18:00:00,BIRTH_CERT,2,114,passed,2023-03-08T18:00:00,73.91,
7265,85919,2023-06-16T00:00:00,FAMILY_STATUS,9,98,passed,2023-07-11T00:00:00,144.86,
7266,57752,2023-12-29T22:00:00,BUSINESS_PERMIT,6,137,passed,2024-02-07T22:00:00,37.64,
7267,43523,2024-01-30T23:00:00,BUSINESS_PERMIT,12,86,passed,2024-02-21T23:00:00,112.94,
7268,10947,2024-06-06T03:00:00,BUSINESS_PERMIT,3,106,passed,2024-06-20T03:00:00,102.79,
7269,70863,2024-01-20T22:00:00,ID_RENEWAL,11,172,passed,2024-03-05T22:00:00,11.79,
7270,65551,2023-08-12T00:00:00,TAX_CERT,8,161,flagged,2023-10-05T00:00:00,944.8,AUDIT_DONE
7271,21122,2023-09-13T22:00:00,BIRTH_CERT,3,84,passed,2023-09-27T22:00:00,106.22,
7272,22500,2023-04-30T05:00:00,BIRTH_CERT,12,113,passed,2023-05-30T05:00:00,19.7,
7273,66981,2023-01-31T14:00:00,ID_RENEWAL,9,69,passed,2023-03-08T14:00:00,52.65,
7274,63909,2023-03-04T08:00:00,FAMILY_STATUS,11,36,flagged,2023-04-08T08:00:00,1214.25,AUDIT_DONE
7275,49495,2024-05-23T02:00:00,BUSINESS_PERMIT,3,87,passed,2024-07-03T02:00:00,174.9,
7276,12338,2023-12-28T02:00:00,ID_RENEWAL,10,101,passed,2024-02-12T02:00:00,114.73,
7277,49413,2023-09-28T00:00:00,FAMILY_STATUS,12,151,rejected,2023-11-15T00:00:00,16.74,AUDIT_DONE
7278,42265,2024-03-08T05:00:00,BIRTH_CERT,11,96,passed,2024-04-06T05:00:00,21.91,
7279,16311,2024-04-12T23:00:00,BUSINESS_PERMIT,4,150,rejected,2024-06-01T23:00:00,39.69,AUDIT_DONE
7280,94445,2024-02-18T12:00:00,FAMILY_STATUS,12,103,passed,2024-03-12T12:00:00,140.31,
7281,87230,2023-07-06T00:00:00,BIRTH_CERT,4,27,flagged,2023-08-12T00:00:00,1719.62,AUDIT_DONE
7282,46366,2024-05-20T00:00:00,FAMILY_STATUS,7,89,flagged,2024-06-04T00:00:00,878.84,AUDIT_DONE
7283,98553,2023-03-01T15:00:00,BIRTH_CERT,8,141,passed,2023-03-10T15:00:00,44.75,
7284,70230,2024-03-07T23:00:00,ID_RENEWAL,9,13,flagged,2024-03-23T23:00:00,1482.58,AUDIT_DONE
7285,56940,2024-03-04T13:00:00,TAX_CERT,3,53,flagged,2024-03-25T13:00:00,1528.7,AUDIT_DONE
7286,64612,2024-03-05T00:00:00,FAMILY_STATUS,2,119,rejected,2024-03-23T00:00:00,47.91,AUDIT_DONE
7287,34892,2023-12-10T16:00:00,FAMILY_STATUS,2,53,passed,2023-12-23T16:00:00,193.97,
7288,82199,2023-09-24T04:00:00,TAX_CERT,8,2,passed,2023-11-23T04:00:00,197.46,
7289,31767,2023-08-07T06:00:00,FAMILY_STATUS,11,34,passed,2023-08-17T06:00:00,181.42,
7290,69397,2023-08-17T01:00:00,ID_RENEWAL,5,103,passed,2023-10-12T01:00:00,61.77,
7291,76465,2024-01-17T07:00:00,TAX_CERT,4,29,flagged,2024-02-11T07:00:00,1208.15,AUDIT_DONE
7292,23958,2023-11-28T13:00:00,BIRTH_CERT,3,143,flagged,2024-01-17T13:00:00,1207.38,AUDIT_DONE
7293,55170,2023-09-22T17:00:00,TAX_CERT,4,61,passed,2023-10-06T17:00:00,112.54,
7294,35441,2024-02-29T08:00:00,BIRTH_CERT,6,134,passed,2024-03-31T08:00:00,12.63,
7295,82362,2023-08-03T22:00:00,BIRTH_CERT,1,54,rejected,2023-09-06T22:00:00,8.05,AUDIT_DONE
7296,53831,2023-02-17T14:00:00,FAMILY_STATUS,1,25,passed,2023-03-01T14:00:00,173.87,
7297,58192,2024-05-16T08:00:00,ID_RENEWAL,11,23,flagged,2024-07-10T08:00:00,1937.5,AUDIT_DONE
7298,48058,2023-07-02T03:00:00,ID_RENEWAL,9,140,passed,2023-07-21T03:00:00,177.51,
7299,54808,2023-03-21T15:00:00,FAMILY_STATUS,10,19,passed,2023-05-11T15:00:00,60.82,
7300,29731,2024-04-29T13:00:00,FAMILY_STATUS,12,100,rejected,2024-05-30T13:00:00,37.76,AUDIT_DONE
7301,15662,2023-07-26T13:00:00,TAX_CERT,8,27,passed,2023-08-10T13:00:00,24.57,
7302,54667,2023-11-09T11:00:00,BUSINESS_PERMIT,12,123,passed,2023-12-14T11:00:00,24.43,
7303,34237,2023-12-19T19:00:00,FAMILY_STATUS,12,45,passed,2024-01-03T19:00:00,1.16,
7304,39883,2023-07-02T04:00:00,TAX_CERT,4,116,passed,2023-07-28T04:00:00,198.27,
7305,91291,2023-07-17T23:00:00,BUSINESS_PERMIT,12,92,rejected,2023-09-01T23:00:00,40.55,AUDIT_DONE
7306,31193,2023-06-13T02:00:00,BUSINESS_PERMIT,2,18,passed,2023-07-29T02:00:00,191.71,
7307,71755,2023-01-09T19:00:00,BUSINESS_PERMIT,11,149,passed,2023-03-08T19:00:00,11.11,
7308,22246,2023-09-20T04:00:00,BUSINESS_PERMIT,1,163,rejected,2023-10-04T04:00:00,34.92,AUDIT_DONE
7309,99263,2023-09-09T02:00:00,FAMILY_STATUS,1,20,passed,2023-09-17T02:00:00,173.68,
7310,86729,2024-02-06T01:00:00,FAMILY_STATUS,1,85,passed,2024-03-03T01:00:00,184.7,
7311,81867,2024-02-01T13:00:00,BIRTH_CERT,9,103,flagged,2024-02-20T13:00:00,906.74,AUDIT_DONE
7312,79376,2024-01-02T06:00:00,TAX_CERT,8,176,passed,2024-02-27T06:00:00,27.09,
7313,50304,2023-07-07T23:00:00,FAMILY_STATUS,10,3,passed,2023-07-25T23:00:00,157.85,
7314,70640,2023-01-23T15:00:00,BUSINESS_PERMIT,7,154,flagged,2023-02-21T15:00:00,1653.03,AUDIT_DONE
7315,82630,2024-02-13T10:00:00,BIRTH_CERT,5,55,passed,2024-03-01T10:00:00,192.52,
7316,48724,2023-04-13T08:00:00,FAMILY_STATUS,7,61,flagged,2023-05-31T08:00:00,999.43,AUDIT_DONE
7317,19990,2023-08-31T08:00:00,BUSINESS_PERMIT,8,67,passed,2023-09-11T08:00:00,136.09,
7318,25799,2023-02-04T23:00:00,BIRTH_CERT,9,68,passed,2023-03-26T23:00:00,93.1,
7319,93146,2023-06-11T04:00:00,BIRTH_CERT,3,55,passed,2023-07-05T04:00:00,53.31,
7320,56543,2023-10-24T08:00:00,BUSINESS_PERMIT,8,171,flagged,2023-12-03T08:00:00,1443.04,AUDIT_DONE
7321,58231,2023-11-14T09:00:00,BUSINESS_PERMIT,6,21,passed,2023-12-31T09:00:00,35.42,
7322,17268,2023-05-24T19:00:00,BUSINESS_PERMIT,12,151,passed,2023-07-15T19:00:00,26.5,
7323,26993,2023-03-07T07:00:00,BUSINESS_PERMIT,4,149,passed,2023-04-17T07:00:00,46.86,
7324,88784,2024-02-17T09:00:00,FAMILY_STATUS,11,102,passed,2024-03-08T09:00:00,153.22,
7325,84855,2023-11-27T08:00:00,ID_RENEWAL,6,164,rejected,2024-01-19T08:00:00,44.82,AUDIT_DONE
7326,93695,2023-08-01T14:00:00,TAX_CERT,3,3,flagged,2023-09-05T14:00:00,1752.77,AUDIT_DONE
7327,90198,2023-03-03T19:00:00,TAX_CERT,11,118,passed,2023-04-18T19:00:00,48.24,
7328,37800,2023-09-19T12:00:00,BIRTH_CERT,9,102,passed,2023-10-17T12:00:00,142.88,
7329,81959,2023-04-29T19:00:00,TAX_CERT,2,169,flagged,2023-05-18T19:00:00,1498.63,AUDIT_DONE
7330,52003,2024-06-13T21:00:00,ID_RENEWAL,10,22,passed,2024-08-05T21:00:00,144.25,
7331,54528,2024-03-29T07:00:00,ID_RENEWAL,10,129,passed,2024-04-25T07:00:00,127.71,
7332,44750,2024-01-07T01:00:00,BUSINESS_PERMIT,7,131,passed,2024-01-19T01:00:00,18.78,
7333,31107,2023-05-17T14:00:00,ID_RENEWAL,9,86,passed,2023-06-19T14:00:00,196.06,
7334,50601,2024-04-25T22:00:00,TAX_CERT,7,42,passed,2024-05-13T22:00:00,175.11,
7335,55994,2024-06-01T03:00:00,ID_RENEWAL,5,69,flagged,2024-07-30T03:00:00,1291.44,AUDIT_DONE
7336,48804,2023-10-02T18:00:00,FAMILY_STATUS,10,116,passed,2023-10-13T18:00:00,130.04,
7337,53731,2024-01-30T23:00:00,ID_RENEWAL,4,63,passed,2024-02-24T23:00:00,64.29,
7338,78319,2023-04-02T04:00:00,BIRTH_CERT,11,37,passed,2023-05-22T04:00:00,181.51,
7339,89513,2023-11-01T17:00:00,TAX_CERT,2,53,passed,2023-11-30T17:00:00,194.38,
7340,29924,2023-02-27T17:00:00,TAX_CERT,10,134,passed,2023-04-11T17:00:00,46.84,
7341,75510,2023-06-05T22:00:00,BUSINESS_PERMIT,1,43,flagged,2023-06-16T22:00:00,1907.28,AUDIT_DONE
7342,62934,2024-02-22T18:00:00,BIRTH_CERT,8,12,flagged,2024-04-12T18:00:00,1899.22,AUDIT_DONE
7343,68768,2023-07-26T22:00:00,FAMILY_STATUS,9,41,passed,2023-08-28T22:00:00,75.63,
7344,73026,2023-03-03T21:00:00,BUSINESS_PERMIT,1,171,passed,2023-04-21T21:00:00,189.01,
7345,97258,2023-08-15T10:00:00,BIRTH_CERT,12,76,passed,2023-09-14T10:00:00,81.9,
7346,34759,2023-12-25T18:00:00,ID_RENEWAL,1,30,passed,2024-01-22T18:00:00,43.48,
7347,43875,2023-05-02T05:00:00,BUSINESS_PERMIT,6,57,passed,2023-06-05T05:00:00,199.17,
7348,66974,2024-03-15T18:00:00,FAMILY_STATUS,4,120,passed,2024-04-12T18:00:00,95.11,
7349,25665,2023-10-25T00:00:00,ID_RENEWAL,4,162,passed,2023-11-12T00:00:00,103.0,
7350,59149,2023-09-24T10:00:00,FAMILY_STATUS,12,127,passed,2023-10-23T10:00:00,177.95,
7351,95044,2023-08-21T05:00:00,BIRTH_CERT,2,102,flagged,2023-10-14T05:00:00,1924.47,AUDIT_DONE
7352,47374,2023-11-29T11:00:00,FAMILY_STATUS,6,1,passed,2024-01-13T11:00:00,164.76,
7353,29502,2023-01-15T11:00:00,BIRTH_CERT,9,54,flagged,2023-02-01T11:00:00,864.54,AUDIT_DONE
7354,79740,2024-05-29T09:00:00,BIRTH_CERT,10,148,passed,2024-06-14T09:00:00,190.38,
7355,92893,2024-02-21T12:00:00,FAMILY_STATUS,9,149,passed,2024-03-24T12:00:00,19.59,
7356,51158,2023-07-04T16:00:00,TAX_CERT,6,73,rejected,2023-07-13T16:00:00,36.71,AUDIT_DONE
7357,22530,2023-08-05T23:00:00,BUSINESS_PERMIT,7,27,rejected,2023-09-29T23:00:00,43.41,AUDIT_DONE
7358,28258,2023-08-28T20:00:00,ID_RENEWAL,8,5,passed,2023-09-20T20:00:00,32.37,
7359,10610,2023-02-16T21:00:00,BUSINESS_PERMIT,11,90,passed,2023-03-13T21:00:00,129.97,
7360,16180,2023-08-21T19:00:00,FAMILY_STATUS,8,122,flagged,2023-09-02T19:00:00,1415.12,AUDIT_DONE
7361,57026,2024-06-04T11:00:00,FAMILY_STATUS,10,26,rejected,2024-06-12T11:00:00,38.61,AUDIT_DONE
7362,23729,2023-06-24T09:00:00,FAMILY_STATUS,9,115,passed,2023-07-20T09:00:00,126.6,
7363,77920,2024-05-26T03:00:00,BUSINESS_PERMIT,5,2,passed,2024-07-22T03:00:00,171.91,
7364,87173,2024-05-14T18:00:00,TAX_CERT,6,20,passed,2024-06-29T18:00:00,188.24,
7365,14439,2023-05-18T18:00:00,ID_RENEWAL,2,166,passed,2023-07-01T18:00:00,126.38,
7366,62925,2024-02-12T17:00:00,TAX_CERT,9,73,passed,2024-03-20T17:00:00,61.63,
7367,94033,2023-08-24T00:00:00,BIRTH_CERT,10,178,rejected,2023-09-30T00:00:00,29.09,AUDIT_DONE
7368,75704,2023-04-13T09:00:00,FAMILY_STATUS,2,81,passed,2023-05-01T09:00:00,162.08,
7369,66809,2023-05-22T14:00:00,FAMILY_STATUS,7,126,flagged,2023-06-04T14:00:00,1348.07,AUDIT_DONE
7370,82851,2023-09-05T14:00:00,FAMILY_STATUS,5,105,flagged,2023-10-10T14:00:00,1715.99,AUDIT_DONE
7371,18921,2024-03-05T06:00:00,ID_RENEWAL,11,114,passed,2024-04-06T06:00:00,59.31,
7372,50725,2023-04-07T12:00:00,ID_RENEWAL,9,95,passed,2023-04-22T12:00:00,74.31,
7373,51223,2024-05-21T03:00:00,BUSINESS_PERMIT,7,134,passed,2024-06-07T03:00:00,98.14,
7374,20732,2023-09-11T08:00:00,ID_RENEWAL,12,53,passed,2023-09-25T08:00:00,17.56,
7375,84922,2023-06-19T21:00:00,ID_RENEWAL,9,134,passed,2023-07-13T21:00:00,23.44,
7376,20704,2023-10-04T02:00:00,BUSINESS_PERMIT,1,22,passed,2023-12-01T02:00:00,25.85,
7377,72268,2023-11-09T14:00:00,BIRTH_CERT,5,180,passed,2023-12-29T14:00:00,199.05,
7378,17404,2024-03-22T03:00:00,TAX_CERT,10,71,flagged,2024-04-30T03:00:00,1026.58,AUDIT_DONE
7379,72631,2023-03-11T05:00:00,ID_RENEWAL,5,83,flagged,2023-04-03T05:00:00,1446.83,AUDIT_DONE
7380,94378,2024-06-05T00:00:00,FAMILY_STATUS,12,128,passed,2024-07-15T00:00:00,36.09,
7381,45980,2024-04-04T08:00:00,TAX_CERT,12,50,passed,2024-05-02T08:00:00,57.62,
7382,92482,2023-11-14T21:00:00,FAMILY_STATUS,8,16,rejected,2023-11-27T21:00:00,19.31,AUDIT_DONE
7383,73411,2023-10-27T12:00:00,TAX_CERT,7,112,passed,2023-11-03T12:00:00,26.32,
7384,94928,2024-04-15T04:00:00,BUSINESS_PERMIT,3,61,flagged,2024-05-25T04:00:00,1664.2,AUDIT_DONE
7385,46259,2023-01-27T16:00:00,FAMILY_STATUS,7,178,passed,2023-02-22T16:00:00,165.55,
7386,84655,2023-08-25T18:00:00,ID_RENEWAL,8,93,flagged,2023-09-12T18:00:00,856.16,AUDIT_DONE
7387,16018,2023-07-25T16:00:00,TAX_CERT,12,83,passed,2023-09-02T16:00:00,171.4,
7388,27285,2023-11-07T08:00:00,BUSINESS_PERMIT,1,40,passed,2023-12-28T08:00:00,40.03,
7389,70004,2023-10-10T19:00:00,BIRTH_CERT,5,28,passed,2023-11-04T19:00:00,135.7,
7390,92966,2023-02-26T08:00:00,BIRTH_CERT,5,117,passed,2023-04-05T08:00:00,69.24,
7391,26930,2023-06-20T12:00:00,TAX_CERT,11,5,flagged,2023-07-31T12:00:00,1317.55,AUDIT_DONE
7392,87866,2024-06-13T04:00:00,BUSINESS_PERMIT,1,175,passed,2024-07-01T04:00:00,136.39,
7393,45139,2023-01-09T13:00:00,BUSINESS_PERMIT,11,124,flagged,2023-02-25T13:00:00,1462.72,AUDIT_DONE
7394,32287,2023-11-18T20:00:00,ID_RENEWAL,6,52,passed,2023-12-06T20:00:00,29.49,
7395,51975,2023-05-11T16:00:00,BIRTH_CERT,9,27,passed,2023-07-07T16:00:00,4.18,
7396,49973,2023-08-11T05:00:00,FAMILY_STATUS,12,39,passed,2023-09-01T05:00:00,98.98,
7397,78818,2023-05-22T08:00:00,ID_RENEWAL,2,101,flagged,2023-07-03T08:00:00,1418.9,AUDIT_DONE
7398,31856,2023-09-18T17:00:00,TAX_CERT,10,166,passed,2023-11-06T17:00:00,108.39,
7399,65702,2023-08-08T21:00:00,BUSINESS_PERMIT,4,33,passed,2023-09-03T21:00:00,187.89,
7400,22295,2023-05-03T19:00:00,BIRTH_CERT,10,146,passed,2023-06-24T19:00:00,9.08,
7401,51681,2024-02-14T06:00:00,TAX_CERT,3,29,passed,2024-04-09T06:00:00,45.36,
7402,27200,2023-03-24T08:00:00,TAX_CERT,6,170,passed,2023-04-28T08:00:00,60.38,
7403,99301,2024-05-04T00:00:00,BIRTH_CERT,12,14,flagged,2024-06-19T00:00:00,1988.64,AUDIT_DONE
7404,99509,2024-05-19T08:00:00,BUSINESS_PERMIT,5,43,rejected,2024-07-04T08:00:00,32.88,AUDIT_DONE
7405,94902,2023-07-25T01:00:00,ID_RENEWAL,4,126,passed,2023-08-24T01:00:00,171.94,
7406,16843,2024-06-21T06:00:00,BUSINESS_PERMIT,8,69,flagged,2024-07-01T06:00:00,974.07,AUDIT_DONE
7407,41872,2023-01-05T20:00:00,BUSINESS_PERMIT,9,64,passed,2023-02-12T20:00:00,190.18,
7408,22271,2024-01-26T15:00:00,FAMILY_STATUS,6,130,passed,2024-03-04T15:00:00,103.76,
7409,75380,2024-04-24T07:00:00,BIRTH_CERT,4,60,passed,2024-05-14T07:00:00,44.48,
7410,48144,2023-02-08T05:00:00,ID_RENEWAL,4,137,flagged,2023-03-24T05:00:00,1990.49,AUDIT_DONE
7411,23730,2023-12-01T13:00:00,BIRTH_CERT,10,75,passed,2024-01-25T13:00:00,91.7,
7412,70478,2023-06-22T14:00:00,BIRTH_CERT,12,135,passed,2023-07-01T14:00:00,148.63,
7413,56291,2024-02-15T04:00:00,TAX_CERT,5,139,passed,2024-04-01T04:00:00,114.89,
7414,68965,2023-06-13T08:00:00,TAX_CERT,11,35,flagged,2023-06-27T08:00:00,1193.27,AUDIT_DONE
7415,12981,2024-04-02T04:00:00,ID_RENEWAL,1,21,passed,2024-06-01T04:00:00,145.38,
7416,70243,2023-04-26T14:00:00,FAMILY_STATUS,6,164,passed,2023-06-01T14:00:00,138.71,
7417,49802,2024-05-06T07:00:00,FAMILY_STATUS,6,29,passed,2024-06-27T07:00:00,83.73,
7418,74350,2023-09-24T22:00:00,ID_RENEWAL,10,156,flagged,2023-10-03T22:00:00,1476.38,AUDIT_DONE
7419,77534,2024-02-13T15:00:00,ID_RENEWAL,11,126,passed,2024-04-05T15:00:00,168.68,
7420,38719,2023-08-29T00:00:00,ID_RENEWAL,3,74,rejected,2023-09-13T00:00:00,28.78,AUDIT_DONE
7421,25782,2023-01-10T17:00:00,FAMILY_STATUS,4,58,passed,2023-02-16T17:00:00,179.66,
7422,40121,2023-11-17T21:00:00,BIRTH_CERT,1,51,passed,2024-01-12T21:00:00,38.82,
7423,67805,2023-01-11T06:00:00,TAX_CERT,6,69,passed,2023-02-02T06:00:00,165.38,
7424,45463,2023-04-22T04:00:00,BIRTH_CERT,12,147,passed,2023-06-18T04:00:00,138.87,
7425,57838,2024-06-11T20:00:00,BIRTH_CERT,12,140,passed,2024-07-19T20:00:00,123.29,
7426,73042,2024-04-18T07:00:00,BIRTH_CERT,3,178,passed,2024-06-17T07:00:00,116.66,
7427,96876,2023-02-09T19:00:00,BIRTH_CERT,10,37,rejected,2023-04-08T19:00:00,11.76,AUDIT_DONE
7428,46232,2024-02-10T06:00:00,BUSINESS_PERMIT,10,25,passed,2024-02-18T06:00:00,83.91,
7429,18334,2024-04-16T17:00:00,BUSINESS_PERMIT,7,51,rejected,2024-05-27T17:00:00,38.42,AUDIT_DONE
7430,59784,2023-03-11T18:00:00,BIRTH_CERT,5,140,passed,2023-04-28T18:00:00,7.81,
7431,20729,2024-02-21T08:00:00,ID_RENEWAL,5,71,passed,2024-03-21T08:00:00,24.0,
7432,52326,2023-04-19T10:00:00,FAMILY_STATUS,5,172,passed,2023-05-07T10:00:00,155.64,
7433,74792,2024-04-15T07:00:00,TAX_CERT,1,27,rejected,2024-05-25T07:00:00,37.34,AUDIT_DONE
7434,93971,2023-12-12T16:00:00,BUSINESS_PERMIT,5,45,flagged,2023-12-29T16:00:00,819.8,AUDIT_DONE
7435,32024,2023-07-04T15:00:00,BUSINESS_PERMIT,12,96,passed,2023-09-02T15:00:00,137.45,
7436,60606,2023-05-31T07:00:00,BUSINESS_PERMIT,2,31,flagged,2023-06-11T07:00:00,1065.93,AUDIT_DONE
7437,86380,2023-08-28T17:00:00,BUSINESS_PERMIT,3,107,passed,2023-10-24T17:00:00,151.42,
7438,46059,2023-05-16T14:00:00,BUSINESS_PERMIT,8,120,passed,2023-07-06T14:00:00,114.37,
7439,53432,2023-01-28T11:00:00,BUSINESS_PERMIT,4,180,rejected,2023-03-22T11:00:00,47.63,AUDIT_DONE
7440,94768,2023-10-21T01:00:00,BIRTH_CERT,10,98,flagged,2023-12-11T01:00:00,1078.72,AUDIT_DONE
7441,62500,2024-03-23T20:00:00,TAX_CERT,10,130,passed,2024-04-17T20:00:00,85.42,
7442,12548,2023-05-09T18:00:00,FAMILY_STATUS,2,128,passed,2023-07-04T18:00:00,38.61,
7443,13058,2023-09-05T19:00:00,ID_RENEWAL,1,140,rejected,2023-09-12T19:00:00,4.27,AUDIT_DONE
7444,77949,2024-05-08T22:00:00,TAX_CERT,8,139,passed,2024-07-07T22:00:00,175.45,
7445,98979,2024-02-23T06:00:00,ID_RENEWAL,8,164,passed,2024-04-01T06:00:00,117.37,
7446,36065,2023-08-01T05:00:00,TAX_CERT,3,82,passed,2023-09-16T05:00:00,103.04,
7447,96482,2023-06-03T05:00:00,FAMILY_STATUS,8,67,passed,2023-06-26T05:00:00,174.73,
7448,88604,2023-10-18T09:00:00,TAX_CERT,8,42,passed,2023-12-09T09:00:00,182.73,
7449,19938,2023-10-25T09:00:00,BUSINESS_PERMIT,8,174,flagged,2023-12-23T09:00:00,1351.66,AUDIT_DONE
7450,85740,2023-11-16T00:00:00,FAMILY_STATUS,7,101,passed,2024-01-11T00:00:00,89.87,
7451,79714,2023-05-09T00:00:00,TAX_CERT,11,97,passed,2023-06-23T00:00:00,94.48,
7452,89308,2023-07-15T14:00:00,TAX_CERT,7,22,flagged,2023-09-06T14:00:00,957.09,AUDIT_DONE
7453,88657,2023-01-31T17:00:00,ID_RENEWAL,8,133,flagged,2023-02-08T17:00:00,1392.5,AUDIT_DONE
7454,38476,2023-07-01T16:00:00,FAMILY_STATUS,2,46,rejected,2023-08-02T16:00:00,47.13,AUDIT_DONE
7455,32460,2023-04-25T11:00:00,TAX_CERT,7,123,passed,2023-05-26T11:00:00,34.6,
7456,76517,2023-11-29T23:00:00,FAMILY_STATUS,2,156,passed,2023-12-14T23:00:00,63.38,
7457,43310,2023-10-25T07:00:00,ID_RENEWAL,8,173,passed,2023-12-03T07:00:00,108.22,
7458,34405,2023-04-12T05:00:00,ID_RENEWAL,6,179,passed,2023-05-04T05:00:00,8.63,
7459,73107,2023-03-13T17:00:00,BIRTH_CERT,3,129,flagged,2023-04-07T17:00:00,941.24,AUDIT_DONE
7460,37030,2024-02-11T21:00:00,ID_RENEWAL,7,111,rejected,2024-03-21T21:00:00,33.05,AUDIT_DONE
7461,89875,2023-07-17T03:00:00,TAX_CERT,8,44,passed,2023-09-01T03:00:00,53.3,
7462,80128,2024-05-01T11:00:00,FAMILY_STATUS,2,55,passed,2024-06-20T11:00:00,177.31,
7463,74836,2023-04-26T09:00:00,BIRTH_CERT,12,168,passed,2023-05-27T09:00:00,119.09,
7464,45627,2023-04-13T17:00:00,BIRTH_CERT,5,84,passed,2023-05-22T17:00:00,30.67,
7465,15139,2024-03-12T11:00:00,FAMILY_STATUS,4,132,passed,2024-04-04T11:00:00,181.32,
7466,38063,2024-02-17T17:00:00,FAMILY_STATUS,5,175,passed,2024-04-01T17:00:00,161.3,
7467,89740,2023-02-25T03:00:00,BIRTH_CERT,1,119,passed,2023-04-01T03:00:00,34.92,
7468,52058,2024-04-30T05:00:00,ID_RENEWAL,3,87,passed,2024-06-21T05:00:00,145.73,
7469,96781,2023-05-12T05:00:00,TAX_CERT,6,158,passed,2023-05-26T05:00:00,143.57,
7470,84724,2023-07-09T15:00:00,FAMILY_STATUS,3,96,passed,2023-09-03T15:00:00,57.09,
7471,81547,2023-11-19T20:00:00,TAX_CERT,1,64,passed,2023-12-16T20:00:00,90.59,
7472,59173,2023-12-05T08:00:00,BUSINESS_PERMIT,7,121,rejected,2024-01-20T08:00:00,7.43,AUDIT_DONE
7473,63361,2024-05-11T16:00:00,TAX_CERT,4,145,passed,2024-05-23T16:00:00,88.76,
7474,11706,2023-01-05T12:00:00,BIRTH_CERT,7,47,passed,2023-01-31T12:00:00,96.57,
7475,24596,2023-02-09T14:00:00,BUSINESS_PERMIT,4,120,flagged,2023-04-03T14:00:00,1003.79,AUDIT_DONE
7476,97534,2024-02-04T08:00:00,FAMILY_STATUS,9,4,passed,2024-03-22T08:00:00,13.78,
7477,57456,2023-11-07T08:00:00,BUSINESS_PERMIT,1,174,flagged,2023-12-23T08:00:00,1514.11,AUDIT_DONE
7478,19298,2023-12-07T00:00:00,FAMILY_STATUS,11,84,flagged,2024-01-02T00:00:00,1136.93,AUDIT_DONE
7479,27532,2023-07-03T04:00:00,TAX_CERT,9,58,flagged,2023-07-12T04:00:00,1655.75,AUDIT_DONE
7480,93196,2023-08-28T11:00:00,BUSINESS_PERMIT,2,21,passed,2023-10-06T11:00:00,154.65,
7481,80632,2023-07-13T13:00:00,FAMILY_STATUS,10,63,rejected,2023-08-11T13:00:00,36.76,AUDIT_DONE
7482,39997,2024-02-06T01:00:00,FAMILY_STATUS,8,2,passed,2024-02-29T01:00:00,158.8,
7483,18576,2023-04-18T15:00:00,ID_RENEWAL,6,156,passed,2023-05-22T15:00:00,87.51,
7484,68570,2023-09-27T10:00:00,BIRTH_CERT,7,52,rejected,2023-10-20T10:00:00,3.82,AUDIT_DONE
7485,89781,2024-02-11T03:00:00,BIRTH_CERT,3,108,passed,2024-04-03T03:00:00,105.51,
7486,87390,2024-05-13T11:00:00,BIRTH_CERT,6,130,flagged,2024-06-19T11:00:00,1033.42,AUDIT_DONE
7487,15655,2024-05-03T17:00:00,BIRTH_CERT,9,21,passed,2024-06-19T17:00:00,83.85,
7488,82572,2024-02-19T10:00:00,BUSINESS_PERMIT,2,27,passed,2024-03-29T10:00:00,191.53,
7489,93944,2023-10-20T20:00:00,BUSINESS_PERMIT,5,122,passed,2023-11-26T20:00:00,36.14,
7490,70574,2024-06-05T10:00:00,ID_RENEWAL,5,82,passed,2024-07-25T10:00:00,179.08,
7491,76521,2024-02-11T01:00:00,TAX_CERT,9,164,flagged,2024-03-24T01:00:00,1685.15,AUDIT_DONE
7492,31840,2023-11-16T17:00:00,BUSINESS_PERMIT,6,107,passed,2023-12-07T17:00:00,188.82,
7493,29704,2024-01-09T09:00:00,BUSINESS_PERMIT,2,19,flagged,2024-02-08T09:00:00,1186.1,AUDIT_DONE
7494,31214,2024-04-09T01:00:00,BUSINESS_PERMIT,2,165,passed,2024-05-10T01:00:00,188.81,
7495,26486,2024-02-15T19:00:00,BUSINESS_PERMIT,10,138,passed,2024-03-16T19:00:00,11.37,
7496,23361,2023-06-03T00:00:00,BUSINESS_PERMIT,1,143,passed,2023-08-01T00:00:00,79.61,
7497,50509,2023-10-12T22:00:00,BIRTH_CERT,7,11,passed,2023-11-28T22:00:00,137.25,
7498,37602,2023-07-25T05:00:00,BIRTH_CERT,4,125,passed,2023-09-04T05:00:00,138.9,
7499,42636,2024-06-17T06:00:00,TAX_CERT,12,58,passed,2024-07-31T06:00:00,17.78,
7500,92598,2024-01-02T09:00:00,TAX_CERT,9,84,rejected,2024-02-10T09:00:00,34.29,AUDIT_DONE
7501,68780,2023-01-09T12:00:00,ID_RENEWAL,7,112,passed,2023-02-24T12:00:00,51.74,
7502,10015,2023-02-05T18:00:00,ID_RENEWAL,1,6,passed,2023-02-17T18:00:00,107.39,
7503,83495,2023-01-21T06:00:00,ID_RENEWAL,3,108,passed,2023-02-26T06:00:00,169.82,
7504,86067,2024-06-04T22:00:00,ID_RENEWAL,9,104,flagged,2024-07-20T22:00:00,1170.13,AUDIT_DONE
7505,29361,2024-02-05T04:00:00,BIRTH_CERT,8,178,passed,2024-02-12T04:00:00,82.8,
7506,85221,2023-10-30T05:00:00,ID_RENEWAL,6,16,flagged,2023-12-28T05:00:00,984.96,AUDIT_DONE
7507,73065,2024-01-06T06:00:00,ID_RENEWAL,6,52,passed,2024-01-23T06:00:00,197.35,
7508,27864,2024-04-20T12:00:00,BIRTH_CERT,12,101,rejected,2024-05-15T12:00:00,18.8,AUDIT_DONE
7509,72181,2023-07-14T06:00:00,ID_RENEWAL,9,7,passed,2023-09-07T06:00:00,133.8,
7510,48799,2023-04-29T14:00:00,BIRTH_CERT,8,76,passed,2023-05-20T14:00:00,3.95,
7511,81775,2024-01-20T08:00:00,TAX_CERT,10,30,passed,2024-02-25T08:00:00,64.69,
7512,39656,2023-04-08T04:00:00,FAMILY_STATUS,4,57,passed,2023-05-28T04:00:00,63.77,
7513,13908,2024-05-25T12:00:00,TAX_CERT,3,27,flagged,2024-07-11T12:00:00,1144.06,AUDIT_DONE
7514,63523,2024-04-08T11:00:00,BUSINESS_PERMIT,2,77,passed,2024-05-31T11:00:00,56.04,
7515,69491,2024-06-24T21:00:00,TAX_CERT,10,144,passed,2024-08-09T21:00:00,190.29,
7516,91840,2023-05-14T14:00:00,BUSINESS_PERMIT,9,101,passed,2023-06-08T14:00:00,162.44,
7517,28502,2023-08-09T11:00:00,ID_RENEWAL,6,92,passed,2023-08-20T11:00:00,196.66,
7518,35076,2023-03-24T08:00:00,FAMILY_STATUS,11,152,flagged,2023-04-20T08:00:00,1217.62,AUDIT_DONE
7519,84615,2024-01-10T07:00:00,BUSINESS_PERMIT,1,22,flagged,2024-02-03T07:00:00,1265.16,AUDIT_DONE
7520,86992,2023-03-01T10:00:00,BIRTH_CERT,10,75,rejected,2023-04-19T10:00:00,18.04,AUDIT_DONE
7521,14925,2023-04-13T08:00:00,TAX_CERT,6,38,flagged,2023-04-28T08:00:00,884.38,AUDIT_DONE
7522,93252,2024-05-31T17:00:00,BUSINESS_PERMIT,11,122,passed,2024-06-22T17:00:00,90.41,
7523,10806,2023-01-23T09:00:00,ID_RENEWAL,3,18,passed,2023-03-22T09:00:00,183.55,
7524,15300,2023-10-21T13:00:00,ID_RENEWAL,9,125,passed,2023-11-02T13:00:00,70.73,
7525,53404,2024-06-22T09:00:00,BUSINESS_PERMIT,9,111,passed,2024-08-11T09:00:00,35.06,
7526,94325,2024-06-13T12:00:00,FAMILY_STATUS,3,47,passed,2024-08-06T12:00:00,11.03,
7527,75257,2023-09-30T09:00:00,TAX_CERT,2,118,passed,2023-10-31T09:00:00,69.44,
7528,85154,2023-05-28T19:00:00,ID_RENEWAL,4,179,flagged,2023-07-22T19:00:00,1573.56,AUDIT_DONE
7529,41501,2024-04-21T00:00:00,FAMILY_STATUS,7,65,passed,2024-05-07T00:00:00,129.22,
7530,53749,2024-06-21T23:00:00,ID_RENEWAL,4,144,passed,2024-08-09T23:00:00,115.16,
7531,15219,2024-04-18T11:00:00,FAMILY_STATUS,11,36,passed,2024-04-26T11:00:00,92.93,
7532,70574,2024-06-17T06:00:00,TAX_CERT,12,2,passed,2024-07-02T06:00:00,89.33,
7533,50235,2023-06-24T11:00:00,TAX_CERT,6,55,passed,2023-08-16T11:00:00,92.01,
7534,54210,2023-08-28T04:00:00,ID_RENEWAL,12,102,flagged,2023-09-12T04:00:00,993.55,AUDIT_DONE
7535,99148,2024-03-11T06:00:00,TAX_CERT,5,136,passed,2024-05-04T06:00:00,47.13,
7536,73274,2023-08-26T00:00:00,FAMILY_STATUS,2,67,flagged,2023-09-29T00:00:00,1293.01,AUDIT_DONE
7537,48684,2023-01-31T07:00:00,ID_RENEWAL,9,15,flagged,2023-03-26T07:00:00,1973.42,AUDIT_DONE
7538,25849,2023-11-19T22:00:00,ID_RENEWAL,3,16,passed,2023-11-28T22:00:00,99.0,
7539,80700,2023-10-10T08:00:00,ID_RENEWAL,4,56,passed,2023-11-23T08:00:00,152.7,
7540,17188,2023-09-05T08:00:00,BIRTH_CERT,1,170,passed,2023-09-13T08:00:00,81.78,
7541,78343,2024-05-07T12:00:00,FAMILY_STATUS,9,75,passed,2024-06-03T12:00:00,78.46,
7542,56093,2023-06-09T05:00:00,BUSINESS_PERMIT,6,48,flagged,2023-07-19T05:00:00,1327.81,AUDIT_DONE
7543,28552,2023-12-10T11:00:00,BIRTH_CERT,12,112,flagged,2024-01-05T11:00:00,1863.32,AUDIT_DONE
7544,57128,2023-06-29T15:00:00,TAX_CERT,8,88,passed,2023-07-15T15:00:00,120.6,
7545,32686,2024-02-22T14:00:00,ID_RENEWAL,5,157,passed,2024-04-17T14:00:00,171.62,
7546,76742,2024-03-10T12:00:00,ID_RENEWAL,1,157,rejected,2024-03-29T12:00:00,17.76,AUDIT_DONE
7547,12851,2023-10-09T19:00:00,TAX_CERT,9,116,passed,2023-12-02T19:00:00,57.55,
7548,16648,2023-11-22T14:00:00,FAMILY_STATUS,8,116,passed,2023-12-15T14:00:00,24.04,
7549,74274,2023-09-09T16:00:00,FAMILY_STATUS,7,55,passed,2023-09-20T16:00:00,150.88,
7550,71332,2023-12-26T06:00:00,BUSINESS_PERMIT,4,120,passed,2024-02-01T06:00:00,59.51,
7551,28724,2023-08-11T01:00:00,BUSINESS_PERMIT,12,112,passed,2023-09-19T01:00:00,107.26,
7552,86910,2024-03-17T11:00:00,ID_RENEWAL,5,162,flagged,2024-05-02T11:00:00,1827.73,AUDIT_DONE
7553,93918,2023-12-20T21:00:00,TAX_CERT,11,142,passed,2023-12-28T21:00:00,43.82,
7554,98657,2024-05-18T16:00:00,FAMILY_STATUS,6,136,rejected,2024-07-06T16:00:00,45.99,AUDIT_DONE
7555,91797,2023-05-10T18:00:00,ID_RENEWAL,9,52,passed,2023-05-24T18:00:00,93.49,
7556,55500,2024-04-16T10:00:00,FAMILY_STATUS,1,82,passed,2024-06-07T10:00:00,19.83,
7557,81435,2024-01-08T03:00:00,ID_RENEWAL,1,127,rejected,2024-02-24T03:00:00,40.33,AUDIT_DONE
7558,79174,2024-06-17T12:00:00,BIRTH_CERT,10,98,flagged,2024-07-29T12:00:00,903.67,AUDIT_DONE
7559,87684,2023-01-29T02:00:00,BUSINESS_PERMIT,8,19,flagged,2023-02-13T02:00:00,1326.06,AUDIT_DONE
7560,25319,2023-01-09T02:00:00,FAMILY_STATUS,12,48,flagged,2023-02-26T02:00:00,1408.41,AUDIT_DONE
7561,93755,2024-02-20T05:00:00,ID_RENEWAL,11,67,passed,2024-03-21T05:00:00,78.07,
7562,42344,2023-04-09T12:00:00,FAMILY_STATUS,10,124,passed,2023-05-03T12:00:00,2.1,
7563,48976,2023-06-05T12:00:00,BUSINESS_PERMIT,9,33,flagged,2023-07-20T12:00:00,1730.56,AUDIT_DONE
7564,75089,2023-03-27T18:00:00,ID_RENEWAL,12,1,passed,2023-04-14T18:00:00,133.23,
7565,91717,2023-02-02T22:00:00,TAX_CERT,8,64,passed,2023-03-04T22:00:00,190.02,
7566,76678,2023-05-04T05:00:00,BIRTH_CERT,4,10,flagged,2023-05-30T05:00:00,1043.39,AUDIT_DONE
7567,68046,2023-03-04T10:00:00,TAX_CERT,7,65,rejected,2023-03-16T10:00:00,10.22,AUDIT_DONE
7568,37463,2023-03-22T23:00:00,ID_RENEWAL,1,166,passed,2023-04-23T23:00:00,168.09,
7569,95452,2023-03-14T16:00:00,ID_RENEWAL,12,99,flagged,2023-03-22T16:00:00,1676.37,AUDIT_DONE
7570,57398,2024-05-21T17:00:00,BIRTH_CERT,4,90,passed,2024-06-15T17:00:00,63.89,
7571,48312,2023-07-14T03:00:00,BUSINESS_PERMIT,9,28,passed,2023-08-12T03:00:00,19.02,
7572,56907,2023-01-04T18:00:00,ID_RENEWAL,10,128,passed,2023-01-26T18:00:00,164.62,
7573,73280,2023-12-17T08:00:00,ID_RENEWAL,12,2,passed,2024-01-09T08:00:00,170.84,
7574,24502,2024-01-29T22:00:00,TAX_CERT,3,162,passed,2024-03-11T22:00:00,38.37,
7575,11092,2023-04-01T09:00:00,BUSINESS_PERMIT,6,60,flagged,2023-05-19T09:00:00,1137.74,AUDIT_DONE
7576,97351,2023-05-17T00:00:00,BIRTH_CERT,8,137,flagged,2023-06-15T00:00:00,1675.29,AUDIT_DONE
7577,73368,2023-10-11T10:00:00,BUSINESS_PERMIT,9,78,passed,2023-11-15T10:00:00,26.43,
7578,73556,2023-01-06T04:00:00,TAX_CERT,2,142,rejected,2023-02-09T04:00:00,21.18,AUDIT_DONE
7579,47188,2023-12-10T05:00:00,FAMILY_STATUS,8,152,passed,2024-02-07T05:00:00,145.33,
7580,93974,2023-10-05T11:00:00,TAX_CERT,2,151,passed,2023-10-31T11:00:00,88.01,
7581,46265,2023-03-08T23:00:00,FAMILY_STATUS,1,143,passed,2023-04-30T23:00:00,83.18,
7582,31899,2023-07-24T23:00:00,FAMILY_STATUS,8,27,passed,2023-08-16T23:00:00,134.05,
7583,54251,2024-03-31T23:00:00,TAX_CERT,6,70,passed,2024-04-22T23:00:00,45.81,
7584,78183,2023-09-22T18:00:00,BIRTH_CERT,8,33,rejected,2023-10-25T18:00:00,49.29,AUDIT_DONE
7585,38986,2024-06-05T20:00:00,FAMILY_STATUS,11,50,passed,2024-07-31T20:00:00,179.57,
7586,93846,2023-01-27T05:00:00,BIRTH_CERT,3,115,rejected,2023-02-28T05:00:00,13.08,AUDIT_DONE
7587,72496,2023-01-08T06:00:00,ID_RENEWAL,4,133,passed,2023-01-29T06:00:00,174.87,
7588,31319,2023-12-14T16:00:00,TAX_CERT,8,176,flagged,2023-12-29T16:00:00,1673.93,AUDIT_DONE
7589,14397,2023-03-26T21:00:00,FAMILY_STATUS,11,171,passed,2023-04-04T21:00:00,144.73,
7590,34607,2023-01-13T20:00:00,TAX_CERT,3,55,passed,2023-01-23T20:00:00,56.25,
7591,37550,2024-05-05T20:00:00,FAMILY_STATUS,4,142,passed,2024-07-04T20:00:00,183.87,
7592,81177,2023-02-03T01:00:00,TAX_CERT,3,25,passed,2023-02-25T01:00:00,145.51,
7593,54410,2024-02-17T12:00:00,BIRTH_CERT,7,145,passed,2024-03-21T12:00:00,151.09,
7594,81041,2024-01-20T23:00:00,FAMILY_STATUS,10,78,passed,2024-02-26T23:00:00,121.15,
7595,52040,2023-04-27T07:00:00,TAX_CERT,12,165,flagged,2023-05-24T07:00:00,1152.51,AUDIT_DONE
7596,86223,2023-06-15T19:00:00,FAMILY_STATUS,7,128,passed,2023-07-12T19:00:00,98.32,
7597,61628,2023-06-09T17:00:00,ID_RENEWAL,4,23,passed,2023-07-28T17:00:00,108.73,
7598,77128,2024-02-12T13:00:00,ID_RENEWAL,7,59,passed,2024-04-09T13:00:00,59.88,
7599,48709,2023-03-25T03:00:00,BIRTH_CERT,6,67,flagged,2023-04-12T03:00:00,1254.95,AUDIT_DONE
7600,24918,2024-04-20T14:00:00,ID_RENEWAL,1,92,passed,2024-06-02T14:00:00,51.83,
7601,56316,2023-09-24T01:00:00,ID_RENEWAL,7,96,passed,2023-10-26T01:00:00,197.49,
7602,88270,2023-07-05T13:00:00,ID_RENEWAL,8,176,passed,2023-07-29T13:00:00,129.71,
7603,57932,2024-04-14T11:00:00,BUSINESS_PERMIT,4,90,passed,2024-05-07T11:00:00,102.7,
7604,53347,2023-06-18T18:00:00,ID_RENEWAL,4,57,passed,2023-07-22T18:00:00,120.12,
7605,16909,2023-12-09T22:00:00,BIRTH_CERT,9,40,passed,2023-12-29T22:00:00,190.53,
7606,57714,2023-11-03T15:00:00,BUSINESS_PERMIT,7,10,passed,2023-12-06T15:00:00,85.38,
7607,49129,2023-03-27T05:00:00,FAMILY_STATUS,5,145,rejected,2023-04-17T05:00:00,34.17,AUDIT_DONE
7608,36829,2023-04-10T09:00:00,BIRTH_CERT,7,125,flagged,2023-05-24T09:00:00,1811.99,AUDIT_DONE
7609,94228,2023-06-03T11:00:00,BIRTH_CERT,11,43,flagged,2023-06-28T11:00:00,921.11,AUDIT_DONE
7610,16251,2023-08-18T15:00:00,BIRTH_CERT,4,87,passed,2023-10-03T15:00:00,131.57,
7611,65287,2023-08-19T02:00:00,BUSINESS_PERMIT,12,21,flagged,2023-09-27T02:00:00,1626.08,AUDIT_DONE
7612,36136,2023-09-28T08:00:00,TAX_CERT,8,135,rejected,2023-11-02T08:00:00,41.69,AUDIT_DONE
7613,43194,2023-01-04T14:00:00,FAMILY_STATUS,2,137,passed,2023-02-19T14:00:00,19.43,
7614,20762,2023-04-28T21:00:00,BIRTH_CERT,9,37,passed,2023-06-16T21:00:00,120.56,
7615,98246,2024-04-23T21:00:00,BUSINESS_PERMIT,1,30,passed,2024-06-04T21:00:00,144.02,
7616,86783,2023-10-02T00:00:00,BIRTH_CERT,6,70,passed,2023-11-29T00:00:00,12.92,
7617,25910,2023-11-03T22:00:00,ID_RENEWAL,12,155,passed,2023-12-30T22:00:00,63.68,
7618,50671,2024-05-07T09:00:00,ID_RENEWAL,3,100,passed,2024-06-11T09:00:00,26.21,
7619,75726,2023-10-31T11:00:00,BIRTH_CERT,2,43,flagged,2023-11-28T11:00:00,1428.62,AUDIT_DONE
7620,55306,2023-08-12T20:00:00,BUSINESS_PERMIT,8,8,passed,2023-09-03T20:00:00,9.89,
7621,50814,2023-10-10T07:00:00,BIRTH_CERT,2,143,passed,2023-10-18T07:00:00,23.32,
7622,81050,2023-07-03T08:00:00,FAMILY_STATUS,7,10,flagged,2023-07-19T08:00:00,944.62,AUDIT_DONE
7623,69974,2023-09-23T21:00:00,TAX_CERT,11,146,passed,2023-11-09T21:00:00,159.38,
7624,82562,2024-02-14T07:00:00,BUSINESS_PERMIT,2,167,passed,2024-02-21T07:00:00,102.4,
7625,85778,2024-03-23T14:00:00,FAMILY_STATUS,1,69,rejected,2024-05-16T14:00:00,38.7,AUDIT_DONE
7626,60771,2024-04-04T19:00:00,FAMILY_STATUS,1,55,passed,2024-06-03T19:00:00,134.15,
7627,75647,2023-06-03T23:00:00,FAMILY_STATUS,11,136,passed,2023-07-16T23:00:00,170.45,
7628,64876,2024-05-29T15:00:00,FAMILY_STATUS,7,160,passed,2024-07-26T15:00:00,107.54,
7629,46925,2024-06-14T22:00:00,BIRTH_CERT,5,20,rejected,2024-07-06T22:00:00,4.02,AUDIT_DONE
7630,15550,2024-01-24T01:00:00,BUSINESS_PERMIT,6,155,flagged,2024-03-02T01:00:00,1045.09,AUDIT_DONE
7631,37491,2023-05-30T14:00:00,BUSINESS_PERMIT,3,58,passed,2023-07-21T14:00:00,78.27,
7632,51985,2023-04-02T03:00:00,BUSINESS_PERMIT,4,133,flagged,2023-04-12T03:00:00,1440.45,AUDIT_DONE
7633,49629,2023-04-16T13:00:00,BIRTH_CERT,3,159,passed,2023-05-16T13:00:00,99.5,
7634,44985,2024-05-19T01:00:00,BUSINESS_PERMIT,12,14,passed,2024-06-02T01:00:00,50.99,
7635,15785,2023-10-14T16:00:00,ID_RENEWAL,4,132,flagged,2023-11-15T16:00:00,1556.15,AUDIT_DONE
7636,67601,2024-03-21T13:00:00,BIRTH_CERT,9,87,passed,2024-04-26T13:00:00,152.18,
7637,38229,2023-12-07T07:00:00,BIRTH_CERT,12,36,passed,2024-01-04T07:00:00,90.1,
7638,84797,2023-08-03T01:00:00,BIRTH_CERT,4,165,passed,2023-09-18T01:00:00,15.16,
7639,62045,2023-08-02T04:00:00,ID_RENEWAL,7,6,passed,2023-09-22T04:00:00,108.35,
7640,34808,2024-01-16T23:00:00,BUSINESS_PERMIT,8,165,flagged,2024-01-31T23:00:00,1142.47,AUDIT_DONE
7641,71250,2023-07-24T14:00:00,ID_RENEWAL,12,135,passed,2023-08-05T14:00:00,43.72,
7642,25236,2024-03-19T10:00:00,TAX_CERT,9,140,passed,2024-04-20T10:00:00,56.98,
7643,61096,2023-02-10T08:00:00,TAX_CERT,7,87,passed,2023-03-16T08:00:00,75.57,
7644,24857,2024-01-30T23:00:00,TAX_CERT,4,101,passed,2024-03-19T23:00:00,141.21,
7645,33996,2023-05-27T21:00:00,ID_RENEWAL,3,46,passed,2023-06-21T21:00:00,11.62,
7646,34377,2023-02-28T07:00:00,ID_RENEWAL,8,153,flagged,2023-04-11T07:00:00,1960.95,AUDIT_DONE
7647,75324,2023-11-06T20:00:00,ID_RENEWAL,9,115,passed,2023-11-26T20:00:00,143.29,
7648,84563,2023-04-05T05:00:00,TAX_CERT,4,52,passed,2023-05-26T05:00:00,89.47,
7649,27018,2024-05-21T20:00:00,BIRTH_CERT,8,89,passed,2024-07-05T20:00:00,16.16,
7650,47461,2023-05-13T19:00:00,FAMILY_STATUS,3,7,passed,2023-05-20T19:00:00,41.83,
7651,71931,2024-04-30T08:00:00,FAMILY_STATUS,12,2,passed,2024-05-10T08:00:00,177.78,
7652,85998,2023-03-22T02:00:00,BUSINESS_PERMIT,4,155,passed,2023-04-24T02:00:00,26.9,
7653,39394,2023-11-16T19:00:00,ID_RENEWAL,4,140,flagged,2023-12-28T19:00:00,1727.78,AUDIT_DONE
7654,83673,2023-09-02T17:00:00,TAX_CERT,1,177,passed,2023-09-24T17:00:00,137.04,
7655,63029,2023-08-29T13:00:00,ID_RENEWAL,12,117,flagged,2023-09-17T13:00:00,1800.44,AUDIT_DONE
7656,47820,2023-11-03T23:00:00,FAMILY_STATUS,1,73,passed,2023-12-18T23:00:00,82.81,
7657,19799,2024-03-06T02:00:00,ID_RENEWAL,11,82,passed,2024-04-23T02:00:00,101.02,
7658,85825,2024-02-12T22:00:00,TAX_CERT,10,155,passed,2024-04-10T22:00:00,179.62,
7659,54950,2023-06-18T07:00:00,BIRTH_CERT,2,159,passed,2023-08-09T07:00:00,100.92,
7660,99114,2023-08-04T20:00:00,BIRTH_CERT,11,38,passed,2023-08-13T20:00:00,181.34,
7661,28569,2024-06-14T22:00:00,BUSINESS_PERMIT,2,2,passed,2024-08-06T22:00:00,45.93,
7662,50498,2023-11-04T23:00:00,FAMILY_STATUS,8,133,passed,2023-12-20T23:00:00,6.92,
7663,42816,2023-05-07T00:00:00,TAX_CERT,9,138,passed,2023-05-31T00:00:00,152.33,
7664,22072,2023-12-14T07:00:00,BUSINESS_PERMIT,8,75,passed,2024-01-09T07:00:00,119.63,
7665,38199,2024-05-28T10:00:00,BIRTH_CERT,9,68,passed,2024-06-13T10:00:00,99.88,
7666,59045,2023-05-14T16:00:00,BUSINESS_PERMIT,11,164,passed,2023-05-25T16:00:00,11.06,
7667,68279,2023-03-12T19:00:00,BIRTH_CERT,2,3,passed,2023-04-25T19:00:00,48.0,
7668,49428,2023-06-29T07:00:00,TAX_CERT,5,24,passed,2023-07-15T07:00:00,149.49,
7669,59354,2023-12-23T01:00:00,TAX_CERT,6,156,passed,2024-01-02T01:00:00,40.67,
7670,71344,2024-03-09T17:00:00,BUSINESS_PERMIT,5,73,flagged,2024-04-14T17:00:00,1935.06,AUDIT_DONE
7671,34506,2024-02-29T02:00:00,BIRTH_CERT,12,121,rejected,2024-04-04T02:00:00,31.69,AUDIT_DONE
7672,58098,2024-03-03T04:00:00,BIRTH_CERT,12,6,passed,2024-04-10T04:00:00,153.68,
7673,13808,2023-04-01T01:00:00,BIRTH_CERT,2,177,rejected,2023-04-11T01:00:00,15.43,AUDIT_DONE
7674,22672,2023-06-03T11:00:00,ID_RENEWAL,10,163,passed,2023-07-02T11:00:00,9.47,
7675,51940,2024-05-05T13:00:00,TAX_CERT,9,42,flagged,2024-05-19T13:00:00,1190.01,AUDIT_DONE
7676,57801,2024-06-01T16:00:00,FAMILY_STATUS,1,11,passed,2024-06-09T16:00:00,181.88,
7677,94353,2024-03-04T18:00:00,BIRTH_CERT,1,96,flagged,2024-04-21T18:00:00,1407.18,AUDIT_DONE
7678,26484,2023-12-09T21:00:00,ID_RENEWAL,2,122,flagged,2024-01-01T21:00:00,817.24,AUDIT_DONE
7679,81176,2023-10-17T15:00:00,BUSINESS_PERMIT,4,6,flagged,2023-11-28T15:00:00,1794.53,AUDIT_DONE
7680,43334,2023-12-06T04:00:00,FAMILY_STATUS,7,58,passed,2024-01-15T04:00:00,174.35,
7681,32938,2023-04-29T07:00:00,ID_RENEWAL,4,174,passed,2023-05-09T07:00:00,110.4,
7682,38119,2023-03-03T06:00:00,FAMILY_STATUS,8,123,passed,2023-05-01T06:00:00,28.39,
7683,20837,2023-05-23T06:00:00,FAMILY_STATUS,6,7,passed,2023-07-11T06:00:00,93.69,
7684,14681,2024-04-29T01:00:00,FAMILY_STATUS,9,136,passed,2024-05-31T01:00:00,101.5,
7685,49900,2023-04-09T12:00:00,BIRTH_CERT,2,80,passed,2023-04-30T12:00:00,167.84,
7686,55346,2023-04-25T22:00:00,FAMILY_STATUS,11,129,passed,2023-06-23T22:00:00,168.13,
7687,35671,2024-04-08T23:00:00,TAX_CERT,5,167,passed,2024-04-29T23:00:00,59.02,
7688,54422,2023-02-27T08:00:00,BIRTH_CERT,1,56,rejected,2023-04-17T08:00:00,2.2,AUDIT_DONE
7689,54982,2023-03-25T16:00:00,ID_RENEWAL,2,93,passed,2023-04-16T16:00:00,197.11,
7690,14378,2024-03-16T04:00:00,BIRTH_CERT,10,39,passed,2024-05-04T04:00:00,167.65,
7691,41484,2023-10-10T19:00:00,BUSINESS_PERMIT,2,146,passed,2023-12-05T19:00:00,153.24,
7692,36828,2023-07-20T07:00:00,BIRTH_CERT,4,18,passed,2023-09-04T07:00:00,197.87,
7693,17771,2024-01-26T23:00:00,TAX_CERT,6,87,passed,2024-03-15T23:00:00,110.28,
7694,48942,2023-05-21T00:00:00,BUSINESS_PERMIT,11,137,passed,2023-07-12T00:00:00,38.0,
7695,46698,2023-06-06T14:00:00,BUSINESS_PERMIT,10,95,passed,2023-08-01T14:00:00,171.69,
7696,23030,2023-11-30T02:00:00,FAMILY_STATUS,9,49,passed,2024-01-14T02:00:00,175.69,
7697,69431,2024-03-21T03:00:00,BIRTH_CERT,11,43,passed,2024-03-30T03:00:00,146.03,
7698,19891,2024-06-02T07:00:00,BUSINESS_PERMIT,5,5,passed,2024-07-29T07:00:00,164.33,
7699,24389,2023-03-03T03:00:00,BUSINESS_PERMIT,12,8,passed,2023-03-24T03:00:00,160.88,
7700,57107,2023-09-05T09:00:00,TAX_CERT,10,145,passed,2023-10-05T09:00:00,35.02,
7701,27206,2023-09-04T19:00:00,BIRTH_CERT,8,83,passed,2023-10-01T19:00:00,98.86,
7702,97915,2024-01-20T03:00:00,ID_RENEWAL,3,170,passed,2024-03-08T03:00:00,199.83,
7703,80741,2023-02-03T04:00:00,ID_RENEWAL,6,147,passed,2023-03-03T04:00:00,167.83,
7704,45044,2023-08-22T10:00:00,ID_RENEWAL,1,164,passed,2023-09-28T10:00:00,29.08,
7705,27872,2024-05-17T11:00:00,TAX_CERT,11,125,rejected,2024-06-09T11:00:00,25.84,AUDIT_DONE
7706,30983,2023-12-21T02:00:00,BUSINESS_PERMIT,11,144,rejected,2024-02-19T02:00:00,1.9,AUDIT_DONE
7707,76916,2023-11-15T05:00:00,FAMILY_STATUS,2,163,passed,2023-12-26T05:00:00,27.9,
7708,74383,2023-03-16T12:00:00,BUSINESS_PERMIT,12,60,rejected,2023-04-10T12:00:00,35.47,AUDIT_DONE
7709,36048,2023-07-11T15:00:00,BIRTH_CERT,11,160,passed,2023-09-08T15:00:00,157.33,
7710,58081,2023-06-04T00:00:00,BUSINESS_PERMIT,6,95,flagged,2023-08-01T00:00:00,1802.94,AUDIT_DONE
7711,38720,2023-01-06T08:00:00,FAMILY_STATUS,6,49,flagged,2023-01-31T08:00:00,1077.25,AUDIT_DONE
7712,28742,2023-10-06T17:00:00,BUSINESS_PERMIT,2,93,rejected,2023-11-14T17:00:00,28.12,AUDIT_DONE
7713,24600,2024-06-12T15:00:00,FAMILY_STATUS,5,75,passed,2024-07-02T15:00:00,134.61,
7714,23928,2023-01-12T04:00:00,ID_RENEWAL,10,6,passed,2023-02-22T04:00:00,4.02,
7715,55132,2023-08-16T19:00:00,FAMILY_STATUS,2,18,passed,2023-09-23T19:00:00,59.93,
7716,43076,2024-04-24T17:00:00,BIRTH_CERT,7,44,passed,2024-05-14T17:00:00,83.26,
7717,49472,2023-11-09T23:00:00,FAMILY_STATUS,12,74,passed,2023-11-29T23:00:00,11.87,
7718,82693,2024-05-05T10:00:00,TAX_CERT,6,6,flagged,2024-05-26T10:00:00,977.39,AUDIT_DONE
7719,69922,2024-06-24T20:00:00,ID_RENEWAL,9,143,passed,2024-07-15T20:00:00,78.83,
7720,28812,2023-12-01T21:00:00,BUSINESS_PERMIT,9,138,flagged,2023-12-22T21:00:00,834.61,AUDIT_DONE
7721,50037,2023-05-05T09:00:00,BUSINESS_PERMIT,7,58,passed,2023-06-15T09:00:00,58.84,
7722,68183,2024-06-16T13:00:00,TAX_CERT,4,162,flagged,2024-07-27T13:00:00,1730.84,AUDIT_DONE
7723,26621,2023-02-23T06:00:00,BUSINESS_PERMIT,3,52,passed,2023-04-19T06:00:00,152.86,
7724,48338,2023-03-04T09:00:00,ID_RENEWAL,10,67,passed,2023-04-10T09:00:00,176.29,
7725,58064,2023-06-13T12:00:00,BIRTH_CERT,6,88,passed,2023-07-06T12:00:00,123.42,
7726,56434,2023-02-21T05:00:00,FAMILY_STATUS,4,64,passed,2023-04-01T05:00:00,101.55,
7727,77659,2023-01-25T10:00:00,BIRTH_CERT,12,175,flagged,2023-03-15T10:00:00,1103.79,AUDIT_DONE
7728,16046,2023-06-30T15:00:00,BIRTH_CERT,4,125,passed,2023-08-13T15:00:00,167.32,
7729,18648,2023-09-23T21:00:00,TAX_CERT,5,128,rejected,2023-11-10T21:00:00,26.71,AUDIT_DONE
7730,63622,2023-05-28T09:00:00,ID_RENEWAL,1,105,passed,2023-06-22T09:00:00,14.34,
7731,71877,2023-08-26T06:00:00,ID_RENEWAL,6,67,passed,2023-09-17T06:00:00,159.27,
7732,35032,2023-06-22T10:00:00,FAMILY_STATUS,6,89,flagged,2023-07-24T10:00:00,1700.14,AUDIT_DONE
7733,24516,2023-05-03T08:00:00,BIRTH_CERT,2,166,passed,2023-06-21T08:00:00,195.61,
7734,94613,2023-02-27T23:00:00,TAX_CERT,8,65,passed,2023-04-17T23:00:00,28.8,
7735,93735,2024-03-15T13:00:00,FAMILY_STATUS,6,35,passed,2024-03-28T13:00:00,73.13,
7736,68693,2023-04-19T18:00:00,FAMILY_STATUS,1,132,flagged,2023-06-14T18:00:00,1904.41,AUDIT_DONE
7737,95253,2023-11-21T21:00:00,BIRTH_CERT,8,71,passed,2024-01-04T21:00:00,69.79,
7738,72265,2023-06-03T11:00:00,TAX_CERT,1,125,passed,2023-06-24T11:00:00,38.06,
7739,33692,2024-03-01T09:00:00,ID_RENEWAL,4,96,flagged,2024-03-15T09:00:00,1076.72,AUDIT_DONE
7740,89660,2023-10-27T12:00:00,FAMILY_STATUS,4,14,passed,2023-11-06T12:00:00,129.77,
7741,38436,2023-07-31T00:00:00,TAX_CERT,5,44,flagged,2023-09-01T00:00:00,1862.03,AUDIT_DONE
7742,46877,2023-09-03T02:00:00,BUSINESS_PERMIT,1,46,passed,2023-10-11T02:00:00,137.6,
7743,52695,2023-09-28T21:00:00,TAX_CERT,5,155,passed,2023-10-19T21:00:00,78.69,
7744,76528,2023-04-12T12:00:00,BIRTH_CERT,1,134,passed,2023-06-11T12:00:00,9.24,
7745,36677,2024-04-12T08:00:00,FAMILY_STATUS,1,159,passed,2024-05-26T08:00:00,167.74,
7746,54035,2024-02-05T08:00:00,BUSINESS_PERMIT,8,154,rejected,2024-03-22T08:00:00,18.19,AUDIT_DONE
7747,27502,2023-06-17T03:00:00,BUSINESS_PERMIT,12,84,passed,2023-07-20T03:00:00,140.99,
7748,63673,2024-04-10T02:00:00,BUSINESS_PERMIT,9,138,passed,2024-04-27T02:00:00,128.52,
7749,67576,2023-03-04T02:00:00,TAX_CERT,4,111,passed,2023-04-04T02:00:00,18.45,
7750,68699,2023-07-10T04:00:00,FAMILY_STATUS,2,180,flagged,2023-09-04T04:00:00,1349.11,AUDIT_DONE
7751,46709,2023-10-11T02:00:00,FAMILY_STATUS,5,68,passed,2023-10-19T02:00:00,147.41,
7752,23267,2023-08-19T07:00:00,BUSINESS_PERMIT,8,100,passed,2023-10-03T07:00:00,189.46,
7753,63659,2023-05-21T14:00:00,ID_RENEWAL,7,39,flagged,2023-07-03T14:00:00,1127.87,AUDIT_DONE
7754,37236,2024-02-15T07:00:00,TAX_CERT,1,10,rejected,2024-03-04T07:00:00,29.48,AUDIT_DONE
7755,64884,2023-03-20T15:00:00,TAX_CERT,9,126,flagged,2023-04-19T15:00:00,1597.18,AUDIT_DONE
7756,23565,2023-07-09T02:00:00,BUSINESS_PERMIT,2,129,rejected,2023-09-02T02:00:00,27.71,AUDIT_DONE
7757,98107,2023-05-26T12:00:00,ID_RENEWAL,11,147,passed,2023-06-23T12:00:00,87.56,
7758,63991,2023-02-19T11:00:00,BIRTH_CERT,11,164,passed,2023-03-17T11:00:00,42.44,
7759,69850,2023-12-18T00:00:00,BIRTH_CERT,1,159,passed,2024-01-10T00:00:00,123.33,
7760,22999,2023-06-17T18:00:00,BUSINESS_PERMIT,4,166,passed,2023-08-04T18:00:00,198.89,
7761,68313,2024-02-26T04:00:00,BIRTH_CERT,12,180,rejected,2024-04-07T04:00:00,47.25,AUDIT_DONE
7762,65951,2023-05-16T18:00:00,BUSINESS_PERMIT,7,139,rejected,2023-07-03T18:00:00,19.16,AUDIT_DONE
7763,26788,2024-04-08T13:00:00,BUSINESS_PERMIT,4,160,passed,2024-05-08T13:00:00,46.06,
7764,11465,2023-09-02T12:00:00,FAMILY_STATUS,1,5,flagged,2023-10-02T12:00:00,1343.39,AUDIT_DONE
7765,40334,2023-01-10T20:00:00,BIRTH_CERT,9,71,passed,2023-02-18T20:00:00,39.15,
7766,94629,2023-02-22T03:00:00,TAX_CERT,2,118,passed,2023-04-04T03:00:00,29.84,
7767,86115,2023-01-05T20:00:00,BIRTH_CERT,8,153,passed,2023-02-22T20:00:00,99.46,
7768,65888,2024-02-16T03:00:00,FAMILY_STATUS,9,45,passed,2024-03-20T03:00:00,141.24,
7769,13425,2023-02-11T05:00:00,TAX_CERT,9,165,passed,2023-03-25T05:00:00,178.05,
7770,64163,2023-06-24T05:00:00,FAMILY_STATUS,11,78,passed,2023-07-06T05:00:00,77.59,
7771,62877,2023-04-05T15:00:00,FAMILY_STATUS,12,93,passed,2023-04-23T15:00:00,79.6,
7772,84827,2024-05-24T01:00:00,TAX_CERT,5,56,passed,2024-06-12T01:00:00,105.99,
7773,25519,2023-07-22T21:00:00,TAX_CERT,12,134,passed,2023-09-12T21:00:00,124.53,
7774,57886,2024-02-09T19:00:00,BUSINESS_PERMIT,2,117,passed,2024-03-22T19:00:00,50.97,
7775,44323,2024-03-31T09:00:00,ID_RENEWAL,3,114,passed,2024-05-12T09:00:00,63.02,
7776,91305,2024-04-12T00:00:00,TAX_CERT,12,83,passed,2024-06-06T00:00:00,30.87,
7777,70202,2024-03-19T08:00:00,BIRTH_CERT,7,177,passed,2024-04-21T08:00:00,28.34,
7778,66284,2023-09-15T15:00:00,BUSINESS_PERMIT,2,129,passed,2023-11-05T15:00:00,187.4,
7779,68707,2023-02-14T15:00:00,BIRTH_CERT,4,30,flagged,2023-02-26T15:00:00,855.22,AUDIT_DONE
7780,30991,2024-04-27T15:00:00,ID_RENEWAL,7,99,rejected,2024-05-15T15:00:00,2.32,AUDIT_DONE
7781,38465,2023-01-26T20:00:00,BIRTH_CERT,4,177,flagged,2023-02-10T20:00:00,1169.55,AUDIT_DONE
7782,50736,2023-06-20T04:00:00,ID_RENEWAL,4,88,passed,2023-08-04T04:00:00,28.2,
7783,24235,2023-06-19T08:00:00,TAX_CERT,6,168,flagged,2023-08-05T08:00:00,1023.13,AUDIT_DONE
7784,85631,2023-01-24T05:00:00,FAMILY_STATUS,6,67,rejected,2023-02-01T05:00:00,32.34,AUDIT_DONE
7785,30876,2023-04-19T02:00:00,FAMILY_STATUS,4,146,flagged,2023-05-18T02:00:00,1199.96,AUDIT_DONE
7786,38874,2023-11-17T03:00:00,BUSINESS_PERMIT,8,100,passed,2023-12-29T03:00:00,143.29,
7787,63426,2023-11-07T19:00:00,TAX_CERT,6,7,flagged,2023-11-25T19:00:00,1585.6,AUDIT_DONE
7788,96978,2024-06-07T19:00:00,TAX_CERT,8,95,passed,2024-06-17T19:00:00,98.21,
7789,40976,2023-04-12T09:00:00,TAX_CERT,12,51,flagged,2023-05-08T09:00:00,1286.41,AUDIT_DONE
7790,88605,2024-06-06T16:00:00,BIRTH_CERT,6,136,passed,2024-06-15T16:00:00,58.01,
7791,84205,2023-01-22T13:00:00,TAX_CERT,10,148,flagged,2023-03-05T13:00:00,1456.6,AUDIT_DONE
7792,22604,2023-08-17T15:00:00,ID_RENEWAL,2,16,passed,2023-09-24T15:00:00,115.7,
7793,60462,2023-08-17T21:00:00,BIRTH_CERT,7,65,passed,2023-08-27T21:00:00,191.27,
7794,23172,2024-06-24T14:00:00,TAX_CERT,9,81,passed,2024-08-08T14:00:00,5.14,
7795,75479,2024-04-16T15:00:00,FAMILY_STATUS,10,10,passed,2024-05-27T15:00:00,192.33,
7796,42991,2023-03-19T23:00:00,TAX_CERT,12,130,passed,2023-04-08T23:00:00,124.7,
7797,74699,2024-04-07T20:00:00,TAX_CERT,1,59,passed,2024-05-30T20:00:00,180.41,
7798,35388,2023-08-26T16:00:00,TAX_CERT,1,8,passed,2023-10-14T16:00:00,18.08,
7799,49426,2024-03-03T23:00:00,ID_RENEWAL,11,166,rejected,2024-04-19T23:00:00,44.34,AUDIT_DONE
7800,99526,2023-01-09T08:00:00,BIRTH_CERT,3,53,flagged,2023-01-18T08:00:00,1918.13,AUDIT_DONE
7801,39255,2024-02-01T11:00:00,FAMILY_STATUS,9,97,passed,2024-02-20T11:00:00,181.61,
7802,18336,2024-05-12T16:00:00,FAMILY_STATUS,2,158,passed,2024-05-24T16:00:00,171.78,
7803,38764,2024-03-24T20:00:00,TAX_CERT,5,102,passed,2024-05-01T20:00:00,171.63,
7804,19172,2023-11-21T02:00:00,BUSINESS_PERMIT,12,161,passed,2023-12-24T02:00:00,66.67,
7805,70055,2023-07-14T02:00:00,BIRTH_CERT,3,72,passed,2023-08-27T02:00:00,23.16,
7806,45897,2023-06-07T08:00:00,ID_RENEWAL,8,179,flagged,2023-07-13T08:00:00,1988.82,AUDIT_DONE
7807,60275,2023-08-22T10:00:00,BIRTH_CERT,11,53,flagged,2023-09-19T10:00:00,846.91,AUDIT_DONE
7808,84050,2023-10-05T03:00:00,BUSINESS_PERMIT,8,40,passed,2023-11-06T03:00:00,54.2,
7809,10732,2023-12-04T08:00:00,ID_RENEWAL,2,59,rejected,2023-12-23T08:00:00,9.1,AUDIT_DONE
7810,76110,2023-11-24T01:00:00,TAX_CERT,9,165,flagged,2024-01-09T01:00:00,958.19,AUDIT_DONE
7811,14001,2023-02-15T18:00:00,FAMILY_STATUS,3,38,passed,2023-03-23T18:00:00,44.9,
7812,75042,2023-11-26T22:00:00,TAX_CERT,1,56,passed,2023-12-04T22:00:00,102.85,
7813,45965,2023-11-02T06:00:00,FAMILY_STATUS,1,106,passed,2023-12-28T06:00:00,91.49,
7814,99669,2023-05-07T04:00:00,TAX_CERT,10,95,flagged,2023-06-26T04:00:00,1537.74,AUDIT_DONE
7815,59730,2023-12-10T10:00:00,ID_RENEWAL,9,99,passed,2023-12-24T10:00:00,144.14,
7816,80096,2023-06-08T15:00:00,BUSINESS_PERMIT,9,109,passed,2023-07-03T15:00:00,145.96,
7817,79454,2024-03-05T11:00:00,ID_RENEWAL,12,101,rejected,2024-03-20T11:00:00,37.29,AUDIT_DONE
7818,23816,2024-02-23T19:00:00,ID_RENEWAL,6,82,flagged,2024-03-08T19:00:00,989.52,AUDIT_DONE
7819,61201,2023-12-06T06:00:00,BUSINESS_PERMIT,2,102,flagged,2024-02-02T06:00:00,1201.02,AUDIT_DONE
7820,27094,2023-12-12T19:00:00,BIRTH_CERT,8,27,passed,2024-02-10T19:00:00,14.53,
7821,32092,2023-05-31T20:00:00,TAX_CERT,9,176,flagged,2023-06-24T20:00:00,880.53,AUDIT_DONE
7822,56883,2023-11-29T20:00:00,FAMILY_STATUS,3,65,passed,2024-01-19T20:00:00,80.07,
7823,88724,2023-12-30T01:00:00,BIRTH_CERT,9,83,passed,2024-01-27T01:00:00,108.15,
7824,72266,2023-02-14T12:00:00,BIRTH_CERT,10,13,passed,2023-03-28T12:00:00,115.9,
7825,81397,2024-06-24T17:00:00,FAMILY_STATUS,10,149,passed,2024-08-23T17:00:00,124.31,
7826,14580,2023-10-14T00:00:00,BIRTH_CERT,7,10,passed,2023-12-08T00:00:00,77.63,
7827,84144,2024-01-10T19:00:00,BIRTH_CERT,5,13,passed,2024-01-23T19:00:00,128.75,
7828,75924,2023-01-19T05:00:00,ID_RENEWAL,1,128,passed,2023-03-01T05:00:00,38.8,
7829,60774,2023-12-04T07:00:00,BUSINESS_PERMIT,1,42,rejected,2023-12-23T07:00:00,11.02,AUDIT_DONE
7830,40680,2024-04-04T01:00:00,BIRTH_CERT,6,37,passed,2024-05-03T01:00:00,115.65,
7831,92850,2023-11-11T03:00:00,ID_RENEWAL,12,37,rejected,2023-12-25T03:00:00,34.81,AUDIT_DONE
7832,78165,2023-08-18T04:00:00,BIRTH_CERT,6,57,rejected,2023-09-16T04:00:00,7.0,AUDIT_DONE
7833,32649,2024-06-05T08:00:00,BUSINESS_PERMIT,11,177,passed,2024-07-09T08:00:00,151.58,
7834,52736,2023-10-09T05:00:00,FAMILY_STATUS,3,25,passed,2023-10-21T05:00:00,165.36,
7835,49146,2023-10-06T09:00:00,BUSINESS_PERMIT,11,132,flagged,2023-11-25T09:00:00,818.46,AUDIT_DONE
7836,10462,2023-03-16T00:00:00,BUSINESS_PERMIT,11,177,passed,2023-03-28T00:00:00,166.39,
7837,40339,2023-04-15T07:00:00,ID_RENEWAL,8,125,passed,2023-05-23T07:00:00,169.2,
7838,68570,2023-12-09T03:00:00,TAX_CERT,12,78,passed,2023-12-16T03:00:00,157.73,
7839,49106,2024-05-20T05:00:00,ID_RENEWAL,1,79,passed,2024-07-09T05:00:00,126.96,
7840,65672,2023-10-18T09:00:00,TAX_CERT,1,27,passed,2023-11-15T09:00:00,88.99,
7841,21113,2023-11-14T06:00:00,TAX_CERT,7,18,passed,2023-11-23T06:00:00,72.93,
7842,80273,2023-01-17T08:00:00,BUSINESS_PERMIT,4,22,rejected,2023-02-20T08:00:00,26.44,AUDIT_DONE
7843,75744,2024-03-14T14:00:00,TAX_CERT,8,89,passed,2024-04-29T14:00:00,79.88,
7844,22400,2024-01-27T07:00:00,BUSINESS_PERMIT,4,39,passed,2024-03-21T07:00:00,56.45,
7845,88185,2024-06-03T11:00:00,ID_RENEWAL,4,22,flagged,2024-07-22T11:00:00,1878.34,AUDIT_DONE
7846,71553,2024-06-21T15:00:00,ID_RENEWAL,1,18,flagged,2024-07-30T15:00:00,1256.49,AUDIT_DONE
7847,61109,2023-06-17T15:00:00,BUSINESS_PERMIT,12,59,flagged,2023-08-14T15:00:00,955.28,AUDIT_DONE
7848,13776,2023-08-25T02:00:00,BIRTH_CERT,5,177,flagged,2023-09-22T02:00:00,1136.23,AUDIT_DONE
7849,91819,2024-06-13T23:00:00,BUSINESS_PERMIT,3,61,passed,2024-07-02T23:00:00,52.96,
7850,74307,2024-03-18T20:00:00,TAX_CERT,12,79,rejected,2024-05-07T20:00:00,33.57,AUDIT_DONE
7851,31585,2023-06-02T07:00:00,BIRTH_CERT,8,41,passed,2023-07-24T07:00:00,176.71,
7852,61567,2023-06-19T20:00:00,ID_RENEWAL,2,64,passed,2023-06-26T20:00:00,61.16,
7853,61926,2024-06-13T12:00:00,BIRTH_CERT,11,158,passed,2024-07-12T12:00:00,80.84,
7854,63302,2023-06-03T14:00:00,BIRTH_CERT,5,95,passed,2023-07-24T14:00:00,73.28,
7855,86414,2024-01-03T21:00:00,ID_RENEWAL,9,43,passed,2024-02-06T21:00:00,181.29,
7856,30466,2023-07-24T08:00:00,FAMILY_STATUS,4,161,flagged,2023-08-04T08:00:00,1610.25,AUDIT_DONE
7857,72301,2023-02-18T05:00:00,BUSINESS_PERMIT,6,101,passed,2023-03-14T05:00:00,119.91,
7858,47830,2023-02-18T09:00:00,TAX_CERT,12,77,passed,2023-03-03T09:00:00,29.43,
7859,43604,2024-03-02T10:00:00,BUSINESS_PERMIT,7,40,passed,2024-03-12T10:00:00,174.17,
7860,60720,2023-11-01T07:00:00,ID_RENEWAL,1,7,passed,2023-12-03T07:00:00,61.12,
7861,79327,2024-01-01T22:00:00,TAX_CERT,4,19,flagged,2024-02-07T22:00:00,1540.07,AUDIT_DONE
7862,39394,2024-04-18T09:00:00,BUSINESS_PERMIT,8,97,passed,2024-06-14T09:00:00,144.36,
7863,32134,2024-04-28T23:00:00,BUSINESS_PERMIT,8,48,passed,2024-05-21T23:00:00,149.06,
7864,93942,2024-06-06T09:00:00,BUSINESS_PERMIT,12,19,passed,2024-07-14T09:00:00,107.76,
7865,46646,2023-04-19T04:00:00,BIRTH_CERT,12,130,passed,2023-05-06T04:00:00,195.04,
7866,76192,2024-04-17T14:00:00,ID_RENEWAL,10,146,passed,2024-06-16T14:00:00,57.31,
7867,55480,2023-11-16T22:00:00,BUSINESS_PERMIT,1,105,flagged,2023-12-22T22:00:00,946.13,AUDIT_DONE
7868,34592,2023-04-03T23:00:00,TAX_CERT,1,76,rejected,2023-05-10T23:00:00,27.95,AUDIT_DONE
7869,59601,2023-11-28T16:00:00,TAX_CERT,7,129,rejected,2023-12-06T16:00:00,26.03,AUDIT_DONE
7870,92434,2023-10-10T14:00:00,BIRTH_CERT,2,100,passed,2023-10-29T14:00:00,78.33,
7871,26879,2024-03-05T10:00:00,BIRTH_CERT,2,47,passed,2024-04-03T10:00:00,52.57,
7872,73368,2023-01-27T23:00:00,ID_RENEWAL,8,129,passed,2023-03-04T23:00:00,150.19,
7873,29786,2023-04-27T13:00:00,TAX_CERT,10,97,rejected,2023-06-20T13:00:00,45.97,AUDIT_DONE
7874,41996,2023-07-17T12:00:00,BIRTH_CERT,3,126,rejected,2023-09-11T12:00:00,20.0,AUDIT_DONE
7875,28035,2023-03-15T06:00:00,TAX_CERT,8,139,passed,2023-05-05T06:00:00,189.05,
7876,12508,2023-12-02T09:00:00,FAMILY_STATUS,4,94,passed,2024-01-15T09:00:00,13.57,
7877,89041,2024-01-04T17:00:00,FAMILY_STATUS,10,107,passed,2024-03-04T17:00:00,110.26,
7878,51420,2023-05-22T09:00:00,ID_RENEWAL,1,87,flagged,2023-07-20T09:00:00,868.61,AUDIT_DONE
7879,82896,2023-01-23T23:00:00,BIRTH_CERT,7,165,passed,2023-02-22T23:00:00,81.49,
7880,93846,2023-02-15T18:00:00,BIRTH_CERT,6,146,passed,2023-03-31T18:00:00,52.21,
7881,74109,2023-03-29T10:00:00,ID_RENEWAL,9,161,passed,2023-04-28T10:00:00,32.62,
7882,15679,2023-06-22T03:00:00,TAX_CERT,2,106,passed,2023-08-10T03:00:00,78.1,
7883,66950,2023-07-06T16:00:00,BIRTH_CERT,2,66,passed,2023-08-04T16:00:00,121.19,
7884,43837,2023-04-07T22:00:00,BIRTH_CERT,8,142,passed,2023-05-07T22:00:00,153.08,
7885,59525,2023-07-12T12:00:00,BUSINESS_PERMIT,2,18,passed,2023-08-02T12:00:00,111.54,
7886,16874,2023-11-09T09:00:00,TAX_CERT,10,51,passed,2023-11-30T09:00:00,140.19,
7887,45159,2023-10-29T20:00:00,FAMILY_STATUS,3,111,rejected,2023-12-22T20:00:00,23.28,AUDIT_DONE
7888,62291,2024-02-10T13:00:00,BIRTH_CERT,12,17,passed,2024-03-10T13:00:00,65.82,
7889,58504,2023-03-20T13:00:00,BUSINESS_PERMIT,1,153,rejected,2023-03-30T13:00:00,15.37,AUDIT_DONE
7890,71735,2024-06-07T15:00:00,BIRTH_CERT,7,107,passed,2024-06-18T15:00:00,154.6,
7891,92359,2023-06-11T21:00:00,BUSINESS_PERMIT,10,98,flagged,2023-07-06T21:00:00,1839.09,AUDIT_DONE
7892,69820,2023-08-21T00:00:00,BIRTH_CERT,8,75,rejected,2023-09-06T00:00:00,35.97,AUDIT_DONE
7893,36517,2024-05-24T23:00:00,ID_RENEWAL,12,180,passed,2024-07-01T23:00:00,192.34,
7894,61808,2023-04-25T18:00:00,FAMILY_STATUS,10,110,passed,2023-05-21T18:00:00,173.68,
7895,82861,2023-06-06T03:00:00,BIRTH_CERT,8,75,flagged,2023-07-03T03:00:00,1582.88,AUDIT_DONE
7896,39666,2023-09-30T06:00:00,BIRTH_CERT,9,109,passed,2023-11-29T06:00:00,165.36,
7897,71113,2023-01-24T21:00:00,BIRTH_CERT,7,134,passed,2023-02-23T21:00:00,165.06,
7898,93002,2023-12-29T11:00:00,BUSINESS_PERMIT,12,117,passed,2024-01-26T11:00:00,172.94,
7899,65625,2024-04-07T18:00:00,ID_RENEWAL,10,121,passed,2024-05-06T18:00:00,105.88,
7900,73053,2023-07-12T20:00:00,BUSINESS_PERMIT,1,33,rejected,2023-07-29T20:00:00,31.36,AUDIT_DONE
7901,88928,2023-08-09T19:00:00,BUSINESS_PERMIT,2,101,flagged,2023-09-03T19:00:00,1732.14,AUDIT_DONE
7902,58035,2023-07-31T18:00:00,BIRTH_CERT,8,101,passed,2023-08-31T18:00:00,135.96,
7903,73222,2024-02-23T09:00:00,FAMILY_STATUS,8,28,passed,2024-04-13T09:00:00,168.23,
7904,93730,2023-08-21T08:00:00,BIRTH_CERT,1,149,passed,2023-10-03T08:00:00,197.1,
7905,38593,2024-03-27T20:00:00,FAMILY_STATUS,6,30,passed,2024-04-29T20:00:00,97.09,
7906,60181,2023-10-14T01:00:00,TAX_CERT,7,13,passed,2023-10-27T01:00:00,6.97,
7907,69629,2024-03-19T19:00:00,BIRTH_CERT,7,159,rejected,2024-04-05T19:00:00,46.17,AUDIT_DONE
7908,36142,2023-09-02T06:00:00,ID_RENEWAL,3,46,passed,2023-10-10T06:00:00,41.59,
7909,26557,2024-02-27T16:00:00,ID_RENEWAL,3,78,passed,2024-03-09T16:00:00,116.32,
7910,70118,2023-02-15T13:00:00,ID_RENEWAL,8,143,passed,2023-03-21T13:00:00,89.75,
7911,11948,2024-01-15T13:00:00,ID_RENEWAL,10,23,passed,2024-02-20T13:00:00,144.87,
7912,43493,2023-06-11T19:00:00,FAMILY_STATUS,9,55,rejected,2023-08-04T19:00:00,38.39,AUDIT_DONE
7913,56031,2023-10-27T02:00:00,ID_RENEWAL,7,71,passed,2023-11-09T02:00:00,97.49,
7914,81912,2023-01-02T13:00:00,FAMILY_STATUS,11,178,passed,2023-01-19T13:00:00,69.45,
7915,76742,2023-07-25T01:00:00,BUSINESS_PERMIT,1,67,passed,2023-09-11T01:00:00,93.89,
7916,16848,2023-12-10T19:00:00,ID_RENEWAL,3,39,passed,2024-02-02T19:00:00,25.2,
7917,50080,2024-01-30T11:00:00,ID_RENEWAL,12,174,passed,2024-03-05T11:00:00,95.66,
7918,37640,2023-11-01T08:00:00,FAMILY_STATUS,3,164,passed,2023-11-08T08:00:00,101.52,
7919,32672,2023-05-28T00:00:00,ID_RENEWAL,12,97,rejected,2023-07-03T00:00:00,46.5,AUDIT_DONE
7920,13607,2024-05-26T00:00:00,BIRTH_CERT,5,110,passed,2024-07-13T00:00:00,198.87,
7921,73361,2023-05-04T15:00:00,ID_RENEWAL,10,100,passed,2023-06-07T15:00:00,16.11,
7922,62067,2023-05-31T07:00:00,FAMILY_STATUS,1,68,passed,2023-06-21T07:00:00,68.59,
7923,64411,2023-01-03T23:00:00,FAMILY_STATUS,12,173,passed,2023-02-21T23:00:00,19.21,
7924,15049,2023-04-15T07:00:00,BIRTH_CERT,7,105,flagged,2023-05-01T07:00:00,1000.51,AUDIT_DONE
7925,57645,2024-01-21T02:00:00,ID_RENEWAL,11,8,passed,2024-01-29T02:00:00,47.52,
7926,79424,2024-01-26T07:00:00,BIRTH_CERT,10,147,passed,2024-02-20T07:00:00,110.13,
7927,83206,2023-03-15T22:00:00,TAX_CERT,5,102,passed,2023-05-09T22:00:00,134.43,
7928,49648,2023-09-24T22:00:00,TAX_CERT,8,78,passed,2023-11-06T22:00:00,148.13,
7929,59364,2023-11-15T09:00:00,BUSINESS_PERMIT,5,29,passed,2023-12-15T09:00:00,93.42,
7930,86506,2024-01-30T02:00:00,TAX_CERT,10,102,passed,2024-02-21T02:00:00,44.5,
7931,60406,2024-01-18T00:00:00,ID_RENEWAL,2,173,rejected,2024-03-16T00:00:00,29.36,AUDIT_DONE
7932,10601,2023-02-10T06:00:00,BIRTH_CERT,3,27,passed,2023-03-21T06:00:00,170.25,
7933,53514,2024-04-15T04:00:00,ID_RENEWAL,7,172,passed,2024-06-05T04:00:00,6.78,
7934,88997,2023-04-28T19:00:00,ID_RENEWAL,4,135,passed,2023-05-08T19:00:00,185.99,
7935,34461,2023-10-05T10:00:00,BIRTH_CERT,11,131,passed,2023-11-11T10:00:00,133.08,
7936,21473,2023-03-26T19:00:00,BIRTH_CERT,4,3,passed,2023-04-04T19:00:00,155.92,
7937,82071,2024-01-10T18:00:00,BUSINESS_PERMIT,1,90,passed,2024-01-22T18:00:00,45.45,
7938,30527,2024-02-08T11:00:00,BIRTH_CERT,7,126,rejected,2024-02-21T11:00:00,9.29,AUDIT_DONE
7939,50926,2024-02-03T10:00:00,ID_RENEWAL,12,7,passed,2024-03-14T10:00:00,192.14,
7940,92366,2023-02-25T03:00:00,TAX_CERT,11,146,passed,2023-04-11T03:00:00,176.04,
7941,44558,2023-06-13T05:00:00,ID_RENEWAL,5,150,passed,2023-07-06T05:00:00,175.08,
7942,27599,2024-02-14T13:00:00,ID_RENEWAL,2,89,passed,2024-02-29T13:00:00,35.36,
7943,82317,2024-05-17T12:00:00,TAX_CERT,12,173,passed,2024-05-28T12:00:00,108.08,
7944,19747,2023-06-22T11:00:00,ID_RENEWAL,6,177,passed,2023-07-10T11:00:00,58.93,
7945,20101,2024-05-09T05:00:00,BIRTH_CERT,5,90,passed,2024-06-07T05:00:00,12.12,
7946,69229,2023-06-29T01:00:00,BIRTH_CERT,9,164,passed,2023-08-26T01:00:00,82.78,
7947,50229,2023-01-03T16:00:00,BUSINESS_PERMIT,8,29,passed,2023-02-12T16:00:00,44.79,
7948,56920,2023-07-20T04:00:00,BUSINESS_PERMIT,5,40,rejected,2023-09-09T04:00:00,44.43,AUDIT_DONE
7949,34484,2023-03-02T23:00:00,FAMILY_STATUS,4,111,passed,2023-04-15T23:00:00,153.29,
7950,85400,2024-05-04T00:00:00,TAX_CERT,8,48,flagged,2024-06-21T00:00:00,1375.37,AUDIT_DONE
7951,80525,2023-01-02T22:00:00,ID_RENEWAL,5,111,flagged,2023-02-17T22:00:00,1943.75,AUDIT_DONE
7952,72930,2023-03-13T23:00:00,ID_RENEWAL,8,37,rejected,2023-04-03T23:00:00,32.47,AUDIT_DONE
7953,72264,2023-07-05T22:00:00,TAX_CERT,7,19,passed,2023-08-25T22:00:00,18.47,
7954,31709,2024-05-24T01:00:00,BUSINESS_PERMIT,3,38,flagged,2024-07-20T01:00:00,895.11,AUDIT_DONE
7955,34463,2023-06-15T03:00:00,ID_RENEWAL,1,137,passed,2023-08-14T03:00:00,109.92,
7956,80243,2023-03-30T09:00:00,FAMILY_STATUS,12,58,passed,2023-04-21T09:00:00,167.45,
7957,87869,2023-03-10T10:00:00,TAX_CERT,4,24,passed,2023-04-19T10:00:00,141.36,
7958,84427,2023-08-24T01:00:00,BIRTH_CERT,8,60,passed,2023-09-09T01:00:00,117.62,
7959,15353,2024-06-15T15:00:00,FAMILY_STATUS,3,136,passed,2024-07-05T15:00:00,92.26,
7960,87005,2023-05-25T07:00:00,ID_RENEWAL,9,121,passed,2023-06-02T07:00:00,100.87,
7961,30614,2023-01-15T23:00:00,BUSINESS_PERMIT,8,173,flagged,2023-02-09T23:00:00,1539.95,AUDIT_DONE
7962,29553,2024-04-12T23:00:00,FAMILY_STATUS,1,156,flagged,2024-05-12T23:00:00,1435.85,AUDIT_DONE
7963,18926,2023-09-09T18:00:00,TAX_CERT,10,17,passed,2023-10-05T18:00:00,104.69,
7964,94427,2023-05-06T22:00:00,FAMILY_STATUS,8,161,passed,2023-06-25T22:00:00,50.05,
7965,36893,2023-05-05T18:00:00,FAMILY_STATUS,6,65,passed,2023-05-26T18:00:00,34.09,
7966,53424,2023-09-19T01:00:00,ID_RENEWAL,3,96,flagged,2023-10-19T01:00:00,1583.09,AUDIT_DONE
7967,22583,2023-01-10T16:00:00,ID_RENEWAL,9,156,passed,2023-02-14T16:00:00,163.13,
7968,88881,2024-06-19T21:00:00,BIRTH_CERT,8,71,passed,2024-07-17T21:00:00,48.68,
7969,99189,2024-03-19T09:00:00,TAX_CERT,11,102,passed,2024-04-23T09:00:00,111.82,
7970,81696,2023-12-13T08:00:00,ID_RENEWAL,8,127,rejected,2024-01-21T08:00:00,16.53,AUDIT_DONE
7971,78687,2024-04-05T13:00:00,ID_RENEWAL,9,58,passed,2024-05-12T13:00:00,25.88,
7972,78185,2023-04-25T00:00:00,BIRTH_CERT,11,31,flagged,2023-06-09T00:00:00,981.38,AUDIT_DONE
7973,64922,2024-05-06T08:00:00,BIRTH_CERT,5,108,passed,2024-05-18T08:00:00,197.26,
7974,25056,2023-04-01T22:00:00,BIRTH_CERT,6,174,passed,2023-05-17T22:00:00,77.67,
7975,88549,2023-01-20T15:00:00,BUSINESS_PERMIT,1,162,passed,2023-02-03T15:00:00,55.63,
7976,18546,2023-10-23T18:00:00,BIRTH_CERT,3,62,flagged,2023-11-26T18:00:00,1256.47,AUDIT_DONE
7977,31489,2023-01-15T03:00:00,FAMILY_STATUS,8,168,passed,2023-02-09T03:00:00,103.52,
7978,95289,2023-06-15T08:00:00,FAMILY_STATUS,7,119,passed,2023-07-16T08:00:00,43.6,
7979,35247,2024-05-14T06:00:00,FAMILY_STATUS,12,149,passed,2024-06-12T06:00:00,105.81,
7980,57358,2023-07-28T05:00:00,ID_RENEWAL,12,70,rejected,2023-09-11T05:00:00,16.47,AUDIT_DONE
7981,88329,2023-08-30T06:00:00,FAMILY_STATUS,4,18,rejected,2023-10-23T06:00:00,46.65,AUDIT_DONE
7982,55972,2023-10-02T06:00:00,FAMILY_STATUS,3,63,passed,2023-10-23T06:00:00,83.06,
7983,75114,2023-05-07T13:00:00,BUSINESS_PERMIT,10,128,passed,2023-06-25T13:00:00,158.41,
7984,25825,2024-05-08T05:00:00,BIRTH_CERT,1,79,passed,2024-06-15T05:00:00,112.53,
7985,59273,2024-06-09T17:00:00,BIRTH_CERT,11,70,passed,2024-08-02T17:00:00,169.15,
7986,88526,2024-03-11T10:00:00,TAX_CERT,7,73,rejected,2024-03-31T10:00:00,17.97,AUDIT_DONE
7987,62617,2024-06-17T08:00:00,FAMILY_STATUS,1,53,rejected,2024-08-01T08:00:00,24.35,AUDIT_DONE
7988,87543,2024-01-15T22:00:00,FAMILY_STATUS,5,79,passed,2024-02-29T22:00:00,78.61,
7989,10713,2023-06-03T10:00:00,BIRTH_CERT,4,42,passed,2023-06-24T10:00:00,79.38,
7990,24862,2023-01-31T02:00:00,TAX_CERT,2,166,passed,2023-02-18T02:00:00,108.18,
7991,66105,2023-07-13T23:00:00,FAMILY_STATUS,1,43,passed,2023-08-11T23:00:00,5.84,
7992,16248,2024-04-03T05:00:00,ID_RENEWAL,11,52,passed,2024-05-06T05:00:00,133.4,
7993,66516,2024-03-15T02:00:00,FAMILY_STATUS,10,28,flagged,2024-05-13T02:00:00,1092.69,AUDIT_DONE
7994,57350,2023-03-02T22:00:00,ID_RENEWAL,7,152,passed,2023-04-28T22:00:00,108.2,
7995,56423,2024-06-08T09:00:00,ID_RENEWAL,1,76,passed,2024-06-30T09:00:00,181.67,
7996,18382,2023-08-30T03:00:00,BUSINESS_PERMIT,9,136,passed,2023-09-24T03:00:00,92.0,
7997,40167,2023-08-18T05:00:00,BUSINESS_PERMIT,3,135,passed,2023-09-08T05:00:00,81.28,
7998,22156,2024-02-22T21:00:00,BUSINESS_PERMIT,1,48,passed,2024-04-15T21:00:00,29.36,
7999,42489,2023-05-18T03:00:00,ID_RENEWAL,2,143,passed,2023-05-29T03:00:00,106.91,
8000,94024,2023-11-27T02:00:00,BIRTH_CERT,1,40,passed,2023-12-26T02:00:00,122.09,
8001,53624,2023-03-31T08:00:00,BUSINESS_PERMIT,8,161,passed,2023-05-22T08:00:00,133.55,
8002,69025,2023-05-24T07:00:00,BUSINESS_PERMIT,4,10,passed,2023-07-17T07:00:00,91.74,
8003,45889,2024-06-11T16:00:00,FAMILY_STATUS,6,69,passed,2024-07-12T16:00:00,158.22,
8004,37231,2024-06-02T04:00:00,TAX_CERT,10,83,passed,2024-07-09T04:00:00,167.9,
8005,59957,2023-08-13T00:00:00,BUSINESS_PERMIT,1,58,flagged,2023-08-26T00:00:00,1126.9,AUDIT_DONE
8006,16123,2023-06-05T07:00:00,ID_RENEWAL,5,167,passed,2023-07-23T07:00:00,49.49,
8007,10510,2023-05-09T20:00:00,ID_RENEWAL,9,162,flagged,2023-05-16T20:00:00,1511.57,AUDIT_DONE
8008,75887,2023-04-02T04:00:00,ID_RENEWAL,10,89,passed,2023-05-25T04:00:00,97.62,
8009,64736,2024-05-21T23:00:00,TAX_CERT,11,75,passed,2024-06-23T23:00:00,77.28,
8010,93917,2024-04-06T01:00:00,BUSINESS_PERMIT,8,10,passed,2024-04-28T01:00:00,153.44,
8011,52096,2023-07-19T14:00:00,FAMILY_STATUS,12,95,passed,2023-08-10T14:00:00,47.2,
8012,49390,2023-09-27T13:00:00,BUSINESS_PERMIT,12,43,passed,2023-11-18T13:00:00,136.21,
8013,85649,2024-02-19T12:00:00,ID_RENEWAL,1,15,passed,2024-04-15T12:00:00,61.37,
8014,22865,2023-04-04T20:00:00,FAMILY_STATUS,3,98,passed,2023-05-16T20:00:00,45.29,
8015,48963,2023-04-14T09:00:00,ID_RENEWAL,2,140,flagged,2023-06-12T09:00:00,1245.0,AUDIT_DONE
8016,82361,2023-03-01T09:00:00,FAMILY_STATUS,9,155,flagged,2023-03-08T09:00:00,1202.19,AUDIT_DONE
8017,59523,2024-01-31T18:00:00,BIRTH_CERT,6,70,passed,2024-02-27T18:00:00,119.51,
8018,31029,2024-04-23T14:00:00,TAX_CERT,6,95,passed,2024-05-04T14:00:00,175.57,
8019,90264,2023-10-26T00:00:00,ID_RENEWAL,1,21,flagged,2023-11-13T00:00:00,1193.43,AUDIT_DONE
8020,87801,2023-10-28T00:00:00,FAMILY_STATUS,11,23,passed,2023-11-14T00:00:00,96.55,
8021,34308,2023-06-24T00:00:00,ID_RENEWAL,2,38,flagged,2023-08-19T00:00:00,1350.82,AUDIT_DONE
8022,48943,2023-11-04T07:00:00,ID_RENEWAL,5,45,passed,2023-11-19T07:00:00,103.56,
8023,41385,2024-01-04T14:00:00,BUSINESS_PERMIT,8,132,passed,2024-02-22T14:00:00,57.76,
8024,93559,2023-06-02T06:00:00,TAX_CERT,1,180,passed,2023-06-15T06:00:00,63.08,
8025,77372,2024-02-04T23:00:00,BIRTH_CERT,2,129,passed,2024-03-13T23:00:00,50.81,
8026,79928,2024-01-04T06:00:00,FAMILY_STATUS,12,175,passed,2024-01-31T06:00:00,185.98,
8027,51277,2023-09-10T10:00:00,FAMILY_STATUS,6,163,flagged,2023-09-24T10:00:00,1484.65,AUDIT_DONE
8028,74628,2023-04-18T09:00:00,TAX_CERT,4,108,rejected,2023-05-30T09:00:00,14.45,AUDIT_DONE
8029,14270,2023-10-21T07:00:00,BUSINESS_PERMIT,1,139,passed,2023-11-22T07:00:00,111.68,
8030,16528,2023-09-27T20:00:00,BIRTH_CERT,2,77,passed,2023-11-20T20:00:00,30.84,
8031,85231,2024-01-26T18:00:00,ID_RENEWAL,4,64,flagged,2024-03-04T18:00:00,1198.35,AUDIT_DONE
8032,36486,2023-04-14T10:00:00,BIRTH_CERT,6,5,passed,2023-05-18T10:00:00,0.2,
8033,96550,2023-12-14T16:00:00,TAX_CERT,5,86,passed,2024-01-10T16:00:00,1.35,
8034,72142,2024-02-03T11:00:00,BUSINESS_PERMIT,4,124,passed,2024-02-26T11:00:00,173.28,
8035,40856,2024-05-29T01:00:00,FAMILY_STATUS,10,142,passed,2024-07-10T01:00:00,172.01,
8036,33888,2023-02-25T11:00:00,BUSINESS_PERMIT,2,135,passed,2023-03-05T11:00:00,61.59,
8037,33253,2024-01-07T11:00:00,BIRTH_CERT,5,163,passed,2024-01-31T11:00:00,10.58,
8038,81294,2023-12-14T00:00:00,TAX_CERT,4,162,passed,2024-01-14T00:00:00,115.17,
8039,84787,2023-11-03T01:00:00,BIRTH_CERT,3,27,passed,2023-11-29T01:00:00,53.77,
8040,34584,2023-02-12T20:00:00,FAMILY_STATUS,11,162,passed,2023-03-14T20:00:00,5.26,
8041,50619,2023-08-07T00:00:00,BIRTH_CERT,10,109,passed,2023-08-26T00:00:00,87.4,
8042,34926,2023-05-08T13:00:00,BIRTH_CERT,7,14,passed,2023-06-12T13:00:00,64.65,
8043,39102,2023-02-10T08:00:00,TAX_CERT,6,87,passed,2023-02-28T08:00:00,38.41,
8044,16141,2023-03-24T19:00:00,BIRTH_CERT,11,55,passed,2023-04-04T19:00:00,31.11,
8045,81843,2023-05-08T03:00:00,ID_RENEWAL,11,11,passed,2023-05-27T03:00:00,97.82,
8046,77701,2023-02-04T14:00:00,ID_RENEWAL,12,128,flagged,2023-04-02T14:00:00,1470.84,AUDIT_DONE
8047,66343,2024-02-17T17:00:00,BIRTH_CERT,8,3,passed,2024-03-19T17:00:00,83.26,
8048,88303,2024-06-03T09:00:00,BIRTH_CERT,4,51,rejected,2024-06-12T09:00:00,21.68,AUDIT_DONE
8049,48457,2023-08-07T07:00:00,BIRTH_CERT,9,17,passed,2023-10-03T07:00:00,98.08,
8050,40174,2023-02-15T03:00:00,FAMILY_STATUS,5,14,passed,2023-04-01T03:00:00,39.85,
8051,77535,2024-01-21T19:00:00,FAMILY_STATUS,9,154,passed,2024-02-12T19:00:00,95.69,
8052,77796,2023-09-12T18:00:00,ID_RENEWAL,6,55,flagged,2023-10-12T18:00:00,1013.52,AUDIT_DONE
8053,64160,2023-04-03T10:00:00,TAX_CERT,4,171,rejected,2023-05-16T10:00:00,26.06,AUDIT_DONE
8054,24634,2023-01-19T01:00:00,BIRTH_CERT,4,47,flagged,2023-01-26T01:00:00,842.35,AUDIT_DONE
8055,24482,2023-05-19T12:00:00,BUSINESS_PERMIT,11,138,rejected,2023-05-29T12:00:00,43.1,AUDIT_DONE
8056,55300,2023-08-23T16:00:00,ID_RENEWAL,6,83,passed,2023-09-02T16:00:00,72.69,
8057,49435,2023-04-05T22:00:00,TAX_CERT,8,174,rejected,2023-04-17T22:00:00,46.78,AUDIT_DONE
8058,10406,2024-01-31T13:00:00,FAMILY_STATUS,3,76,passed,2024-03-08T13:00:00,82.38,
8059,94441,2023-04-02T02:00:00,BUSINESS_PERMIT,1,129,passed,2023-04-20T02:00:00,126.34,
8060,43902,2023-10-10T19:00:00,BIRTH_CERT,2,52,rejected,2023-11-16T19:00:00,32.82,AUDIT_DONE
8061,38153,2024-01-03T12:00:00,ID_RENEWAL,5,36,passed,2024-02-26T12:00:00,98.33,
8062,32925,2024-03-29T15:00:00,FAMILY_STATUS,10,18,passed,2024-05-03T15:00:00,155.22,
8063,35099,2024-02-24T11:00:00,FAMILY_STATUS,7,58,flagged,2024-03-18T11:00:00,1395.99,AUDIT_DONE
8064,13210,2023-03-17T19:00:00,TAX_CERT,1,7,flagged,2023-03-25T19:00:00,1780.55,AUDIT_DONE
8065,13680,2023-09-14T05:00:00,BUSINESS_PERMIT,1,19,flagged,2023-10-15T05:00:00,1339.09,AUDIT_DONE
8066,81308,2024-02-12T04:00:00,BUSINESS_PERMIT,6,172,passed,2024-03-20T04:00:00,195.29,
8067,47622,2023-10-30T09:00:00,TAX_CERT,2,25,passed,2023-12-08T09:00:00,100.59,
8068,92746,2023-04-06T15:00:00,TAX_CERT,12,45,rejected,2023-06-01T15:00:00,24.32,AUDIT_DONE
8069,71977,2023-03-21T22:00:00,BIRTH_CERT,10,66,passed,2023-04-15T22:00:00,148.32,
8070,78806,2023-03-30T06:00:00,FAMILY_STATUS,7,123,passed,2023-05-02T06:00:00,14.02,
8071,60309,2024-05-30T20:00:00,TAX_CERT,12,146,passed,2024-06-15T20:00:00,15.07,
8072,55109,2023-05-10T14:00:00,ID_RENEWAL,10,79,passed,2023-07-06T14:00:00,70.08,
8073,72468,2024-04-21T07:00:00,ID_RENEWAL,4,51,flagged,2024-05-31T07:00:00,1524.12,AUDIT_DONE
8074,57222,2023-08-16T16:00:00,TAX_CERT,3,71,flagged,2023-09-26T16:00:00,1892.5,AUDIT_DONE
8075,50120,2024-05-23T01:00:00,FAMILY_STATUS,5,158,passed,2024-06-16T01:00:00,133.05,
8076,66823,2024-02-04T06:00:00,FAMILY_STATUS,11,76,passed,2024-03-18T06:00:00,96.19,
8077,26660,2023-05-05T07:00:00,TAX_CERT,2,22,passed,2023-06-04T07:00:00,189.79,
8078,80849,2023-03-17T20:00:00,BIRTH_CERT,9,24,passed,2023-04-15T20:00:00,151.11,
8079,63972,2023-03-15T05:00:00,BUSINESS_PERMIT,4,109,flagged,2023-04-24T05:00:00,1673.82,AUDIT_DONE
8080,58685,2023-02-03T16:00:00,ID_RENEWAL,11,142,rejected,2023-02-25T16:00:00,11.61,AUDIT_DONE
8081,44670,2023-03-15T07:00:00,BIRTH_CERT,11,150,passed,2023-04-11T07:00:00,33.01,
8082,96386,2023-10-21T11:00:00,ID_RENEWAL,8,5,passed,2023-12-01T11:00:00,93.93,
8083,73033,2023-02-27T02:00:00,TAX_CERT,11,55,flagged,2023-03-09T02:00:00,1133.84,AUDIT_DONE
8084,67532,2023-02-28T16:00:00,FAMILY_STATUS,2,75,passed,2023-03-21T16:00:00,36.1,
8085,59033,2024-03-24T08:00:00,ID_RENEWAL,12,88,passed,2024-05-18T08:00:00,198.34,
8086,44370,2024-03-28T07:00:00,BIRTH_CERT,11,50,passed,2024-05-18T07:00:00,81.3,
8087,83850,2024-04-11T12:00:00,ID_RENEWAL,6,115,passed,2024-05-11T12:00:00,191.68,
8088,67481,2024-03-06T12:00:00,TAX_CERT,6,86,passed,2024-05-02T12:00:00,185.68,
8089,72936,2024-02-01T08:00:00,ID_RENEWAL,3,20,flagged,2024-02-15T08:00:00,1321.01,AUDIT_DONE
8090,47227,2023-11-08T15:00:00,FAMILY_STATUS,3,45,flagged,2024-01-04T15:00:00,950.62,AUDIT_DONE
8091,46968,2023-07-25T03:00:00,FAMILY_STATUS,10,104,flagged,2023-08-25T03:00:00,1180.85,AUDIT_DONE
8092,13656,2023-04-11T17:00:00,BIRTH_CERT,11,4,flagged,2023-04-18T17:00:00,1121.7,AUDIT_DONE
8093,96914,2023-11-29T23:00:00,BIRTH_CERT,4,133,flagged,2024-01-17T23:00:00,1765.53,AUDIT_DONE
8094,90387,2023-10-07T05:00:00,BIRTH_CERT,1,120,flagged,2023-10-20T05:00:00,1277.45,AUDIT_DONE
8095,53141,2023-02-08T20:00:00,BIRTH_CERT,10,119,passed,2023-03-14T20:00:00,158.72,
8096,78602,2023-03-23T07:00:00,BUSINESS_PERMIT,2,27,passed,2023-05-11T07:00:00,99.91,
8097,99284,2024-06-15T23:00:00,ID_RENEWAL,2,86,passed,2024-07-29T23:00:00,52.18,
8098,98540,2024-03-08T15:00:00,BIRTH_CERT,2,109,flagged,2024-03-18T15:00:00,1320.29,AUDIT_DONE
8099,25498,2024-06-22T13:00:00,BUSINESS_PERMIT,7,127,flagged,2024-07-20T13:00:00,1456.19,AUDIT_DONE
8100,95818,2023-07-02T00:00:00,BIRTH_CERT,4,143,rejected,2023-07-18T00:00:00,41.48,AUDIT_DONE
8101,47807,2024-01-10T14:00:00,ID_RENEWAL,10,77,flagged,2024-02-07T14:00:00,879.19,AUDIT_DONE
8102,23852,2024-01-12T00:00:00,BIRTH_CERT,7,132,flagged,2024-01-24T00:00:00,1469.07,AUDIT_DONE
8103,74215,2023-04-04T02:00:00,TAX_CERT,7,174,flagged,2023-05-15T02:00:00,1817.02,AUDIT_DONE
8104,90584,2023-10-06T16:00:00,BUSINESS_PERMIT,1,144,flagged,2023-10-29T16:00:00,940.08,AUDIT_DONE
8105,84887,2024-02-26T14:00:00,FAMILY_STATUS,6,118,passed,2024-03-28T14:00:00,139.17,
8106,47647,2023-10-25T00:00:00,TAX_CERT,3,50,passed,2023-11-13T00:00:00,156.35,
8107,91085,2024-01-30T17:00:00,FAMILY_STATUS,4,157,passed,2024-03-14T17:00:00,134.2,
8108,12871,2024-04-17T03:00:00,ID_RENEWAL,4,163,passed,2024-05-23T03:00:00,163.82,
8109,45508,2023-04-19T13:00:00,ID_RENEWAL,9,75,passed,2023-05-06T13:00:00,125.13,
8110,34785,2023-06-28T07:00:00,ID_RENEWAL,9,114,flagged,2023-08-17T07:00:00,1443.25,AUDIT_DONE
8111,16728,2023-07-27T17:00:00,FAMILY_STATUS,2,76,flagged,2023-09-24T17:00:00,1270.96,AUDIT_DONE
8112,28902,2023-01-03T18:00:00,BIRTH_CERT,7,179,flagged,2023-02-06T18:00:00,1684.98,AUDIT_DONE
8113,67957,2023-06-14T04:00:00,BUSINESS_PERMIT,6,146,flagged,2023-07-03T04:00:00,1653.22,AUDIT_DONE
8114,68311,2023-06-22T03:00:00,TAX_CERT,1,145,passed,2023-07-10T03:00:00,71.93,
8115,86273,2024-03-25T04:00:00,ID_RENEWAL,1,111,passed,2024-04-18T04:00:00,73.72,
8116,97312,2024-01-08T18:00:00,TAX_CERT,8,55,rejected,2024-02-04T18:00:00,12.03,AUDIT_DONE
8117,77699,2024-04-28T08:00:00,TAX_CERT,6,177,flagged,2024-06-23T08:00:00,1937.82,AUDIT_DONE
8118,26124,2023-01-05T22:00:00,BUSINESS_PERMIT,7,144,flagged,2023-02-14T22:00:00,1476.4,AUDIT_DONE
8119,27776,2023-02-22T08:00:00,BUSINESS_PERMIT,10,177,passed,2023-03-20T08:00:00,29.79,
8120,69242,2023-03-28T18:00:00,BIRTH_CERT,2,110,rejected,2023-04-17T18:00:00,43.54,AUDIT_DONE
8121,31836,2024-06-19T00:00:00,BIRTH_CERT,1,69,flagged,2024-06-26T00:00:00,1336.9,AUDIT_DONE
8122,10354,2023-06-22T06:00:00,BIRTH_CERT,10,114,passed,2023-07-30T06:00:00,173.02,
8123,49343,2024-03-26T15:00:00,TAX_CERT,1,18,passed,2024-05-19T15:00:00,33.64,
8124,85172,2023-10-01T09:00:00,TAX_CERT,4,23,passed,2023-11-16T09:00:00,191.0,
8125,14616,2023-05-27T03:00:00,ID_RENEWAL,1,55,rejected,2023-06-19T03:00:00,23.59,AUDIT_DONE
8126,87231,2023-07-08T23:00:00,BIRTH_CERT,6,171,flagged,2023-07-16T23:00:00,976.41,AUDIT_DONE
8127,41087,2023-08-09T03:00:00,FAMILY_STATUS,12,132,flagged,2023-08-19T03:00:00,1932.86,AUDIT_DONE
8128,94172,2023-07-12T00:00:00,TAX_CERT,8,27,passed,2023-08-23T00:00:00,108.25,
8129,82000,2023-02-12T10:00:00,TAX_CERT,12,79,passed,2023-04-10T10:00:00,157.97,
8130,61981,2024-05-20T20:00:00,BIRTH_CERT,6,176,flagged,2024-07-11T20:00:00,1453.54,AUDIT_DONE
8131,99104,2024-01-13T17:00:00,FAMILY_STATUS,2,153,rejected,2024-02-24T17:00:00,14.01,AUDIT_DONE
8132,32411,2024-03-02T20:00:00,BIRTH_CERT,8,67,passed,2024-03-21T20:00:00,31.25,
8133,22267,2024-02-13T08:00:00,BUSINESS_PERMIT,3,86,passed,2024-03-20T08:00:00,81.51,
8134,49116,2023-10-27T04:00:00,ID_RENEWAL,7,93,flagged,2023-12-24T04:00:00,1453.07,AUDIT_DONE
8135,66749,2024-02-22T13:00:00,ID_RENEWAL,2,39,passed,2024-03-04T13:00:00,5.1,
8136,82687,2023-04-13T05:00:00,ID_RENEWAL,11,70,flagged,2023-06-12T05:00:00,1989.69,AUDIT_DONE
8137,13011,2023-04-14T22:00:00,BIRTH_CERT,7,14,passed,2023-04-27T22:00:00,35.72,
8138,83531,2024-02-14T19:00:00,FAMILY_STATUS,11,42,passed,2024-03-16T19:00:00,36.23,
8139,50895,2024-04-25T05:00:00,ID_RENEWAL,12,5,passed,2024-05-06T05:00:00,75.94,
8140,48941,2023-02-05T18:00:00,ID_RENEWAL,3,72,passed,2023-03-06T18:00:00,36.4,
8141,61618,2023-12-19T13:00:00,ID_RENEWAL,9,180,passed,2024-01-31T13:00:00,29.61,
8142,98466,2024-05-18T05:00:00,TAX_CERT,5,118,rejected,2024-06-25T05:00:00,6.88,AUDIT_DONE
8143,50461,2023-03-11T16:00:00,FAMILY_STATUS,9,146,passed,2023-03-21T16:00:00,86.82,
8144,56379,2024-02-03T04:00:00,BUSINESS_PERMIT,1,54,passed,2024-03-27T04:00:00,186.22,
8145,46906,2023-03-17T18:00:00,TAX_CERT,10,20,passed,2023-04-05T18:00:00,135.95,
8146,83177,2023-03-17T08:00:00,ID_RENEWAL,3,24,passed,2023-05-04T08:00:00,4.95,
8147,87725,2023-08-25T13:00:00,ID_RENEWAL,11,98,flagged,2023-10-23T13:00:00,1517.04,AUDIT_DONE
8148,32668,2024-05-21T01:00:00,BUSINESS_PERMIT,4,133,flagged,2024-06-15T01:00:00,1818.51,AUDIT_DONE
8149,97482,2023-04-28T23:00:00,FAMILY_STATUS,4,68,passed,2023-05-31T23:00:00,97.89,
8150,22748,2023-05-17T04:00:00,BUSINESS_PERMIT,3,81,passed,2023-07-11T04:00:00,159.67,
8151,84892,2023-10-25T01:00:00,FAMILY_STATUS,1,72,flagged,2023-12-16T01:00:00,1886.83,AUDIT_DONE
8152,57676,2023-06-16T08:00:00,BUSINESS_PERMIT,2,69,passed,2023-08-15T08:00:00,56.17,
8153,15508,2023-11-12T13:00:00,ID_RENEWAL,7,56,passed,2023-12-21T13:00:00,15.9,
8154,56752,2023-05-23T23:00:00,BIRTH_CERT,1,99,passed,2023-06-30T23:00:00,70.77,
8155,56660,2024-05-03T19:00:00,BUSINESS_PERMIT,5,153,passed,2024-06-08T19:00:00,178.93,
8156,43498,2023-10-15T12:00:00,BIRTH_CERT,11,109,passed,2023-11-19T12:00:00,79.35,
8157,46481,2023-04-06T07:00:00,ID_RENEWAL,5,180,passed,2023-05-20T07:00:00,78.6,
8158,43535,2023-08-06T05:00:00,FAMILY_STATUS,5,37,passed,2023-09-26T05:00:00,84.65,
8159,93190,2023-07-24T22:00:00,TAX_CERT,3,174,passed,2023-09-13T22:00:00,199.6,
8160,35119,2023-05-03T09:00:00,FAMILY_STATUS,7,25,passed,2023-06-11T09:00:00,56.81,
8161,35152,2023-02-13T01:00:00,BUSINESS_PERMIT,6,129,passed,2023-03-27T01:00:00,123.63,
8162,21220,2024-01-10T02:00:00,BIRTH_CERT,5,103,passed,2024-02-28T02:00:00,64.54,
8163,14347,2023-08-21T15:00:00,ID_RENEWAL,7,91,passed,2023-10-15T15:00:00,91.46,
8164,16480,2023-11-25T14:00:00,BUSINESS_PERMIT,9,56,flagged,2024-01-05T14:00:00,909.49,AUDIT_DONE
8165,52394,2024-01-02T01:00:00,FAMILY_STATUS,10,85,passed,2024-01-22T01:00:00,186.65,
8166,89641,2024-01-17T03:00:00,FAMILY_STATUS,4,111,rejected,2024-03-10T03:00:00,1.87,AUDIT_DONE
8167,53595,2023-06-29T23:00:00,BIRTH_CERT,3,177,flagged,2023-08-10T23:00:00,1598.32,AUDIT_DONE
8168,22686,2023-11-26T00:00:00,FAMILY_STATUS,4,26,passed,2024-01-25T00:00:00,151.46,
8169,84778,2023-12-11T18:00:00,TAX_CERT,6,148,passed,2024-01-10T18:00:00,182.64,
8170,52290,2023-10-02T02:00:00,TAX_CERT,10,178,passed,2023-10-30T02:00:00,86.68,
8171,10037,2024-01-24T01:00:00,TAX_CERT,2,140,passed,2024-03-20T01:00:00,129.18,
8172,80424,2023-05-13T17:00:00,TAX_CERT,1,172,passed,2023-06-01T17:00:00,138.77,
8173,25875,2024-02-11T02:00:00,BUSINESS_PERMIT,5,69,rejected,2024-03-28T02:00:00,34.77,AUDIT_DONE
8174,25814,2023-06-09T02:00:00,ID_RENEWAL,11,108,passed,2023-07-20T02:00:00,62.31,
8175,25494,2023-04-12T09:00:00,BUSINESS_PERMIT,7,142,passed,2023-04-26T09:00:00,35.55,
8176,43741,2023-08-29T15:00:00,FAMILY_STATUS,1,45,passed,2023-10-28T15:00:00,41.8,
8177,39314,2023-02-12T06:00:00,ID_RENEWAL,6,84,passed,2023-03-20T06:00:00,119.77,
8178,19765,2023-07-23T21:00:00,TAX_CERT,2,39,passed,2023-09-19T21:00:00,160.66,
8179,89252,2023-11-14T06:00:00,ID_RENEWAL,5,171,passed,2023-11-29T06:00:00,139.43,
8180,43799,2023-07-26T22:00:00,ID_RENEWAL,7,46,passed,2023-08-19T22:00:00,45.4,
8181,11226,2024-01-29T00:00:00,FAMILY_STATUS,2,75,passed,2024-02-13T00:00:00,22.57,
8182,91144,2023-10-09T19:00:00,TAX_CERT,9,73,passed,2023-10-30T19:00:00,90.35,
8183,99815,2024-03-11T01:00:00,TAX_CERT,1,123,passed,2024-03-30T01:00:00,21.8,
8184,46086,2024-01-14T07:00:00,ID_RENEWAL,4,178,passed,2024-02-29T07:00:00,85.73,
8185,55853,2024-03-29T11:00:00,BUSINESS_PERMIT,2,129,passed,2024-05-17T11:00:00,0.64,
8186,41294,2024-01-12T17:00:00,BIRTH_CERT,3,87,rejected,2024-03-06T17:00:00,13.05,AUDIT_DONE
8187,54612,2024-03-12T17:00:00,BIRTH_CERT,12,97,passed,2024-05-01T17:00:00,39.74,
8188,88169,2024-05-13T19:00:00,ID_RENEWAL,1,87,passed,2024-05-22T19:00:00,162.4,
8189,60641,2024-05-07T04:00:00,TAX_CERT,10,65,rejected,2024-06-03T04:00:00,33.64,AUDIT_DONE
8190,88885,2024-02-01T13:00:00,BUSINESS_PERMIT,7,114,passed,2024-02-21T13:00:00,182.55,
8191,53781,2023-07-02T22:00:00,FAMILY_STATUS,9,102,passed,2023-08-07T22:00:00,108.96,
8192,57000,2024-05-16T00:00:00,BIRTH_CERT,2,172,passed,2024-06-04T00:00:00,16.7,
8193,77074,2023-07-15T19:00:00,TAX_CERT,4,146,passed,2023-08-01T19:00:00,179.78,
8194,60061,2024-06-07T03:00:00,ID_RENEWAL,6,107,passed,2024-08-04T03:00:00,124.98,
8195,70920,2023-10-28T01:00:00,ID_RENEWAL,3,143,passed,2023-12-03T01:00:00,56.32,
8196,30770,2024-01-29T08:00:00,BIRTH_CERT,9,21,passed,2024-03-09T08:00:00,67.44,
8197,15821,2023-06-08T08:00:00,BUSINESS_PERMIT,12,73,rejected,2023-07-05T08:00:00,11.59,AUDIT_DONE
8198,91480,2024-06-13T09:00:00,BUSINESS_PERMIT,4,152,passed,2024-08-01T09:00:00,159.88,
8199,29348,2023-01-28T12:00:00,TAX_CERT,12,38,flagged,2023-03-21T12:00:00,1035.6,AUDIT_DONE
8200,75836,2023-04-23T19:00:00,BUSINESS_PERMIT,3,150,passed,2023-06-16T19:00:00,184.47,
8201,11947,2023-10-13T11:00:00,TAX_CERT,5,93,passed,2023-12-10T11:00:00,135.97,
8202,57263,2023-05-05T20:00:00,BIRTH_CERT,11,139,passed,2023-06-05T20:00:00,179.33,
8203,92736,2023-07-07T15:00:00,TAX_CERT,10,153,flagged,2023-07-21T15:00:00,1911.36,AUDIT_DONE
8204,70372,2024-02-27T09:00:00,BUSINESS_PERMIT,6,73,passed,2024-03-13T09:00:00,197.63,
8205,91753,2023-05-08T18:00:00,BIRTH_CERT,12,89,passed,2023-05-22T18:00:00,190.34,
8206,71698,2023-09-27T03:00:00,TAX_CERT,12,59,passed,2023-11-01T03:00:00,62.04,
8207,25237,2023-04-09T03:00:00,FAMILY_STATUS,9,129,rejected,2023-04-18T03:00:00,43.14,AUDIT_DONE
8208,87532,2024-04-02T22:00:00,BUSINESS_PERMIT,1,143,passed,2024-05-22T22:00:00,39.81,
8209,99483,2023-04-23T15:00:00,BIRTH_CERT,11,37,passed,2023-05-08T15:00:00,171.18,
8210,76457,2023-09-22T22:00:00,ID_RENEWAL,5,44,rejected,2023-11-08T22:00:00,48.64,AUDIT_DONE
8211,89672,2023-09-28T11:00:00,BIRTH_CERT,6,157,rejected,2023-11-08T11:00:00,48.82,AUDIT_DONE
8212,50082,2024-01-17T03:00:00,FAMILY_STATUS,3,28,passed,2024-02-23T03:00:00,134.86,
8213,38533,2024-03-30T11:00:00,BUSINESS_PERMIT,7,59,passed,2024-05-08T11:00:00,24.83,
8214,26138,2023-01-25T09:00:00,TAX_CERT,8,11,flagged,2023-03-02T09:00:00,1031.42,AUDIT_DONE
8215,10968,2024-01-07T00:00:00,TAX_CERT,7,131,passed,2024-01-22T00:00:00,146.54,
8216,96306,2024-01-12T16:00:00,BUSINESS_PERMIT,2,62,rejected,2024-02-28T16:00:00,46.36,AUDIT_DONE
8217,44597,2023-12-05T02:00:00,FAMILY_STATUS,10,175,rejected,2024-01-25T02:00:00,31.7,AUDIT_DONE
8218,40535,2023-06-03T08:00:00,FAMILY_STATUS,1,94,passed,2023-06-21T08:00:00,113.28,
8219,56934,2023-03-06T18:00:00,TAX_CERT,11,160,passed,2023-04-02T18:00:00,103.49,
8220,57838,2023-06-23T19:00:00,BIRTH_CERT,3,157,passed,2023-07-11T19:00:00,157.34,
8221,30676,2023-10-18T11:00:00,ID_RENEWAL,9,82,rejected,2023-11-02T11:00:00,42.1,AUDIT_DONE
8222,85736,2023-11-26T09:00:00,ID_RENEWAL,12,129,flagged,2023-12-14T09:00:00,1342.61,AUDIT_DONE
8223,68711,2023-07-10T19:00:00,TAX_CERT,9,169,passed,2023-08-11T19:00:00,136.55,
8224,92821,2023-09-12T20:00:00,BUSINESS_PERMIT,6,174,flagged,2023-09-20T20:00:00,1082.84,AUDIT_DONE
8225,89746,2023-08-09T04:00:00,FAMILY_STATUS,4,14,passed,2023-08-21T04:00:00,14.86,
8226,25650,2023-12-31T15:00:00,BUSINESS_PERMIT,7,49,passed,2024-02-17T15:00:00,176.78,
8227,71964,2024-02-28T04:00:00,FAMILY_STATUS,2,90,passed,2024-04-28T04:00:00,127.06,
8228,12137,2024-01-21T06:00:00,TAX_CERT,8,73,flagged,2024-03-09T06:00:00,861.09,AUDIT_DONE
8229,60591,2024-02-28T12:00:00,BIRTH_CERT,4,133,passed,2024-03-14T12:00:00,141.14,
8230,53735,2024-04-10T03:00:00,TAX_CERT,11,117,passed,2024-04-18T03:00:00,100.53,
8231,34430,2023-03-10T17:00:00,BIRTH_CERT,11,142,passed,2023-03-28T17:00:00,109.24,
8232,45737,2024-06-10T20:00:00,BUSINESS_PERMIT,8,100,flagged,2024-07-16T20:00:00,1335.34,AUDIT_DONE
8233,83007,2023-03-01T00:00:00,TAX_CERT,4,76,passed,2023-04-12T00:00:00,152.51,
8234,87104,2024-06-24T14:00:00,FAMILY_STATUS,1,61,passed,2024-08-07T14:00:00,95.36,
8235,72487,2024-03-31T08:00:00,ID_RENEWAL,6,4,flagged,2024-05-15T08:00:00,1986.07,AUDIT_DONE
8236,96508,2024-03-13T08:00:00,ID_RENEWAL,11,67,passed,2024-04-19T08:00:00,193.05,
8237,22709,2023-06-27T21:00:00,FAMILY_STATUS,6,59,flagged,2023-07-10T21:00:00,1961.77,AUDIT_DONE
8238,28018,2023-12-03T20:00:00,BUSINESS_PERMIT,6,47,flagged,2023-12-11T20:00:00,1112.27,AUDIT_DONE
8239,77364,2023-07-08T01:00:00,TAX_CERT,2,93,passed,2023-07-16T01:00:00,22.9,
8240,93301,2023-12-26T06:00:00,ID_RENEWAL,2,20,flagged,2024-01-22T06:00:00,1565.16,AUDIT_DONE
8241,82156,2023-12-27T04:00:00,BIRTH_CERT,3,53,passed,2024-01-06T04:00:00,158.43,
8242,73994,2024-03-08T00:00:00,BUSINESS_PERMIT,11,123,flagged,2024-03-28T00:00:00,1884.99,AUDIT_DONE
8243,11306,2024-01-28T14:00:00,BUSINESS_PERMIT,1,169,flagged,2024-02-28T14:00:00,1850.11,AUDIT_DONE
8244,22516,2023-02-24T10:00:00,ID_RENEWAL,12,16,flagged,2023-03-25T10:00:00,1147.72,AUDIT_DONE
8245,96431,2023-08-23T05:00:00,FAMILY_STATUS,9,71,passed,2023-09-05T05:00:00,139.55,
8246,84075,2023-10-15T01:00:00,TAX_CERT,8,159,passed,2023-11-24T01:00:00,40.43,
8247,66786,2023-11-25T07:00:00,ID_RENEWAL,2,117,passed,2023-12-20T07:00:00,29.29,
8248,18745,2023-12-26T21:00:00,TAX_CERT,6,41,passed,2024-01-07T21:00:00,130.21,
8249,81980,2023-09-24T02:00:00,BIRTH_CERT,5,142,flagged,2023-10-27T02:00:00,924.78,AUDIT_DONE
8250,32871,2023-05-17T12:00:00,BUSINESS_PERMIT,6,139,passed,2023-07-03T12:00:00,65.59,
8251,81588,2023-09-03T17:00:00,FAMILY_STATUS,4,167,rejected,2023-10-12T17:00:00,20.5,AUDIT_DONE
8252,52604,2024-02-22T00:00:00,BUSINESS_PERMIT,12,105,rejected,2024-03-17T00:00:00,49.66,AUDIT_DONE
8253,20567,2024-06-06T20:00:00,BIRTH_CERT,5,113,passed,2024-06-26T20:00:00,121.42,
8254,33648,2024-01-19T15:00:00,TAX_CERT,10,171,passed,2024-02-01T15:00:00,66.08,
8255,95481,2023-09-16T08:00:00,BIRTH_CERT,11,156,passed,2023-10-22T08:00:00,43.53,
8256,18120,2023-11-13T10:00:00,TAX_CERT,8,129,passed,2024-01-05T10:00:00,119.22,
8257,95933,2023-08-28T01:00:00,BUSINESS_PERMIT,8,122,passed,2023-09-23T01:00:00,199.23,
8258,65301,2023-12-04T21:00:00,ID_RENEWAL,1,168,rejected,2024-01-15T21:00:00,46.52,AUDIT_DONE
8259,14138,2023-03-18T02:00:00,BIRTH_CERT,9,64,passed,2023-03-29T02:00:00,167.02,
8260,38709,2023-03-16T17:00:00,BUSINESS_PERMIT,12,154,passed,2023-05-10T17:00:00,139.01,
8261,95805,2024-06-24T01:00:00,FAMILY_STATUS,2,29,passed,2024-08-02T01:00:00,91.81,
8262,98308,2023-10-11T22:00:00,TAX_CERT,5,66,passed,2023-12-06T22:00:00,175.42,
8263,18427,2023-12-24T12:00:00,BIRTH_CERT,8,35,passed,2024-02-13T12:00:00,165.48,
8264,99020,2023-12-06T02:00:00,TAX_CERT,2,2,passed,2024-01-25T02:00:00,72.45,
8265,56753,2024-02-16T11:00:00,ID_RENEWAL,9,164,rejected,2024-03-15T11:00:00,3.54,AUDIT_DONE
8266,10901,2023-11-04T13:00:00,BIRTH_CERT,3,175,flagged,2023-11-11T13:00:00,813.14,AUDIT_DONE
8267,65227,2024-06-08T17:00:00,FAMILY_STATUS,12,134,passed,2024-07-26T17:00:00,183.76,
8268,76463,2023-04-20T09:00:00,FAMILY_STATUS,4,118,flagged,2023-05-08T09:00:00,998.68,AUDIT_DONE
8269,83884,2023-11-30T13:00:00,TAX_CERT,10,176,passed,2023-12-24T13:00:00,168.11,
8270,36321,2023-12-30T09:00:00,TAX_CERT,9,143,passed,2024-02-06T09:00:00,8.98,
8271,15344,2024-04-19T13:00:00,TAX_CERT,12,19,passed,2024-06-11T13:00:00,196.18,
8272,51815,2024-04-03T15:00:00,TAX_CERT,8,64,passed,2024-04-20T15:00:00,1.87,
8273,51115,2024-04-10T21:00:00,ID_RENEWAL,6,149,passed,2024-05-21T21:00:00,66.04,
8274,12621,2023-12-22T21:00:00,BUSINESS_PERMIT,2,161,passed,2024-02-09T21:00:00,54.82,
8275,78384,2023-09-29T13:00:00,BIRTH_CERT,8,35,passed,2023-11-14T13:00:00,91.62,
8276,16156,2023-03-25T03:00:00,BUSINESS_PERMIT,9,130,passed,2023-05-18T03:00:00,151.31,
8277,51697,2024-01-22T21:00:00,BIRTH_CERT,1,83,passed,2024-02-21T21:00:00,153.36,
8278,63253,2024-04-19T01:00:00,BIRTH_CERT,5,37,passed,2024-05-25T01:00:00,138.46,
8279,87013,2024-02-21T15:00:00,BUSINESS_PERMIT,12,64,passed,2024-03-16T15:00:00,74.65,
8280,74943,2024-01-27T00:00:00,TAX_CERT,8,2,passed,2024-02-16T00:00:00,126.85,
8281,62828,2023-08-03T17:00:00,BUSINESS_PERMIT,1,93,passed,2023-08-17T17:00:00,195.17,
8282,33765,2023-07-04T19:00:00,BUSINESS_PERMIT,7,173,flagged,2023-08-29T19:00:00,1426.95,AUDIT_DONE
8283,44805,2023-08-23T08:00:00,TAX_CERT,3,135,passed,2023-10-20T08:00:00,11.75,
8284,92638,2024-02-11T17:00:00,BUSINESS_PERMIT,6,176,passed,2024-02-18T17:00:00,78.83,
8285,41354,2024-06-02T16:00:00,TAX_CERT,10,85,rejected,2024-07-17T16:00:00,48.58,AUDIT_DONE
8286,14136,2023-03-14T19:00:00,FAMILY_STATUS,2,172,flagged,2023-04-02T19:00:00,1688.74,AUDIT_DONE
8287,79729,2023-11-01T04:00:00,FAMILY_STATUS,2,123,passed,2023-11-27T04:00:00,199.12,
8288,13249,2024-03-02T08:00:00,FAMILY_STATUS,6,4,passed,2024-03-25T08:00:00,82.94,
8289,60670,2023-10-26T03:00:00,FAMILY_STATUS,7,56,passed,2023-12-17T03:00:00,144.95,
8290,12080,2023-04-08T15:00:00,FAMILY_STATUS,1,14,passed,2023-05-22T15:00:00,43.79,
8291,98216,2024-03-27T08:00:00,BUSINESS_PERMIT,3,30,passed,2024-04-30T08:00:00,181.95,
8292,52724,2023-01-22T11:00:00,BUSINESS_PERMIT,11,129,passed,2023-03-19T11:00:00,166.34,
8293,16832,2023-01-07T04:00:00,BIRTH_CERT,12,144,passed,2023-02-14T04:00:00,19.36,
8294,72570,2024-06-03T16:00:00,FAMILY_STATUS,1,113,flagged,2024-06-13T16:00:00,1130.61,AUDIT_DONE
8295,59706,2023-08-29T00:00:00,BIRTH_CERT,9,178,passed,2023-09-14T00:00:00,92.39,
8296,67188,2024-03-09T12:00:00,ID_RENEWAL,8,58,passed,2024-04-18T12:00:00,63.02,
8297,52285,2023-04-02T23:00:00,FAMILY_STATUS,6,10,passed,2023-05-14T23:00:00,74.32,
8298,86618,2023-03-11T22:00:00,TAX_CERT,5,177,passed,2023-04-18T22:00:00,13.51,
8299,28581,2023-04-24T04:00:00,BUSINESS_PERMIT,8,17,flagged,2023-05-21T04:00:00,1946.02,AUDIT_DONE
8300,66401,2023-04-05T15:00:00,BIRTH_CERT,2,132,passed,2023-05-19T15:00:00,12.03,
8301,67282,2023-09-04T22:00:00,FAMILY_STATUS,12,122,passed,2023-09-15T22:00:00,5.42,
8302,82605,2023-11-19T08:00:00,ID_RENEWAL,8,21,passed,2023-12-16T08:00:00,26.81,
8303,14653,2024-02-22T06:00:00,FAMILY_STATUS,5,142,flagged,2024-04-22T06:00:00,1073.74,AUDIT_DONE
8304,97582,2023-09-05T12:00:00,FAMILY_STATUS,3,96,passed,2023-09-19T12:00:00,78.19,
8305,82955,2023-09-09T23:00:00,ID_RENEWAL,11,155,flagged,2023-10-07T23:00:00,1087.48,AUDIT_DONE
8306,59539,2024-05-26T22:00:00,ID_RENEWAL,7,43,rejected,2024-06-29T22:00:00,0.17,AUDIT_DONE
8307,18530,2023-01-29T02:00:00,BIRTH_CERT,1,112,rejected,2023-03-21T02:00:00,45.57,AUDIT_DONE
8308,36568,2023-12-22T23:00:00,TAX_CERT,9,18,flagged,2024-02-06T23:00:00,909.88,AUDIT_DONE
8309,56743,2024-03-17T10:00:00,ID_RENEWAL,4,110,rejected,2024-04-12T10:00:00,38.68,AUDIT_DONE
8310,39779,2023-03-20T17:00:00,BUSINESS_PERMIT,2,144,passed,2023-03-30T17:00:00,72.62,
8311,47343,2023-11-05T22:00:00,TAX_CERT,4,99,passed,2023-11-16T22:00:00,35.36,
8312,52974,2024-02-01T03:00:00,TAX_CERT,9,155,passed,2024-02-12T03:00:00,26.09,
8313,37830,2023-03-10T04:00:00,BIRTH_CERT,2,168,flagged,2023-05-06T04:00:00,1549.51,AUDIT_DONE
8314,95181,2024-04-10T06:00:00,TAX_CERT,1,12,passed,2024-05-02T06:00:00,7.78,
8315,39777,2024-06-01T18:00:00,BUSINESS_PERMIT,8,155,flagged,2024-07-07T18:00:00,1632.88,AUDIT_DONE
8316,23482,2024-04-17T11:00:00,ID_RENEWAL,7,177,rejected,2024-06-04T11:00:00,45.84,AUDIT_DONE
8317,89826,2023-11-12T11:00:00,FAMILY_STATUS,3,9,passed,2023-12-10T11:00:00,193.69,
8318,35339,2023-01-07T06:00:00,TAX_CERT,8,99,passed,2023-01-19T06:00:00,59.78,
8319,27712,2023-01-24T18:00:00,FAMILY_STATUS,9,66,flagged,2023-03-17T18:00:00,1233.22,AUDIT_DONE
8320,19318,2023-11-28T09:00:00,FAMILY_STATUS,10,66,flagged,2023-12-26T09:00:00,1002.88,AUDIT_DONE
8321,66515,2023-04-04T07:00:00,ID_RENEWAL,7,52,passed,2023-05-14T07:00:00,176.2,
8322,66041,2023-08-29T06:00:00,ID_RENEWAL,12,49,rejected,2023-09-27T06:00:00,10.68,AUDIT_DONE
8323,28308,2023-08-21T03:00:00,TAX_CERT,2,32,passed,2023-09-28T03:00:00,139.91,
8324,26345,2024-03-06T15:00:00,TAX_CERT,12,177,passed,2024-04-29T15:00:00,102.33,
8325,25360,2024-01-15T23:00:00,ID_RENEWAL,11,46,flagged,2024-03-14T23:00:00,982.2,AUDIT_DONE
8326,16400,2023-04-17T16:00:00,BIRTH_CERT,10,8,rejected,2023-06-05T16:00:00,27.46,AUDIT_DONE
8327,95535,2024-05-08T18:00:00,ID_RENEWAL,10,55,flagged,2024-06-22T18:00:00,1047.93,AUDIT_DONE
8328,65412,2023-07-12T16:00:00,ID_RENEWAL,11,155,passed,2023-08-23T16:00:00,128.97,
8329,76383,2023-06-15T00:00:00,ID_RENEWAL,9,40,passed,2023-08-03T00:00:00,81.4,
8330,78066,2023-05-03T08:00:00,BUSINESS_PERMIT,4,53,flagged,2023-06-20T08:00:00,1907.42,AUDIT_DONE
8331,81139,2023-07-03T17:00:00,BIRTH_CERT,4,95,passed,2023-08-02T17:00:00,112.21,
8332,82939,2024-04-07T15:00:00,BUSINESS_PERMIT,11,152,passed,2024-05-10T15:00:00,7.24,
8333,95994,2023-02-22T05:00:00,FAMILY_STATUS,5,73,passed,2023-03-13T05:00:00,54.68,
8334,86515,2024-01-26T08:00:00,TAX_CERT,9,70,passed,2024-03-22T08:00:00,145.11,
8335,43508,2024-04-28T00:00:00,TAX_CERT,3,148,passed,2024-05-28T00:00:00,96.91,
8336,70769,2023-06-06T20:00:00,BUSINESS_PERMIT,5,142,passed,2023-07-02T20:00:00,7.39,
8337,91635,2023-08-01T12:00:00,BUSINESS_PERMIT,4,166,passed,2023-08-29T12:00:00,150.88,
8338,45802,2024-01-01T16:00:00,ID_RENEWAL,7,107,passed,2024-01-14T16:00:00,144.08,
8339,41676,2023-09-10T08:00:00,BUSINESS_PERMIT,9,65,flagged,2023-10-07T08:00:00,1955.83,AUDIT_DONE
8340,38552,2024-04-10T18:00:00,FAMILY_STATUS,4,167,flagged,2024-04-29T18:00:00,1888.51,AUDIT_DONE
8341,57102,2023-12-19T21:00:00,BIRTH_CERT,8,15,passed,2024-01-25T21:00:00,14.07,
8342,78082,2024-01-22T13:00:00,FAMILY_STATUS,2,75,passed,2024-02-21T13:00:00,84.78,
8343,26107,2023-03-02T16:00:00,ID_RENEWAL,12,156,flagged,2023-04-08T16:00:00,1654.68,AUDIT_DONE
8344,31856,2024-05-09T01:00:00,TAX_CERT,7,30,passed,2024-05-27T01:00:00,173.77,
8345,56125,2023-12-14T18:00:00,TAX_CERT,7,3,passed,2024-01-11T18:00:00,70.15,
8346,67004,2023-07-02T18:00:00,ID_RENEWAL,6,6,passed,2023-07-22T18:00:00,60.18,
8347,61760,2023-10-05T17:00:00,ID_RENEWAL,9,74,passed,2023-11-24T17:00:00,140.58,
8348,78584,2023-04-22T15:00:00,TAX_CERT,5,83,passed,2023-05-24T15:00:00,63.24,
8349,14758,2024-03-18T20:00:00,BIRTH_CERT,4,112,passed,2024-05-04T20:00:00,135.85,
8350,14592,2024-05-02T07:00:00,BUSINESS_PERMIT,11,13,passed,2024-06-17T07:00:00,71.04,
8351,48986,2024-04-24T08:00:00,ID_RENEWAL,7,113,flagged,2024-05-13T08:00:00,1100.95,AUDIT_DONE
8352,98096,2024-04-12T01:00:00,TAX_CERT,6,87,passed,2024-06-02T01:00:00,5.94,
8353,27574,2023-07-31T06:00:00,BUSINESS_PERMIT,5,59,flagged,2023-09-06T06:00:00,1978.06,AUDIT_DONE
8354,56685,2023-10-23T19:00:00,TAX_CERT,7,179,passed,2023-12-01T19:00:00,100.2,
8355,26036,2023-09-21T00:00:00,FAMILY_STATUS,3,101,flagged,2023-10-01T00:00:00,1791.46,AUDIT_DONE
8356,16027,2024-06-17T10:00:00,BUSINESS_PERMIT,3,98,passed,2024-06-29T10:00:00,33.84,
8357,46873,2024-06-16T22:00:00,BUSINESS_PERMIT,11,87,passed,2024-07-28T22:00:00,102.87,
8358,21834,2023-05-25T01:00:00,BIRTH_CERT,6,75,passed,2023-06-06T01:00:00,149.94,
8359,49768,2024-03-05T12:00:00,ID_RENEWAL,9,45,passed,2024-04-28T12:00:00,79.86,
8360,67648,2023-03-23T16:00:00,FAMILY_STATUS,9,24,passed,2023-05-14T16:00:00,87.68,
8361,94768,2023-04-21T17:00:00,FAMILY_STATUS,2,129,passed,2023-05-03T17:00:00,25.27,
8362,83446,2023-04-16T06:00:00,TAX_CERT,2,152,passed,2023-05-27T06:00:00,33.91,
8363,66644,2024-04-23T13:00:00,TAX_CERT,12,57,passed,2024-05-16T13:00:00,159.08,
8364,62677,2024-01-16T14:00:00,BIRTH_CERT,12,27,passed,2024-02-25T14:00:00,138.49,
8365,53631,2023-07-21T10:00:00,BUSINESS_PERMIT,5,121,rejected,2023-08-15T10:00:00,41.89,AUDIT_DONE
8366,69678,2023-04-24T09:00:00,BIRTH_CERT,12,115,passed,2023-06-13T09:00:00,52.83,
8367,19713,2023-07-26T03:00:00,TAX_CERT,12,167,flagged,2023-08-30T03:00:00,1447.91,AUDIT_DONE
8368,24085,2023-09-11T06:00:00,FAMILY_STATUS,7,114,passed,2023-11-03T06:00:00,136.74,
8369,69215,2023-12-30T08:00:00,BUSINESS_PERMIT,3,57,passed,2024-02-12T08:00:00,117.82,
8370,79909,2023-01-21T08:00:00,BUSINESS_PERMIT,11,27,passed,2023-03-03T08:00:00,140.15,
8371,14286,2023-03-27T06:00:00,BUSINESS_PERMIT,7,70,passed,2023-05-09T06:00:00,48.71,
8372,75666,2023-09-06T04:00:00,FAMILY_STATUS,9,118,passed,2023-09-29T04:00:00,151.5,
8373,99796,2023-02-08T00:00:00,BIRTH_CERT,5,39,passed,2023-04-06T00:00:00,0.76,
8374,10598,2024-05-12T18:00:00,ID_RENEWAL,12,134,passed,2024-07-03T18:00:00,91.82,
8375,36821,2024-02-20T22:00:00,BIRTH_CERT,7,169,rejected,2024-04-03T22:00:00,34.36,AUDIT_DONE
8376,14200,2023-07-11T15:00:00,BUSINESS_PERMIT,9,173,rejected,2023-09-01T15:00:00,19.43,AUDIT_DONE
8377,88539,2024-06-15T19:00:00,TAX_CERT,1,146,passed,2024-07-26T19:00:00,136.02,
8378,41891,2023-01-17T15:00:00,BIRTH_CERT,11,148,passed,2023-03-09T15:00:00,46.91,
8379,76466,2023-03-14T00:00:00,TAX_CERT,2,49,passed,2023-03-21T00:00:00,26.06,
8380,44177,2023-03-25T19:00:00,BUSINESS_PERMIT,6,175,passed,2023-04-25T19:00:00,193.37,
8381,33336,2024-05-08T09:00:00,TAX_CERT,5,83,passed,2024-06-30T09:00:00,177.03,
8382,78238,2023-12-03T00:00:00,FAMILY_STATUS,6,79,passed,2024-01-12T00:00:00,93.21,
8383,33721,2024-05-27T17:00:00,ID_RENEWAL,1,96,passed,2024-06-21T17:00:00,52.41,
8384,38951,2023-01-30T04:00:00,BUSINESS_PERMIT,9,146,flagged,2023-03-29T04:00:00,1069.35,AUDIT_DONE
8385,17882,2023-04-07T09:00:00,ID_RENEWAL,3,73,passed,2023-05-16T09:00:00,100.66,
8386,82373,2023-09-09T23:00:00,FAMILY_STATUS,8,46,passed,2023-10-20T23:00:00,121.51,
8387,39214,2023-02-02T23:00:00,BIRTH_CERT,10,104,passed,2023-03-12T23:00:00,83.85,
8388,29794,2023-12-11T07:00:00,ID_RENEWAL,11,120,passed,2023-12-29T07:00:00,187.94,
8389,16250,2024-05-11T04:00:00,FAMILY_STATUS,2,82,flagged,2024-06-27T04:00:00,1615.51,AUDIT_DONE
8390,40266,2024-01-29T00:00:00,TAX_CERT,3,48,passed,2024-02-07T00:00:00,99.2,
8391,17807,2023-03-28T07:00:00,BUSINESS_PERMIT,12,49,passed,2023-04-05T07:00:00,175.25,
8392,85018,2023-11-13T00:00:00,TAX_CERT,10,176,passed,2023-11-29T00:00:00,197.11,
8393,10965,2024-01-06T10:00:00,ID_RENEWAL,6,11,passed,2024-01-24T10:00:00,117.35,
8394,25880,2023-05-17T21:00:00,TAX_CERT,3,77,passed,2023-06-30T21:00:00,157.26,
8395,73685,2023-02-10T20:00:00,ID_RENEWAL,7,26,passed,2023-03-31T20:00:00,74.2,
8396,60083,2023-10-14T03:00:00,FAMILY_STATUS,10,49,passed,2023-12-08T03:00:00,0.36,
8397,24770,2023-04-11T11:00:00,TAX_CERT,2,32,passed,2023-05-06T11:00:00,36.33,
8398,42074,2023-06-19T23:00:00,TAX_CERT,12,148,passed,2023-07-04T23:00:00,15.58,
8399,27792,2023-07-19T23:00:00,BIRTH_CERT,3,31,passed,2023-09-07T23:00:00,115.53,
8400,14747,2023-11-19T16:00:00,TAX_CERT,2,73,rejected,2023-12-16T16:00:00,24.75,AUDIT_DONE
8401,61454,2023-05-21T03:00:00,ID_RENEWAL,12,69,flagged,2023-06-02T03:00:00,1769.87,AUDIT_DONE
8402,99463,2023-02-23T22:00:00,TAX_CERT,2,154,flagged,2023-03-16T22:00:00,1496.88,AUDIT_DONE
8403,33474,2023-04-05T00:00:00,BIRTH_CERT,6,157,passed,2023-05-24T00:00:00,128.31,
8404,95535,2023-04-01T09:00:00,BIRTH_CERT,11,64,passed,2023-05-23T09:00:00,168.13,
8405,80428,2023-11-08T22:00:00,ID_RENEWAL,12,32,passed,2023-12-23T22:00:00,114.2,
8406,23440,2024-05-12T13:00:00,ID_RENEWAL,4,6,passed,2024-06-29T13:00:00,118.92,
8407,20270,2023-12-23T08:00:00,FAMILY_STATUS,4,30,flagged,2024-01-02T08:00:00,1629.03,AUDIT_DONE
8408,27979,2023-04-23T00:00:00,ID_RENEWAL,5,173,rejected,2023-06-02T00:00:00,40.68,AUDIT_DONE
8409,13891,2024-02-21T08:00:00,ID_RENEWAL,11,90,passed,2024-04-08T08:00:00,29.13,
8410,94950,2023-07-12T20:00:00,BIRTH_CERT,3,127,passed,2023-07-28T20:00:00,153.34,
8411,26550,2023-07-29T19:00:00,ID_RENEWAL,8,34,passed,2023-09-18T19:00:00,127.62,
8412,22397,2023-11-19T12:00:00,BUSINESS_PERMIT,6,106,passed,2024-01-10T12:00:00,92.86,
8413,50725,2024-03-31T02:00:00,FAMILY_STATUS,3,119,flagged,2024-05-16T02:00:00,1944.17,AUDIT_DONE
8414,52097,2023-01-20T03:00:00,TAX_CERT,4,6,passed,2023-02-04T03:00:00,115.3,
8415,15702,2023-09-12T20:00:00,BUSINESS_PERMIT,12,43,passed,2023-10-18T20:00:00,126.03,
8416,82233,2023-07-22T00:00:00,BUSINESS_PERMIT,7,143,passed,2023-08-28T00:00:00,109.62,
8417,28478,2023-04-29T18:00:00,BIRTH_CERT,3,16,flagged,2023-05-14T18:00:00,1943.8,AUDIT_DONE
8418,66173,2023-12-19T09:00:00,BUSINESS_PERMIT,1,69,passed,2023-12-31T09:00:00,80.67,
8419,66596,2024-06-16T21:00:00,TAX_CERT,5,82,passed,2024-08-12T21:00:00,20.06,
8420,63408,2023-06-19T10:00:00,ID_RENEWAL,9,68,passed,2023-06-27T10:00:00,124.58,
8421,18517,2023-10-25T10:00:00,FAMILY_STATUS,11,157,passed,2023-12-06T10:00:00,141.3,
8422,70429,2024-04-30T01:00:00,ID_RENEWAL,6,170,flagged,2024-06-25T01:00:00,1161.34,AUDIT_DONE
8423,51106,2024-05-10T04:00:00,TAX_CERT,10,32,passed,2024-05-23T04:00:00,112.68,
8424,12741,2023-08-17T08:00:00,BIRTH_CERT,6,58,passed,2023-09-06T08:00:00,59.55,
8425,25450,2023-05-22T13:00:00,ID_RENEWAL,10,117,passed,2023-06-11T13:00:00,130.36,
8426,62441,2023-06-30T01:00:00,FAMILY_STATUS,9,88,passed,2023-07-30T01:00:00,8.66,
8427,54655,2023-12-13T19:00:00,BIRTH_CERT,9,3,rejected,2023-12-23T19:00:00,12.91,AUDIT_DONE
8428,71710,2024-01-02T13:00:00,FAMILY_STATUS,6,158,flagged,2024-03-01T13:00:00,894.77,AUDIT_DONE
8429,97619,2023-09-07T19:00:00,FAMILY_STATUS,6,9,passed,2023-11-01T19:00:00,175.12,
8430,88982,2023-05-24T21:00:00,ID_RENEWAL,1,152,passed,2023-06-17T21:00:00,64.04,
8431,84753,2023-07-06T16:00:00,FAMILY_STATUS,4,19,flagged,2023-08-26T16:00:00,1767.44,AUDIT_DONE
8432,93312,2023-10-28T08:00:00,BIRTH_CERT,3,48,flagged,2023-12-13T08:00:00,1083.91,AUDIT_DONE
8433,88598,2023-12-10T21:00:00,BUSINESS_PERMIT,9,118,rejected,2024-01-14T21:00:00,14.8,AUDIT_DONE
8434,13046,2023-08-13T00:00:00,BIRTH_CERT,5,158,flagged,2023-09-10T00:00:00,1788.29,AUDIT_DONE
8435,66920,2023-11-08T14:00:00,TAX_CERT,9,167,passed,2023-11-19T14:00:00,142.03,
8436,83884,2023-06-22T16:00:00,TAX_CERT,11,17,passed,2023-07-20T16:00:00,144.22,
8437,47006,2023-12-23T03:00:00,BUSINESS_PERMIT,3,27,passed,2024-02-05T03:00:00,181.98,
8438,58344,2023-06-13T07:00:00,BUSINESS_PERMIT,2,22,passed,2023-07-13T07:00:00,178.59,
8439,99023,2023-08-17T20:00:00,TAX_CERT,7,57,passed,2023-09-11T20:00:00,186.97,
8440,11664,2023-07-27T10:00:00,BUSINESS_PERMIT,10,11,passed,2023-08-21T10:00:00,79.29,
8441,61104,2024-01-09T10:00:00,BUSINESS_PERMIT,12,104,passed,2024-02-01T10:00:00,169.87,
8442,90684,2023-08-04T10:00:00,BUSINESS_PERMIT,10,38,passed,2023-09-23T10:00:00,39.03,
8443,26063,2023-06-02T11:00:00,BUSINESS_PERMIT,8,118,passed,2023-07-04T11:00:00,20.29,
8444,50624,2024-01-08T13:00:00,ID_RENEWAL,11,101,flagged,2024-02-09T13:00:00,1882.38,AUDIT_DONE
8445,68669,2024-02-11T06:00:00,ID_RENEWAL,4,99,passed,2024-02-25T06:00:00,101.75,
8446,88534,2023-03-28T01:00:00,TAX_CERT,7,147,flagged,2023-04-28T01:00:00,1351.5,AUDIT_DONE
8447,47143,2023-07-08T08:00:00,TAX_CERT,10,165,passed,2023-08-03T08:00:00,30.86,
8448,34331,2024-03-09T19:00:00,BIRTH_CERT,3,129,rejected,2024-04-11T19:00:00,4.18,AUDIT_DONE
8449,75502,2023-07-31T15:00:00,TAX_CERT,10,73,passed,2023-08-11T15:00:00,126.17,
8450,71574,2023-08-17T22:00:00,BIRTH_CERT,4,107,flagged,2023-08-27T22:00:00,866.96,AUDIT_DONE
8451,53881,2024-03-11T15:00:00,ID_RENEWAL,7,175,passed,2024-05-04T15:00:00,42.94,
8452,96929,2023-07-29T10:00:00,FAMILY_STATUS,9,177,flagged,2023-09-17T10:00:00,919.78,AUDIT_DONE
8453,98844,2023-11-13T19:00:00,BUSINESS_PERMIT,12,139,passed,2023-12-30T19:00:00,127.5,
8454,59335,2023-04-22T16:00:00,ID_RENEWAL,5,98,passed,2023-05-30T16:00:00,157.69,
8455,13361,2024-06-19T21:00:00,TAX_CERT,6,116,rejected,2024-08-16T21:00:00,15.29,AUDIT_DONE
8456,66497,2024-01-20T06:00:00,BUSINESS_PERMIT,11,44,flagged,2024-03-16T06:00:00,956.33,AUDIT_DONE
8457,21427,2023-07-02T04:00:00,BUSINESS_PERMIT,8,26,rejected,2023-07-18T04:00:00,48.4,AUDIT_DONE
8458,89612,2023-08-18T13:00:00,ID_RENEWAL,7,87,rejected,2023-09-08T13:00:00,20.94,AUDIT_DONE
8459,31376,2024-01-22T21:00:00,TAX_CERT,1,126,rejected,2024-02-29T21:00:00,24.89,AUDIT_DONE
8460,66686,2024-02-28T11:00:00,BUSINESS_PERMIT,12,115,passed,2024-04-04T11:00:00,188.51,
8461,30502,2023-12-28T22:00:00,TAX_CERT,12,121,passed,2024-01-05T22:00:00,83.33,
8462,43475,2024-02-09T03:00:00,BIRTH_CERT,12,169,flagged,2024-02-28T03:00:00,952.62,AUDIT_DONE
8463,21448,2023-09-19T10:00:00,BUSINESS_PERMIT,12,115,passed,2023-11-03T10:00:00,137.83,
8464,93404,2024-03-16T08:00:00,ID_RENEWAL,9,48,passed,2024-04-25T08:00:00,60.25,
8465,19306,2023-01-27T18:00:00,BIRTH_CERT,10,88,rejected,2023-03-26T18:00:00,23.92,AUDIT_DONE
8466,38978,2023-09-08T06:00:00,TAX_CERT,9,164,flagged,2023-09-15T06:00:00,1389.33,AUDIT_DONE
8467,42564,2023-04-29T11:00:00,ID_RENEWAL,7,107,rejected,2023-05-18T11:00:00,0.47,AUDIT_DONE
8468,62077,2023-12-03T02:00:00,BIRTH_CERT,10,138,passed,2023-12-13T02:00:00,135.37,
8469,57719,2024-02-17T22:00:00,BUSINESS_PERMIT,3,79,rejected,2024-04-02T22:00:00,27.38,AUDIT_DONE
8470,67788,2023-03-30T02:00:00,FAMILY_STATUS,1,50,passed,2023-05-13T02:00:00,108.51,
8471,17207,2024-06-24T12:00:00,FAMILY_STATUS,4,143,passed,2024-07-17T12:00:00,152.79,
8472,22805,2023-10-02T03:00:00,TAX_CERT,7,20,passed,2023-11-21T03:00:00,127.19,
8473,64966,2023-01-04T12:00:00,ID_RENEWAL,4,84,passed,2023-02-16T12:00:00,69.89,
8474,95523,2023-01-14T09:00:00,BUSINESS_PERMIT,9,6,passed,2023-02-10T09:00:00,183.58,
8475,43172,2023-09-26T21:00:00,ID_RENEWAL,10,134,flagged,2023-11-05T21:00:00,1381.76,AUDIT_DONE
8476,80577,2023-06-23T09:00:00,BIRTH_CERT,10,63,passed,2023-07-13T09:00:00,13.33,
8477,44490,2023-05-26T14:00:00,FAMILY_STATUS,10,177,passed,2023-07-20T14:00:00,133.88,
8478,36508,2023-12-11T17:00:00,ID_RENEWAL,12,159,passed,2024-01-15T17:00:00,171.91,
8479,46339,2023-05-08T18:00:00,FAMILY_STATUS,12,154,passed,2023-07-03T18:00:00,79.16,
8480,62671,2024-03-31T20:00:00,BUSINESS_PERMIT,9,44,flagged,2024-05-17T20:00:00,1241.32,AUDIT_DONE
8481,63898,2023-08-22T13:00:00,TAX_CERT,4,13,passed,2023-09-03T13:00:00,27.65,
8482,41765,2024-03-24T19:00:00,TAX_CERT,10,112,passed,2024-04-29T19:00:00,17.85,
8483,93148,2023-07-23T17:00:00,FAMILY_STATUS,6,102,passed,2023-09-04T17:00:00,49.98,
8484,98691,2024-04-03T01:00:00,ID_RENEWAL,12,162,flagged,2024-05-01T01:00:00,1751.99,AUDIT_DONE
8485,33226,2023-09-06T08:00:00,TAX_CERT,4,31,rejected,2023-10-22T08:00:00,21.42,AUDIT_DONE
8486,41365,2023-11-26T12:00:00,FAMILY_STATUS,3,32,flagged,2023-12-15T12:00:00,1114.26,AUDIT_DONE
8487,90864,2024-04-02T02:00:00,TAX_CERT,3,5,flagged,2024-04-28T02:00:00,1187.23,AUDIT_DONE
8488,79567,2023-03-12T07:00:00,BIRTH_CERT,11,137,passed,2023-03-30T07:00:00,75.98,
8489,58502,2024-04-06T04:00:00,BUSINESS_PERMIT,11,170,passed,2024-04-29T04:00:00,6.65,
8490,71658,2023-11-14T22:00:00,BUSINESS_PERMIT,6,60,flagged,2023-11-24T22:00:00,1610.79,AUDIT_DONE
8491,15332,2023-02-26T15:00:00,BIRTH_CERT,1,4,flagged,2023-03-29T15:00:00,1608.22,AUDIT_DONE
8492,86822,2024-03-22T14:00:00,TAX_CERT,5,68,passed,2024-05-19T14:00:00,182.04,
8493,24810,2023-10-12T11:00:00,FAMILY_STATUS,11,127,rejected,2023-12-01T11:00:00,20.32,AUDIT_DONE
8494,12265,2024-03-11T06:00:00,ID_RENEWAL,4,100,passed,2024-03-23T06:00:00,135.78,
8495,62307,2023-09-06T21:00:00,BUSINESS_PERMIT,3,55,passed,2023-09-27T21:00:00,37.99,
8496,81104,2023-06-13T13:00:00,ID_RENEWAL,9,73,passed,2023-06-22T13:00:00,199.67,
8497,45629,2024-02-25T19:00:00,TAX_CERT,1,51,passed,2024-04-19T19:00:00,41.45,
8498,11159,2023-02-14T12:00:00,FAMILY_STATUS,3,130,flagged,2023-03-26T12:00:00,1212.11,AUDIT_DONE
8499,20060,2023-05-20T09:00:00,BUSINESS_PERMIT,9,85,flagged,2023-07-06T09:00:00,1893.35,AUDIT_DONE
8500,50952,2024-06-22T23:00:00,TAX_CERT,9,58,passed,2024-07-03T23:00:00,14.59,
8501,99308,2024-01-22T15:00:00,FAMILY_STATUS,9,89,passed,2024-03-20T15:00:00,46.74,
8502,90706,2024-01-31T12:00:00,TAX_CERT,8,110,rejected,2024-02-15T12:00:00,19.96,AUDIT_DONE
8503,69372,2023-02-25T00:00:00,BUSINESS_PERMIT,12,125,passed,2023-04-05T00:00:00,2.92,
8504,77923,2023-10-25T13:00:00,TAX_CERT,5,60,passed,2023-12-04T13:00:00,68.33,
8505,54179,2024-01-16T21:00:00,FAMILY_STATUS,8,8,passed,2024-03-11T21:00:00,179.94,
8506,92402,2023-09-17T05:00:00,FAMILY_STATUS,9,63,passed,2023-10-24T05:00:00,102.37,
8507,55657,2023-06-26T03:00:00,FAMILY_STATUS,1,149,passed,2023-07-05T03:00:00,171.48,
8508,10864,2024-04-11T18:00:00,ID_RENEWAL,11,68,flagged,2024-05-02T18:00:00,1508.08,AUDIT_DONE
8509,38848,2024-06-17T13:00:00,BIRTH_CERT,1,138,passed,2024-07-17T13:00:00,143.1,
8510,69170,2023-08-23T21:00:00,BUSINESS_PERMIT,12,152,passed,2023-09-23T21:00:00,72.14,
8511,41414,2023-01-10T00:00:00,BIRTH_CERT,12,65,passed,2023-02-18T00:00:00,7.96,
8512,92827,2024-02-26T10:00:00,TAX_CERT,5,135,flagged,2024-03-23T10:00:00,1501.74,AUDIT_DONE
8513,40317,2023-08-10T16:00:00,FAMILY_STATUS,11,3,rejected,2023-09-12T16:00:00,18.36,AUDIT_DONE
8514,68203,2024-03-30T20:00:00,BIRTH_CERT,2,177,passed,2024-04-22T20:00:00,100.56,
8515,27188,2023-03-05T11:00:00,BIRTH_CERT,11,176,flagged,2023-04-03T11:00:00,1172.04,AUDIT_DONE
8516,81614,2023-06-25T11:00:00,ID_RENEWAL,9,48,rejected,2023-07-20T11:00:00,29.02,AUDIT_DONE
8517,36534,2024-04-03T08:00:00,ID_RENEWAL,6,147,passed,2024-05-16T08:00:00,130.16,
8518,88825,2023-02-10T11:00:00,FAMILY_STATUS,9,124,passed,2023-04-09T11:00:00,104.11,
8519,75290,2024-01-25T02:00:00,ID_RENEWAL,9,72,flagged,2024-03-18T02:00:00,1261.01,AUDIT_DONE
8520,50920,2023-09-24T03:00:00,ID_RENEWAL,11,128,rejected,2023-11-18T03:00:00,33.78,AUDIT_DONE
8521,46251,2023-01-31T10:00:00,BUSINESS_PERMIT,7,106,passed,2023-02-18T10:00:00,25.94,
8522,74606,2023-08-12T01:00:00,BIRTH_CERT,3,88,rejected,2023-09-28T01:00:00,36.72,AUDIT_DONE
8523,70323,2024-02-29T10:00:00,TAX_CERT,4,86,passed,2024-04-01T10:00:00,76.71,
8524,31809,2024-03-12T00:00:00,FAMILY_STATUS,4,38,flagged,2024-05-01T00:00:00,933.45,AUDIT_DONE
8525,85756,2023-11-26T17:00:00,BIRTH_CERT,7,22,passed,2024-01-11T17:00:00,54.94,
8526,87900,2023-11-02T08:00:00,BUSINESS_PERMIT,12,26,passed,2023-12-17T08:00:00,69.62,
8527,79883,2024-06-09T06:00:00,BIRTH_CERT,12,41,passed,2024-06-25T06:00:00,83.79,
8528,64890,2023-03-01T16:00:00,ID_RENEWAL,3,57,passed,2023-04-14T16:00:00,5.53,
8529,42178,2023-06-18T06:00:00,TAX_CERT,4,177,passed,2023-07-23T06:00:00,4.06,
8530,51370,2024-05-17T05:00:00,BIRTH_CERT,3,70,passed,2024-06-24T05:00:00,181.96,
8531,90522,2023-04-11T03:00:00,BUSINESS_PERMIT,7,35,passed,2023-06-04T03:00:00,78.11,
8532,67875,2023-03-08T16:00:00,BUSINESS_PERMIT,6,19,passed,2023-04-12T16:00:00,133.96,
8533,78630,2023-05-03T12:00:00,ID_RENEWAL,4,30,passed,2023-05-22T12:00:00,123.09,
8534,24587,2024-02-16T04:00:00,ID_RENEWAL,11,119,passed,2024-04-12T04:00:00,78.89,
8535,46765,2024-06-14T23:00:00,FAMILY_STATUS,10,17,passed,2024-08-03T23:00:00,111.71,
8536,39451,2023-02-07T04:00:00,FAMILY_STATUS,7,165,flagged,2023-03-18T04:00:00,854.54,AUDIT_DONE
8537,76725,2024-04-20T09:00:00,FAMILY_STATUS,11,164,passed,2024-04-30T09:00:00,129.11,
8538,90837,2023-10-25T05:00:00,TAX_CERT,1,77,passed,2023-11-17T05:00:00,72.48,
8539,39819,2024-05-30T15:00:00,BIRTH_CERT,7,120,passed,2024-06-26T15:00:00,86.7,
8540,37857,2024-02-24T13:00:00,BIRTH_CERT,9,133,passed,2024-04-12T13:00:00,193.89,
8541,36579,2023-05-14T21:00:00,BUSINESS_PERMIT,5,23,rejected,2023-06-02T21:00:00,49.81,AUDIT_DONE
8542,22670,2023-07-28T06:00:00,BIRTH_CERT,3,102,passed,2023-09-06T06:00:00,167.88,
8543,13132,2023-11-03T09:00:00,BIRTH_CERT,5,144,passed,2023-11-19T09:00:00,12.03,
8544,26750,2023-10-31T04:00:00,ID_RENEWAL,8,60,passed,2023-12-13T04:00:00,116.31,
8545,46185,2023-11-20T15:00:00,BIRTH_CERT,11,130,passed,2024-01-11T15:00:00,185.18,
8546,29424,2023-06-17T18:00:00,BIRTH_CERT,7,21,flagged,2023-07-14T18:00:00,815.12,AUDIT_DONE
8547,65928,2024-04-03T00:00:00,FAMILY_STATUS,1,31,passed,2024-04-28T00:00:00,75.33,
8548,63149,2023-06-05T02:00:00,TAX_CERT,11,171,flagged,2023-07-04T02:00:00,1845.84,AUDIT_DONE
8549,30478,2023-09-16T09:00:00,ID_RENEWAL,4,119,passed,2023-11-01T09:00:00,30.66,
8550,93539,2024-03-10T13:00:00,BUSINESS_PERMIT,6,67,passed,2024-04-27T13:00:00,82.91,
8551,16694,2024-05-22T01:00:00,BIRTH_CERT,4,113,rejected,2024-06-02T01:00:00,21.99,AUDIT_DONE
8552,79271,2024-01-19T22:00:00,TAX_CERT,6,124,flagged,2024-02-27T22:00:00,1223.96,AUDIT_DONE
8553,23477,2023-12-17T22:00:00,BUSINESS_PERMIT,8,143,passed,2023-12-29T22:00:00,41.17,
8554,62883,2023-03-15T21:00:00,BIRTH_CERT,12,143,passed,2023-05-02T21:00:00,186.61,
8555,83432,2023-04-20T22:00:00,BUSINESS_PERMIT,2,121,flagged,2023-05-29T22:00:00,1455.78,AUDIT_DONE
8556,92649,2023-12-03T16:00:00,BUSINESS_PERMIT,2,93,passed,2024-01-12T16:00:00,157.68,
8557,94917,2023-05-23T07:00:00,BUSINESS_PERMIT,10,53,passed,2023-07-01T07:00:00,53.46,
8558,33176,2023-03-11T18:00:00,ID_RENEWAL,6,123,passed,2023-05-10T18:00:00,171.61,
8559,84878,2023-01-10T01:00:00,FAMILY_STATUS,1,67,rejected,2023-01-21T01:00:00,35.34,AUDIT_DONE
8560,87557,2023-02-15T13:00:00,ID_RENEWAL,11,85,flagged,2023-04-14T13:00:00,1419.09,AUDIT_DONE
8561,49660,2023-02-26T06:00:00,BUSINESS_PERMIT,8,2,flagged,2023-03-09T06:00:00,1920.25,AUDIT_DONE
8562,48458,2023-07-30T18:00:00,TAX_CERT,2,14,passed,2023-09-15T18:00:00,172.11,
8563,41064,2023-08-11T15:00:00,ID_RENEWAL,9,50,passed,2023-08-26T15:00:00,129.77,
8564,58523,2023-10-09T15:00:00,BUSINESS_PERMIT,1,24,rejected,2023-10-17T15:00:00,19.69,AUDIT_DONE
8565,60819,2023-06-10T19:00:00,TAX_CERT,3,104,passed,2023-07-01T19:00:00,32.47,
8566,76773,2023-02-23T03:00:00,BUSINESS_PERMIT,4,75,passed,2023-04-16T03:00:00,20.35,
8567,75832,2024-03-23T07:00:00,ID_RENEWAL,1,38,flagged,2024-04-07T07:00:00,1400.63,AUDIT_DONE
8568,81204,2023-03-25T17:00:00,FAMILY_STATUS,1,52,passed,2023-05-04T17:00:00,78.13,
8569,34469,2023-07-16T11:00:00,BUSINESS_PERMIT,10,18,passed,2023-08-24T11:00:00,69.83,
8570,79398,2023-09-13T15:00:00,TAX_CERT,12,73,passed,2023-11-03T15:00:00,183.7,
8571,79963,2023-11-01T10:00:00,ID_RENEWAL,11,159,flagged,2023-12-09T10:00:00,1529.41,AUDIT_DONE
8572,27055,2023-08-10T06:00:00,BIRTH_CERT,10,31,flagged,2023-10-04T06:00:00,978.3,AUDIT_DONE
8573,69956,2024-06-15T05:00:00,FAMILY_STATUS,11,58,passed,2024-08-14T05:00:00,140.72,
8574,47435,2023-11-10T02:00:00,FAMILY_STATUS,4,136,passed,2023-12-07T02:00:00,74.49,
8575,48660,2023-01-28T10:00:00,ID_RENEWAL,12,77,passed,2023-02-15T10:00:00,70.38,
8576,94013,2023-07-26T13:00:00,FAMILY_STATUS,10,11,flagged,2023-08-12T13:00:00,841.05,AUDIT_DONE
8577,71862,2023-05-01T08:00:00,BIRTH_CERT,11,27,passed,2023-05-14T08:00:00,93.95,
8578,60160,2024-04-15T16:00:00,ID_RENEWAL,10,108,passed,2024-05-05T16:00:00,71.25,
8579,75042,2023-01-01T08:00:00,FAMILY_STATUS,6,78,passed,2023-01-16T08:00:00,121.32,
8580,85431,2023-08-24T14:00:00,FAMILY_STATUS,4,117,passed,2023-10-14T14:00:00,180.55,
8581,25781,2023-07-25T14:00:00,TAX_CERT,3,66,passed,2023-08-31T14:00:00,113.88,
8582,41736,2023-06-12T12:00:00,BUSINESS_PERMIT,10,81,rejected,2023-07-29T12:00:00,14.51,AUDIT_DONE
8583,76970,2023-06-16T01:00:00,FAMILY_STATUS,1,149,passed,2023-07-15T01:00:00,28.76,
8584,76585,2023-08-30T09:00:00,BIRTH_CERT,12,14,passed,2023-09-07T09:00:00,96.89,
8585,44075,2023-12-30T07:00:00,ID_RENEWAL,9,156,passed,2024-02-17T07:00:00,187.79,
8586,82971,2023-03-20T06:00:00,TAX_CERT,8,69,passed,2023-04-27T06:00:00,78.4,
8587,10823,2024-03-14T07:00:00,FAMILY_STATUS,8,98,passed,2024-03-25T07:00:00,52.58,
8588,89838,2023-09-07T03:00:00,FAMILY_STATUS,9,6,passed,2023-10-15T03:00:00,60.02,
8589,45809,2023-01-27T10:00:00,BIRTH_CERT,1,177,passed,2023-03-12T10:00:00,20.68,
8590,31127,2023-01-14T13:00:00,BUSINESS_PERMIT,1,63,rejected,2023-03-12T13:00:00,20.99,AUDIT_DONE
8591,88539,2023-01-11T12:00:00,ID_RENEWAL,2,5,passed,2023-03-08T12:00:00,7.92,
8592,22593,2024-05-12T03:00:00,BUSINESS_PERMIT,10,161,passed,2024-06-23T03:00:00,88.17,
8593,72054,2024-05-09T23:00:00,BIRTH_CERT,5,2,passed,2024-06-04T23:00:00,111.56,
8594,57518,2024-03-28T11:00:00,FAMILY_STATUS,11,55,passed,2024-04-11T11:00:00,136.11,
8595,94016,2023-11-27T23:00:00,BIRTH_CERT,2,108,passed,2024-01-17T23:00:00,149.09,
8596,10207,2023-05-14T16:00:00,ID_RENEWAL,9,61,passed,2023-06-19T16:00:00,157.97,
8597,82378,2024-04-11T08:00:00,BUSINESS_PERMIT,2,142,passed,2024-04-26T08:00:00,110.29,
8598,34524,2023-12-28T15:00:00,TAX_CERT,2,151,passed,2024-02-02T15:00:00,108.38,
8599,81989,2023-02-23T21:00:00,BUSINESS_PERMIT,8,88,passed,2023-04-01T21:00:00,69.41,
8600,10863,2023-04-07T12:00:00,ID_RENEWAL,6,142,passed,2023-04-26T12:00:00,148.66,
8601,65056,2023-07-29T05:00:00,BUSINESS_PERMIT,3,6,passed,2023-08-06T05:00:00,80.37,
8602,92179,2024-05-14T05:00:00,FAMILY_STATUS,10,129,passed,2024-06-27T05:00:00,156.05,
8603,33272,2023-03-26T23:00:00,BIRTH_CERT,1,47,flagged,2023-05-16T23:00:00,1641.74,AUDIT_DONE
8604,88157,2024-02-17T06:00:00,TAX_CERT,12,131,passed,2024-03-14T06:00:00,35.33,
8605,66469,2023-02-25T07:00:00,FAMILY_STATUS,2,89,passed,2023-03-14T07:00:00,178.03,
8606,94669,2024-06-22T02:00:00,TAX_CERT,12,114,passed,2024-08-09T02:00:00,116.31,
8607,24034,2023-12-20T14:00:00,TAX_CERT,9,51,passed,2024-01-29T14:00:00,195.82,
8608,65786,2023-08-16T00:00:00,ID_RENEWAL,6,177,passed,2023-08-31T00:00:00,168.39,
8609,42038,2023-02-11T02:00:00,ID_RENEWAL,11,23,passed,2023-03-01T02:00:00,21.4,
8610,18019,2024-05-06T06:00:00,ID_RENEWAL,9,135,rejected,2024-06-24T06:00:00,46.65,AUDIT_DONE
8611,99423,2023-05-26T05:00:00,BUSINESS_PERMIT,2,35,passed,2023-07-21T05:00:00,39.76,
8612,45750,2023-12-25T04:00:00,FAMILY_STATUS,2,16,passed,2024-02-10T04:00:00,88.59,
8613,20482,2023-07-02T01:00:00,ID_RENEWAL,12,90,flagged,2023-08-14T01:00:00,841.32,AUDIT_DONE
8614,26171,2024-04-17T03:00:00,ID_RENEWAL,6,130,passed,2024-06-03T03:00:00,160.7,
8615,31181,2023-03-06T10:00:00,FAMILY_STATUS,1,171,flagged,2023-05-04T10:00:00,928.73,AUDIT_DONE
8616,53450,2023-03-03T02:00:00,ID_RENEWAL,2,43,rejected,2023-04-27T02:00:00,22.78,AUDIT_DONE
8617,87204,2024-06-17T05:00:00,BUSINESS_PERMIT,7,120,flagged,2024-06-27T05:00:00,1034.14,AUDIT_DONE
8618,41537,2023-09-10T17:00:00,BUSINESS_PERMIT,1,113,passed,2023-10-25T17:00:00,18.94,
8619,43530,2023-04-21T19:00:00,BUSINESS_PERMIT,2,9,passed,2023-05-05T19:00:00,22.17,
8620,55788,2024-05-28T03:00:00,BIRTH_CERT,8,82,flagged,2024-07-10T03:00:00,877.06,AUDIT_DONE
8621,30865,2023-08-21T09:00:00,BUSINESS_PERMIT,9,62,passed,2023-10-19T09:00:00,119.23,
8622,90958,2023-12-10T07:00:00,ID_RENEWAL,7,48,passed,2024-01-25T07:00:00,173.46,
8623,50352,2023-12-29T05:00:00,BUSINESS_PERMIT,4,175,passed,2024-02-20T05:00:00,146.4,
8624,65274,2023-12-12T00:00:00,TAX_CERT,10,18,flagged,2024-01-10T00:00:00,1460.79,AUDIT_DONE
8625,53330,2024-01-22T08:00:00,BIRTH_CERT,1,162,rejected,2024-03-02T08:00:00,33.47,AUDIT_DONE
8626,13066,2023-03-16T03:00:00,BUSINESS_PERMIT,9,96,passed,2023-04-22T03:00:00,95.03,
8627,70540,2024-04-07T11:00:00,ID_RENEWAL,8,110,rejected,2024-04-22T11:00:00,21.67,AUDIT_DONE
8628,14325,2023-03-01T22:00:00,TAX_CERT,7,27,rejected,2023-04-26T22:00:00,14.25,AUDIT_DONE
8629,75615,2023-01-22T15:00:00,ID_RENEWAL,4,90,passed,2023-02-07T15:00:00,78.11,
8630,83570,2023-11-26T19:00:00,BUSINESS_PERMIT,8,138,passed,2024-01-13T19:00:00,144.23,
8631,44159,2023-04-30T13:00:00,BUSINESS_PERMIT,10,1,passed,2023-05-22T13:00:00,104.14,
8632,49209,2023-12-02T10:00:00,FAMILY_STATUS,1,113,passed,2023-12-25T10:00:00,104.98,
8633,62278,2023-08-31T18:00:00,TAX_CERT,5,72,passed,2023-10-02T18:00:00,120.43,
8634,24095,2024-02-29T06:00:00,TAX_CERT,10,89,passed,2024-04-09T06:00:00,192.9,
8635,51792,2023-08-27T06:00:00,FAMILY_STATUS,5,180,flagged,2023-09-08T06:00:00,1573.82,AUDIT_DONE
8636,69488,2023-07-04T18:00:00,ID_RENEWAL,12,159,passed,2023-08-23T18:00:00,92.23,
8637,25385,2023-07-14T11:00:00,BUSINESS_PERMIT,9,159,passed,2023-08-16T11:00:00,165.4,
8638,98236,2023-01-24T01:00:00,BUSINESS_PERMIT,2,53,passed,2023-03-22T01:00:00,48.5,
8639,97285,2024-05-28T14:00:00,BIRTH_CERT,2,139,passed,2024-07-03T14:00:00,121.13,
8640,71860,2023-06-19T18:00:00,TAX_CERT,4,15,passed,2023-07-24T18:00:00,184.53,
8641,10700,2023-11-24T17:00:00,BUSINESS_PERMIT,5,13,flagged,2024-01-11T17:00:00,862.17,AUDIT_DONE
8642,60355,2023-07-11T20:00:00,BUSINESS_PERMIT,6,7,passed,2023-08-13T20:00:00,154.09,
8643,33932,2023-01-04T10:00:00,FAMILY_STATUS,1,107,passed,2023-03-03T10:00:00,5.26,
8644,35901,2024-01-14T23:00:00,BUSINESS_PERMIT,3,130,passed,2024-02-19T23:00:00,150.11,
8645,13515,2023-09-27T00:00:00,TAX_CERT,8,169,passed,2023-11-10T00:00:00,176.71,
8646,27915,2023-10-02T03:00:00,TAX_CERT,7,174,flagged,2023-11-06T03:00:00,924.97,AUDIT_DONE
8647,53076,2024-05-25T18:00:00,TAX_CERT,11,113,flagged,2024-06-01T18:00:00,838.6,AUDIT_DONE
8648,66036,2023-07-19T01:00:00,FAMILY_STATUS,2,173,passed,2023-08-28T01:00:00,65.94,
8649,32357,2024-04-03T00:00:00,TAX_CERT,5,136,passed,2024-04-12T00:00:00,155.31,
8650,55155,2023-03-26T07:00:00,BUSINESS_PERMIT,8,76,flagged,2023-04-09T07:00:00,1806.58,AUDIT_DONE
8651,14065,2024-01-02T01:00:00,ID_RENEWAL,4,122,passed,2024-02-23T01:00:00,193.23,
8652,80505,2024-05-10T08:00:00,TAX_CERT,9,132,passed,2024-06-13T08:00:00,102.13,
8653,51773,2023-02-26T02:00:00,TAX_CERT,3,9,passed,2023-03-11T02:00:00,195.95,
8654,99817,2024-02-19T05:00:00,BUSINESS_PERMIT,1,124,passed,2024-03-24T05:00:00,135.92,
8655,76264,2024-01-09T22:00:00,BUSINESS_PERMIT,8,81,passed,2024-03-04T22:00:00,20.8,
8656,71111,2024-04-04T04:00:00,TAX_CERT,6,5,flagged,2024-05-19T04:00:00,1323.47,AUDIT_DONE
8657,44205,2024-03-09T10:00:00,BIRTH_CERT,9,115,flagged,2024-04-22T10:00:00,1572.02,AUDIT_DONE
8658,92944,2023-06-01T21:00:00,BIRTH_CERT,4,31,passed,2023-06-08T21:00:00,21.68,
8659,19297,2023-03-22T15:00:00,BIRTH_CERT,9,51,passed,2023-04-27T15:00:00,45.62,
8660,24477,2023-03-02T18:00:00,BUSINESS_PERMIT,12,51,passed,2023-04-24T18:00:00,81.97,
8661,41450,2024-02-24T11:00:00,BUSINESS_PERMIT,9,130,passed,2024-04-22T11:00:00,156.51,
8662,56578,2024-01-22T00:00:00,FAMILY_STATUS,7,18,passed,2024-02-06T00:00:00,90.13,
8663,97828,2023-02-26T14:00:00,BUSINESS_PERMIT,6,139,passed,2023-03-12T14:00:00,39.14,
8664,96698,2023-06-13T13:00:00,FAMILY_STATUS,5,15,flagged,2023-07-07T13:00:00,1947.91,AUDIT_DONE
8665,50997,2023-11-11T06:00:00,BIRTH_CERT,5,16,passed,2023-12-09T06:00:00,103.49,
8666,67240,2023-03-28T01:00:00,BUSINESS_PERMIT,9,117,passed,2023-05-27T01:00:00,97.7,
8667,76525,2023-09-10T10:00:00,ID_RENEWAL,8,149,passed,2023-11-03T10:00:00,38.93,
8668,36722,2024-03-10T16:00:00,BIRTH_CERT,4,42,passed,2024-05-02T16:00:00,93.54,
8669,61596,2024-02-07T10:00:00,BIRTH_CERT,5,60,passed,2024-02-22T10:00:00,21.11,
8670,68334,2023-07-03T16:00:00,BUSINESS_PERMIT,10,118,passed,2023-08-15T16:00:00,26.68,
8671,94358,2023-04-03T19:00:00,BUSINESS_PERMIT,11,57,passed,2023-05-10T19:00:00,106.99,
8672,27253,2023-02-14T03:00:00,FAMILY_STATUS,4,27,passed,2023-03-20T03:00:00,124.99,
8673,81432,2024-01-08T06:00:00,TAX_CERT,2,32,rejected,2024-01-21T06:00:00,37.72,AUDIT_DONE
8674,62750,2024-02-04T10:00:00,BIRTH_CERT,3,47,flagged,2024-02-11T10:00:00,940.33,AUDIT_DONE
8675,42792,2023-09-24T13:00:00,ID_RENEWAL,7,112,passed,2023-11-04T13:00:00,83.49,
8676,68003,2023-10-18T05:00:00,FAMILY_STATUS,11,149,passed,2023-12-16T05:00:00,12.43,
8677,30917,2024-04-07T06:00:00,ID_RENEWAL,7,77,passed,2024-04-18T06:00:00,99.14,
8678,49429,2023-06-15T09:00:00,ID_RENEWAL,10,142,flagged,2023-08-01T09:00:00,1334.9,AUDIT_DONE
8679,91412,2023-11-26T11:00:00,ID_RENEWAL,8,172,passed,2023-12-07T11:00:00,135.69,
8680,16271,2023-09-11T18:00:00,TAX_CERT,7,135,rejected,2023-11-01T18:00:00,40.13,AUDIT_DONE
8681,12143,2024-05-28T05:00:00,BUSINESS_PERMIT,10,116,passed,2024-06-15T05:00:00,144.98,
8682,39820,2023-03-28T20:00:00,TAX_CERT,2,56,rejected,2023-05-15T20:00:00,1.39,AUDIT_DONE
8683,28450,2024-02-21T13:00:00,BUSINESS_PERMIT,9,152,passed,2024-04-06T13:00:00,121.66,
8684,47995,2023-07-30T13:00:00,FAMILY_STATUS,8,124,passed,2023-08-16T13:00:00,98.07,
8685,67038,2024-04-07T03:00:00,BIRTH_CERT,10,85,rejected,2024-05-20T03:00:00,18.28,AUDIT_DONE
8686,32813,2023-09-17T15:00:00,BIRTH_CERT,3,117,passed,2023-09-28T15:00:00,8.5,
8687,87332,2023-04-05T15:00:00,FAMILY_STATUS,8,29,passed,2023-05-19T15:00:00,77.04,
8688,37942,2023-10-06T09:00:00,TAX_CERT,3,166,rejected,2023-11-06T09:00:00,9.41,AUDIT_DONE
8689,58691,2023-10-06T15:00:00,FAMILY_STATUS,1,3,passed,2023-11-24T15:00:00,116.98,
8690,60183,2023-10-05T15:00:00,BIRTH_CERT,2,43,passed,2023-10-17T15:00:00,88.2,
8691,42143,2023-02-13T17:00:00,BIRTH_CERT,1,98,flagged,2023-03-01T17:00:00,1017.52,AUDIT_DONE
8692,26667,2024-04-30T20:00:00,BIRTH_CERT,8,101,passed,2024-05-19T20:00:00,193.53,
8693,85190,2023-08-16T18:00:00,ID_RENEWAL,2,142,passed,2023-09-30T18:00:00,196.0,
8694,50609,2024-01-07T16:00:00,BIRTH_CERT,9,77,rejected,2024-02-24T16:00:00,29.19,AUDIT_DONE
8695,18747,2023-07-07T08:00:00,BIRTH_CERT,7,76,passed,2023-07-21T08:00:00,177.28,
8696,65397,2024-06-18T00:00:00,ID_RENEWAL,4,70,passed,2024-06-26T00:00:00,9.13,
8697,19560,2024-03-08T19:00:00,ID_RENEWAL,4,139,flagged,2024-04-16T19:00:00,1388.49,AUDIT_DONE
8698,83671,2024-02-10T07:00:00,FAMILY_STATUS,8,2,rejected,2024-02-21T07:00:00,21.96,AUDIT_DONE
8699,16031,2023-02-07T17:00:00,FAMILY_STATUS,3,36,passed,2023-03-05T17:00:00,79.93,
8700,12658,2023-10-16T12:00:00,ID_RENEWAL,5,157,passed,2023-12-01T12:00:00,65.35,
8701,69545,2024-05-02T11:00:00,FAMILY_STATUS,3,80,passed,2024-05-13T11:00:00,196.71,
8702,25089,2024-01-06T00:00:00,FAMILY_STATUS,5,152,passed,2024-02-17T00:00:00,65.11,
8703,57282,2023-04-06T04:00:00,TAX_CERT,8,125,passed,2023-05-29T04:00:00,167.87,
8704,86838,2023-07-18T16:00:00,TAX_CERT,8,153,rejected,2023-08-09T16:00:00,33.09,AUDIT_DONE
8705,95971,2023-05-08T04:00:00,BIRTH_CERT,4,129,passed,2023-05-20T04:00:00,146.75,
8706,28794,2024-05-17T08:00:00,BUSINESS_PERMIT,11,12,passed,2024-06-07T08:00:00,99.15,
8707,96573,2023-06-18T17:00:00,BUSINESS_PERMIT,12,162,passed,2023-07-09T17:00:00,33.44,
8708,28165,2024-01-29T01:00:00,BIRTH_CERT,12,162,flagged,2024-03-06T01:00:00,1183.35,AUDIT_DONE
8709,30609,2023-10-13T08:00:00,BUSINESS_PERMIT,3,74,flagged,2023-10-28T08:00:00,1006.68,AUDIT_DONE
8710,49936,2023-10-21T15:00:00,TAX_CERT,3,129,flagged,2023-11-11T15:00:00,1570.01,AUDIT_DONE
8711,38422,2023-06-12T20:00:00,TAX_CERT,7,12,flagged,2023-08-01T20:00:00,1908.9,AUDIT_DONE
8712,56385,2023-05-20T04:00:00,BIRTH_CERT,11,115,passed,2023-07-07T04:00:00,20.06,
8713,38700,2023-08-08T09:00:00,ID_RENEWAL,11,70,passed,2023-09-13T09:00:00,14.32,
8714,28790,2024-06-03T22:00:00,FAMILY_STATUS,2,132,flagged,2024-07-16T22:00:00,1661.99,AUDIT_DONE
8715,88970,2023-05-26T08:00:00,BUSINESS_PERMIT,2,44,passed,2023-06-24T08:00:00,196.23,
8716,91210,2024-01-15T05:00:00,TAX_CERT,3,132,passed,2024-01-23T05:00:00,45.57,
8717,89447,2024-05-16T08:00:00,TAX_CERT,10,141,passed,2024-07-12T08:00:00,5.31,
8718,55813,2023-08-25T13:00:00,FAMILY_STATUS,8,113,passed,2023-09-18T13:00:00,166.08,
8719,88703,2023-10-04T23:00:00,BUSINESS_PERMIT,10,80,passed,2023-10-20T23:00:00,146.63,
8720,36764,2023-08-16T15:00:00,FAMILY_STATUS,3,110,passed,2023-09-06T15:00:00,32.72,
8721,93612,2023-08-07T06:00:00,TAX_CERT,8,173,passed,2023-09-11T06:00:00,197.81,
8722,24038,2024-05-19T17:00:00,BUSINESS_PERMIT,6,24,passed,2024-05-30T17:00:00,118.85,
8723,59968,2023-12-04T06:00:00,BIRTH_CERT,2,38,flagged,2024-01-02T06:00:00,1304.13,AUDIT_DONE
8724,72760,2024-01-23T14:00:00,ID_RENEWAL,6,114,passed,2024-03-22T14:00:00,95.54,
8725,39688,2024-01-06T19:00:00,TAX_CERT,11,23,passed,2024-01-27T19:00:00,44.62,
8726,26042,2024-01-10T12:00:00,TAX_CERT,3,162,passed,2024-01-18T12:00:00,74.38,
8727,41820,2023-12-10T17:00:00,FAMILY_STATUS,5,29,flagged,2024-02-01T17:00:00,866.04,AUDIT_DONE
8728,96750,2023-03-27T02:00:00,TAX_CERT,4,113,passed,2023-04-04T02:00:00,132.38,
8729,26527,2023-05-16T01:00:00,BUSINESS_PERMIT,2,117,passed,2023-06-03T01:00:00,163.81,
8730,94231,2023-02-10T12:00:00,BUSINESS_PERMIT,9,101,passed,2023-03-24T12:00:00,174.25,
8731,47200,2024-03-07T07:00:00,BIRTH_CERT,1,124,passed,2024-04-09T07:00:00,124.5,
8732,83493,2024-02-22T07:00:00,ID_RENEWAL,10,157,passed,2024-03-27T07:00:00,90.6,
8733,12359,2023-06-23T19:00:00,TAX_CERT,10,85,passed,2023-07-05T19:00:00,192.31,
8734,11863,2024-06-22T09:00:00,BIRTH_CERT,10,167,passed,2024-07-19T09:00:00,172.07,
8735,89508,2023-09-08T04:00:00,FAMILY_STATUS,8,95,passed,2023-10-09T04:00:00,123.54,
8736,20716,2024-05-27T23:00:00,TAX_CERT,7,49,flagged,2024-06-06T23:00:00,1592.49,AUDIT_DONE
8737,61382,2023-01-14T12:00:00,BIRTH_CERT,6,51,passed,2023-03-06T12:00:00,47.43,
8738,24530,2023-03-14T03:00:00,ID_RENEWAL,11,143,passed,2023-05-03T03:00:00,61.82,
8739,43045,2023-12-14T02:00:00,BUSINESS_PERMIT,12,99,passed,2024-02-01T02:00:00,140.33,
8740,71918,2023-12-08T19:00:00,BIRTH_CERT,3,50,passed,2024-01-22T19:00:00,155.4,
8741,69680,2023-06-04T13:00:00,ID_RENEWAL,10,5,passed,2023-06-29T13:00:00,2.96,
8742,76055,2023-07-23T05:00:00,BIRTH_CERT,3,107,passed,2023-09-01T05:00:00,2.56,
8743,91216,2023-11-10T21:00:00,BUSINESS_PERMIT,4,145,passed,2023-12-04T21:00:00,138.84,
8744,96473,2023-09-09T03:00:00,BIRTH_CERT,1,94,passed,2023-10-27T03:00:00,103.55,
8745,45702,2023-08-15T03:00:00,TAX_CERT,3,160,flagged,2023-10-08T03:00:00,1173.24,AUDIT_DONE
8746,12734,2024-05-29T04:00:00,BIRTH_CERT,4,108,passed,2024-06-10T04:00:00,6.65,
8747,79682,2024-05-18T04:00:00,TAX_CERT,12,144,passed,2024-07-09T04:00:00,189.6,
8748,23049,2023-03-12T04:00:00,ID_RENEWAL,12,164,passed,2023-04-11T04:00:00,19.47,
8749,73196,2024-02-29T01:00:00,ID_RENEWAL,12,154,passed,2024-04-12T01:00:00,102.95,
8750,70013,2023-10-16T21:00:00,BUSINESS_PERMIT,11,40,passed,2023-12-05T21:00:00,116.32,
8751,53787,2024-03-12T21:00:00,TAX_CERT,4,27,rejected,2024-04-07T21:00:00,2.52,AUDIT_DONE
8752,60286,2023-03-20T19:00:00,FAMILY_STATUS,12,162,passed,2023-04-09T19:00:00,26.89,
8753,33415,2023-09-02T05:00:00,FAMILY_STATUS,8,21,passed,2023-10-28T05:00:00,172.6,
8754,70075,2023-01-14T15:00:00,FAMILY_STATUS,7,40,passed,2023-03-11T15:00:00,163.89,
8755,77448,2023-02-10T18:00:00,TAX_CERT,11,70,rejected,2023-03-05T18:00:00,40.89,AUDIT_DONE
8756,64419,2023-03-27T15:00:00,ID_RENEWAL,11,74,flagged,2023-04-16T15:00:00,1852.36,AUDIT_DONE
8757,60262,2023-03-17T12:00:00,TAX_CERT,2,112,flagged,2023-05-10T12:00:00,1369.3,AUDIT_DONE
8758,51434,2023-02-01T15:00:00,BUSINESS_PERMIT,4,120,passed,2023-03-22T15:00:00,168.15,
8759,68185,2024-01-17T17:00:00,ID_RENEWAL,5,136,passed,2024-01-31T17:00:00,41.71,
8760,84578,2023-04-15T06:00:00,FAMILY_STATUS,9,158,passed,2023-05-01T06:00:00,20.37,
8761,98811,2024-03-28T17:00:00,FAMILY_STATUS,9,33,passed,2024-04-18T17:00:00,134.49,
8762,39844,2024-03-15T04:00:00,FAMILY_STATUS,4,71,rejected,2024-03-30T04:00:00,7.08,AUDIT_DONE
8763,46002,2023-05-15T04:00:00,TAX_CERT,7,78,passed,2023-07-01T04:00:00,24.32,
8764,67403,2023-07-16T00:00:00,BUSINESS_PERMIT,6,98,flagged,2023-09-09T00:00:00,1740.92,AUDIT_DONE
8765,26287,2024-03-07T00:00:00,BUSINESS_PERMIT,12,104,passed,2024-04-05T00:00:00,127.57,
8766,90895,2023-09-22T07:00:00,BIRTH_CERT,5,45,passed,2023-10-14T07:00:00,108.29,
8767,23143,2024-06-08T18:00:00,BUSINESS_PERMIT,4,179,rejected,2024-07-30T18:00:00,1.33,AUDIT_DONE
8768,61434,2024-02-26T08:00:00,BIRTH_CERT,7,111,rejected,2024-03-13T08:00:00,0.52,AUDIT_DONE
8769,68380,2024-05-01T09:00:00,BUSINESS_PERMIT,12,144,passed,2024-05-14T09:00:00,125.96,
8770,59239,2024-03-13T03:00:00,BIRTH_CERT,3,72,passed,2024-05-02T03:00:00,160.29,
8771,83871,2023-11-30T22:00:00,TAX_CERT,10,117,passed,2024-01-03T22:00:00,60.42,
8772,82107,2024-03-19T11:00:00,TAX_CERT,10,174,flagged,2024-04-06T11:00:00,1963.45,AUDIT_DONE
8773,81404,2024-04-29T14:00:00,TAX_CERT,12,77,passed,2024-05-23T14:00:00,195.04,
8774,69267,2023-12-07T22:00:00,BIRTH_CERT,5,81,passed,2024-01-01T22:00:00,48.64,
8775,42395,2023-06-25T01:00:00,FAMILY_STATUS,1,28,passed,2023-08-03T01:00:00,132.58,
8776,98513,2023-06-13T23:00:00,FAMILY_STATUS,12,173,passed,2023-06-28T23:00:00,46.91,
8777,30759,2023-06-27T01:00:00,ID_RENEWAL,5,108,flagged,2023-07-24T01:00:00,1072.76,AUDIT_DONE
8778,59542,2024-05-19T20:00:00,BUSINESS_PERMIT,1,87,flagged,2024-06-03T20:00:00,1790.62,AUDIT_DONE
8779,29008,2024-04-10T18:00:00,ID_RENEWAL,9,50,flagged,2024-04-20T18:00:00,1768.48,AUDIT_DONE
8780,70769,2023-07-16T01:00:00,BIRTH_CERT,5,49,passed,2023-08-23T01:00:00,184.08,
8781,57235,2023-01-19T23:00:00,TAX_CERT,1,164,passed,2023-03-20T23:00:00,182.23,
8782,54411,2023-07-04T07:00:00,FAMILY_STATUS,9,140,passed,2023-08-19T07:00:00,171.16,
8783,60360,2023-12-13T00:00:00,TAX_CERT,7,42,passed,2023-12-23T00:00:00,111.43,
8784,66608,2023-03-14T19:00:00,BUSINESS_PERMIT,9,94,passed,2023-03-24T19:00:00,149.17,
8785,90222,2024-04-05T23:00:00,ID_RENEWAL,7,70,flagged,2024-05-22T23:00:00,1319.5,AUDIT_DONE
8786,51840,2024-03-07T10:00:00,FAMILY_STATUS,2,103,passed,2024-04-08T10:00:00,26.47,
8787,49762,2024-05-02T06:00:00,ID_RENEWAL,8,10,passed,2024-05-13T06:00:00,156.96,
8788,79284,2024-01-08T04:00:00,BUSINESS_PERMIT,4,143,passed,2024-03-03T04:00:00,188.46,
8789,17340,2023-03-02T00:00:00,BUSINESS_PERMIT,1,146,passed,2023-03-31T00:00:00,54.22,
8790,95841,2023-07-30T10:00:00,ID_RENEWAL,11,122,passed,2023-09-07T10:00:00,133.66,
8791,38071,2023-07-10T06:00:00,BUSINESS_PERMIT,6,77,rejected,2023-08-27T06:00:00,47.36,AUDIT_DONE
8792,26966,2023-02-17T12:00:00,ID_RENEWAL,3,2,passed,2023-02-27T12:00:00,195.44,
8793,80396,2024-05-25T01:00:00,ID_RENEWAL,8,64,passed,2024-06-27T01:00:00,180.08,
8794,89461,2023-09-05T02:00:00,ID_RENEWAL,7,156,passed,2023-10-10T02:00:00,87.08,
8795,40993,2023-10-03T12:00:00,ID_RENEWAL,11,111,passed,2023-11-16T12:00:00,67.33,
8796,95589,2023-10-13T18:00:00,BUSINESS_PERMIT,4,71,passed,2023-10-24T18:00:00,141.92,
8797,83581,2023-03-29T11:00:00,TAX_CERT,10,12,passed,2023-05-14T11:00:00,111.88,
8798,68387,2024-03-02T20:00:00,FAMILY_STATUS,3,36,rejected,2024-03-30T20:00:00,16.82,AUDIT_DONE
8799,78333,2023-04-20T19:00:00,BIRTH_CERT,5,89,rejected,2023-04-29T19:00:00,47.87,AUDIT_DONE
8800,86296,2023-02-09T13:00:00,ID_RENEWAL,7,7,passed,2023-02-16T13:00:00,46.59,
8801,42560,2024-01-25T02:00:00,BUSINESS_PERMIT,7,145,passed,2024-02-13T02:00:00,49.07,
8802,34754,2023-07-25T09:00:00,TAX_CERT,6,45,passed,2023-08-15T09:00:00,53.75,
8803,63114,2024-01-31T08:00:00,FAMILY_STATUS,5,69,flagged,2024-02-13T08:00:00,1740.38,AUDIT_DONE
8804,82296,2023-10-07T13:00:00,ID_RENEWAL,2,85,flagged,2023-11-09T13:00:00,1562.62,AUDIT_DONE
8805,12387,2023-12-02T19:00:00,BUSINESS_PERMIT,2,93,passed,2024-01-26T19:00:00,60.33,
8806,13825,2023-09-16T18:00:00,BUSINESS_PERMIT,2,113,passed,2023-11-06T18:00:00,177.03,
8807,67625,2023-01-17T21:00:00,ID_RENEWAL,12,139,rejected,2023-02-15T21:00:00,4.96,AUDIT_DONE
8808,44805,2024-02-07T00:00:00,BIRTH_CERT,3,179,passed,2024-02-23T00:00:00,144.36,
8809,89785,2024-03-24T02:00:00,BUSINESS_PERMIT,5,122,passed,2024-04-22T02:00:00,81.95,
8810,99053,2023-12-04T01:00:00,BIRTH_CERT,1,173,passed,2023-12-18T01:00:00,36.51,
8811,10917,2024-04-06T19:00:00,FAMILY_STATUS,8,178,passed,2024-05-11T19:00:00,159.26,
8812,50685,2024-02-24T21:00:00,BUSINESS_PERMIT,1,22,passed,2024-03-11T21:00:00,79.67,
8813,58719,2024-02-26T04:00:00,ID_RENEWAL,6,106,rejected,2024-03-13T04:00:00,17.34,AUDIT_DONE
8814,46016,2024-03-08T04:00:00,TAX_CERT,9,162,passed,2024-03-21T04:00:00,76.4,
8815,78349,2023-06-05T16:00:00,FAMILY_STATUS,11,75,passed,2023-07-13T16:00:00,76.91,
8816,80729,2023-05-06T06:00:00,ID_RENEWAL,7,136,passed,2023-07-01T06:00:00,54.82,
8817,15112,2023-10-09T08:00:00,ID_RENEWAL,12,97,passed,2023-11-20T08:00:00,67.33,
8818,23842,2023-05-18T14:00:00,TAX_CERT,3,157,passed,2023-06-01T14:00:00,20.36,
8819,75975,2023-04-22T05:00:00,FAMILY_STATUS,10,11,rejected,2023-05-31T05:00:00,17.33,AUDIT_DONE
8820,59161,2023-03-11T18:00:00,TAX_CERT,4,101,passed,2023-03-28T18:00:00,144.27,
8821,77126,2023-04-03T07:00:00,ID_RENEWAL,12,78,passed,2023-05-09T07:00:00,84.8,
8822,87272,2024-06-07T05:00:00,TAX_CERT,10,87,rejected,2024-06-20T05:00:00,46.48,AUDIT_DONE
8823,50776,2023-12-17T05:00:00,TAX_CERT,3,43,rejected,2023-12-28T05:00:00,10.91,AUDIT_DONE
8824,86286,2023-08-19T02:00:00,BUSINESS_PERMIT,2,93,flagged,2023-10-17T02:00:00,1172.96,AUDIT_DONE
8825,76864,2023-01-09T08:00:00,TAX_CERT,10,161,passed,2023-02-27T08:00:00,153.65,
8826,40145,2023-03-22T22:00:00,BIRTH_CERT,3,5,passed,2023-05-20T22:00:00,7.13,
8827,94457,2023-12-17T09:00:00,ID_RENEWAL,4,43,rejected,2024-02-15T09:00:00,13.84,AUDIT_DONE
8828,76903,2023-05-14T19:00:00,FAMILY_STATUS,11,145,passed,2023-06-23T19:00:00,91.62,
8829,79140,2023-07-26T02:00:00,BUSINESS_PERMIT,1,113,passed,2023-08-18T02:00:00,179.6,
8830,31870,2024-02-29T08:00:00,ID_RENEWAL,3,114,passed,2024-04-13T08:00:00,175.42,
8831,88446,2023-04-14T17:00:00,BIRTH_CERT,9,125,passed,2023-05-31T17:00:00,155.62,
8832,59467,2023-07-21T04:00:00,TAX_CERT,10,38,flagged,2023-08-04T04:00:00,867.09,AUDIT_DONE
8833,41707,2024-06-06T00:00:00,TAX_CERT,2,107,passed,2024-07-12T00:00:00,6.89,
8834,14194,2024-06-15T03:00:00,BUSINESS_PERMIT,10,119,flagged,2024-08-02T03:00:00,1551.08,AUDIT_DONE
8835,66472,2024-05-17T04:00:00,BUSINESS_PERMIT,2,129,rejected,2024-05-25T04:00:00,27.83,AUDIT_DONE
8836,40584,2023-12-25T20:00:00,FAMILY_STATUS,1,170,passed,2024-01-24T20:00:00,72.33,
8837,19001,2023-01-24T01:00:00,BUSINESS_PERMIT,3,112,passed,2023-02-26T01:00:00,98.62,
8838,53391,2023-05-19T14:00:00,FAMILY_STATUS,8,82,passed,2023-07-01T14:00:00,122.14,
8839,19642,2023-08-04T21:00:00,BIRTH_CERT,2,179,passed,2023-08-17T21:00:00,130.41,
8840,95460,2024-02-21T18:00:00,ID_RENEWAL,9,29,flagged,2024-03-10T18:00:00,1732.37,AUDIT_DONE
8841,48674,2024-06-03T11:00:00,FAMILY_STATUS,10,47,passed,2024-06-11T11:00:00,48.29,
8842,71363,2023-05-29T05:00:00,BUSINESS_PERMIT,10,69,passed,2023-07-14T05:00:00,173.7,
8843,16481,2023-04-15T13:00:00,ID_RENEWAL,7,32,passed,2023-04-24T13:00:00,74.43,
8844,68079,2023-01-21T18:00:00,BIRTH_CERT,3,16,rejected,2023-02-11T18:00:00,39.88,AUDIT_DONE
8845,89747,2024-03-23T12:00:00,FAMILY_STATUS,6,92,passed,2024-04-06T12:00:00,160.5,
8846,40103,2023-12-06T15:00:00,BIRTH_CERT,3,146,passed,2024-01-23T15:00:00,53.07,
8847,96397,2024-03-04T10:00:00,TAX_CERT,2,119,passed,2024-04-23T10:00:00,99.3,
8848,13724,2024-05-03T04:00:00,BUSINESS_PERMIT,8,44,passed,2024-06-24T04:00:00,117.88,
8849,57165,2023-07-15T11:00:00,ID_RENEWAL,10,178,passed,2023-07-29T11:00:00,31.29,
8850,87301,2023-02-17T00:00:00,BIRTH_CERT,10,154,rejected,2023-04-04T00:00:00,5.41,AUDIT_DONE
8851,99665,2023-07-06T23:00:00,ID_RENEWAL,5,134,rejected,2023-07-26T23:00:00,21.63,AUDIT_DONE
8852,21208,2023-04-10T00:00:00,ID_RENEWAL,4,84,rejected,2023-05-16T00:00:00,1.31,AUDIT_DONE
8853,86069,2023-04-05T05:00:00,TAX_CERT,1,176,passed,2023-05-25T05:00:00,68.29,
8854,78380,2024-06-07T15:00:00,FAMILY_STATUS,10,93,passed,2024-06-28T15:00:00,183.78,
8855,91248,2023-11-26T07:00:00,BUSINESS_PERMIT,6,71,flagged,2023-12-10T07:00:00,1456.21,AUDIT_DONE
8856,40549,2024-01-29T05:00:00,BUSINESS_PERMIT,4,174,passed,2024-03-04T05:00:00,38.1,
8857,77912,2023-07-21T14:00:00,ID_RENEWAL,11,89,passed,2023-07-30T14:00:00,150.55,
8858,69689,2023-12-06T02:00:00,BUSINESS_PERMIT,12,138,flagged,2024-01-28T02:00:00,1651.83,AUDIT_DONE
8859,49695,2023-08-20T06:00:00,BUSINESS_PERMIT,7,135,passed,2023-10-10T06:00:00,12.76,
8860,15756,2023-09-28T11:00:00,TAX_CERT,6,115,passed,2023-10-08T11:00:00,44.43,
8861,72180,2024-02-25T13:00:00,FAMILY_STATUS,9,156,flagged,2024-03-14T13:00:00,1171.78,AUDIT_DONE
8862,55835,2024-03-31T02:00:00,TAX_CERT,5,134,passed,2024-04-30T02:00:00,12.55,
8863,84382,2023-04-11T21:00:00,FAMILY_STATUS,7,89,passed,2023-05-19T21:00:00,121.8,
8864,82262,2023-10-10T14:00:00,BUSINESS_PERMIT,5,3,passed,2023-11-07T14:00:00,184.02,
8865,57277,2024-03-03T16:00:00,FAMILY_STATUS,5,148,flagged,2024-03-20T16:00:00,1333.54,AUDIT_DONE
8866,29529,2023-12-05T05:00:00,FAMILY_STATUS,9,49,flagged,2024-02-02T05:00:00,1668.61,AUDIT_DONE
8867,19568,2023-01-30T04:00:00,TAX_CERT,4,9,rejected,2023-03-24T04:00:00,36.73,AUDIT_DONE
8868,51020,2023-06-15T23:00:00,ID_RENEWAL,10,73,passed,2023-08-08T23:00:00,88.0,
8869,96889,2023-04-20T01:00:00,TAX_CERT,3,172,passed,2023-05-16T01:00:00,59.7,
8870,44107,2023-02-27T01:00:00,BIRTH_CERT,10,78,passed,2023-04-05T01:00:00,88.37,
8871,22696,2023-04-10T18:00:00,ID_RENEWAL,3,131,passed,2023-05-10T18:00:00,59.15,
8872,14043,2023-01-07T18:00:00,TAX_CERT,12,110,flagged,2023-02-11T18:00:00,1805.36,AUDIT_DONE
8873,39263,2023-10-31T19:00:00,FAMILY_STATUS,2,19,flagged,2023-12-15T19:00:00,1493.3,AUDIT_DONE
8874,45775,2024-04-13T20:00:00,BUSINESS_PERMIT,9,116,passed,2024-05-20T20:00:00,28.61,
8875,73654,2024-03-27T19:00:00,BIRTH_CERT,4,1,passed,2024-04-10T19:00:00,92.36,
8876,89129,2023-06-29T02:00:00,ID_RENEWAL,11,150,flagged,2023-08-05T02:00:00,1931.52,AUDIT_DONE
8877,48087,2023-02-26T12:00:00,TAX_CERT,12,132,passed,2023-03-30T12:00:00,189.93,
8878,98593,2024-05-26T07:00:00,FAMILY_STATUS,5,94,passed,2024-06-14T07:00:00,186.57,
8879,57947,2024-06-09T23:00:00,FAMILY_STATUS,8,50,passed,2024-06-29T23:00:00,17.09,
8880,48117,2023-07-04T10:00:00,FAMILY_STATUS,9,98,passed,2023-08-30T10:00:00,63.94,
8881,58960,2023-08-18T03:00:00,BUSINESS_PERMIT,4,42,rejected,2023-10-11T03:00:00,5.52,AUDIT_DONE
8882,29042,2023-03-21T06:00:00,BIRTH_CERT,7,129,passed,2023-05-09T06:00:00,175.68,
8883,60616,2023-02-05T22:00:00,BUSINESS_PERMIT,5,111,passed,2023-03-02T22:00:00,103.48,
8884,16011,2023-11-01T01:00:00,ID_RENEWAL,8,35,passed,2023-12-30T01:00:00,155.36,
8885,89291,2024-06-10T15:00:00,ID_RENEWAL,10,160,passed,2024-07-18T15:00:00,20.47,
8886,69200,2023-09-18T17:00:00,ID_RENEWAL,2,82,rejected,2023-10-26T17:00:00,49.45,AUDIT_DONE
8887,93132,2023-03-16T11:00:00,TAX_CERT,12,42,passed,2023-04-21T11:00:00,140.46,
8888,62133,2024-03-11T02:00:00,TAX_CERT,4,48,passed,2024-05-10T02:00:00,11.33,
8889,94173,2023-06-16T05:00:00,BIRTH_CERT,4,100,passed,2023-06-29T05:00:00,101.28,
8890,13452,2024-04-12T18:00:00,BUSINESS_PERMIT,10,21,flagged,2024-05-02T18:00:00,1747.17,AUDIT_DONE
8891,63073,2023-08-23T13:00:00,BUSINESS_PERMIT,7,24,flagged,2023-10-14T13:00:00,1729.47,AUDIT_DONE
8892,67452,2023-04-23T18:00:00,BIRTH_CERT,8,151,rejected,2023-06-07T18:00:00,21.58,AUDIT_DONE
8893,18403,2023-03-10T12:00:00,BUSINESS_PERMIT,3,103,passed,2023-04-03T12:00:00,18.92,
8894,68351,2023-06-27T13:00:00,TAX_CERT,11,177,passed,2023-07-07T13:00:00,98.6,
8895,21166,2023-06-15T03:00:00,FAMILY_STATUS,3,116,passed,2023-06-30T03:00:00,145.3,
8896,30146,2023-05-07T19:00:00,BUSINESS_PERMIT,8,167,rejected,2023-06-08T19:00:00,30.34,AUDIT_DONE
8897,91400,2023-08-13T03:00:00,TAX_CERT,7,122,passed,2023-09-25T03:00:00,50.54,
8898,68655,2023-09-23T04:00:00,BIRTH_CERT,7,125,passed,2023-11-21T04:00:00,146.99,
8899,24803,2023-10-14T00:00:00,TAX_CERT,6,77,passed,2023-12-01T00:00:00,184.98,
8900,42629,2023-01-18T13:00:00,BUSINESS_PERMIT,2,33,flagged,2023-02-24T13:00:00,1414.85,AUDIT_DONE
8901,75824,2023-01-13T03:00:00,BUSINESS_PERMIT,5,69,passed,2023-03-14T03:00:00,170.3,
8902,26454,2024-05-10T03:00:00,BUSINESS_PERMIT,12,177,passed,2024-06-24T03:00:00,129.62,
8903,83843,2023-04-11T23:00:00,BIRTH_CERT,3,176,passed,2023-05-01T23:00:00,101.2,
8904,44859,2023-03-20T18:00:00,TAX_CERT,8,171,passed,2023-04-22T18:00:00,83.95,
8905,61227,2023-05-01T10:00:00,ID_RENEWAL,2,21,rejected,2023-06-28T10:00:00,6.68,AUDIT_DONE
8906,72810,2023-01-08T18:00:00,BUSINESS_PERMIT,12,17,flagged,2023-01-24T18:00:00,1432.95,AUDIT_DONE
8907,37897,2023-11-19T12:00:00,BUSINESS_PERMIT,11,90,passed,2023-12-31T12:00:00,113.36,
8908,65254,2024-03-14T22:00:00,FAMILY_STATUS,11,161,passed,2024-03-31T22:00:00,187.56,
8909,21400,2023-06-15T13:00:00,FAMILY_STATUS,11,107,flagged,2023-06-23T13:00:00,1331.15,AUDIT_DONE
8910,45089,2023-05-17T06:00:00,TAX_CERT,6,169,passed,2023-07-06T06:00:00,135.02,
8911,28585,2023-10-17T01:00:00,BUSINESS_PERMIT,8,19,flagged,2023-11-18T01:00:00,1879.73,AUDIT_DONE
8912,78384,2024-02-15T13:00:00,BUSINESS_PERMIT,5,124,passed,2024-03-12T13:00:00,172.38,
8913,20436,2023-01-29T20:00:00,ID_RENEWAL,6,99,passed,2023-02-19T20:00:00,194.04,
8914,28813,2024-02-15T12:00:00,BIRTH_CERT,7,12,flagged,2024-03-24T12:00:00,1535.51,AUDIT_DONE
8915,10839,2023-11-07T10:00:00,BIRTH_CERT,2,52,rejected,2023-12-10T10:00:00,17.74,AUDIT_DONE
8916,19401,2023-02-23T02:00:00,ID_RENEWAL,11,67,flagged,2023-04-06T02:00:00,817.01,AUDIT_DONE
8917,36739,2024-03-15T20:00:00,BUSINESS_PERMIT,6,152,flagged,2024-03-22T20:00:00,1237.35,AUDIT_DONE
8918,12839,2023-08-11T21:00:00,FAMILY_STATUS,3,111,passed,2023-09-07T21:00:00,45.35,
8919,73142,2023-10-28T06:00:00,BIRTH_CERT,3,48,flagged,2023-11-14T06:00:00,812.08,AUDIT_DONE
8920,77721,2023-10-08T12:00:00,TAX_CERT,12,47,passed,2023-11-28T12:00:00,11.12,
8921,17129,2024-04-07T10:00:00,TAX_CERT,10,67,flagged,2024-05-28T10:00:00,1430.4,AUDIT_DONE
8922,59407,2023-08-07T00:00:00,FAMILY_STATUS,8,164,flagged,2023-09-04T00:00:00,851.69,AUDIT_DONE
8923,78780,2023-02-12T23:00:00,BUSINESS_PERMIT,1,106,passed,2023-03-14T23:00:00,61.1,
8924,80366,2024-05-22T19:00:00,BUSINESS_PERMIT,6,173,passed,2024-07-08T19:00:00,145.09,
8925,69484,2023-10-07T03:00:00,FAMILY_STATUS,6,168,rejected,2023-10-15T03:00:00,32.14,AUDIT_DONE
8926,85010,2024-05-18T13:00:00,TAX_CERT,5,79,passed,2024-07-13T13:00:00,125.22,
8927,18093,2023-04-09T09:00:00,FAMILY_STATUS,9,31,passed,2023-05-03T09:00:00,62.12,
8928,65869,2023-07-20T12:00:00,ID_RENEWAL,6,75,flagged,2023-07-31T12:00:00,895.09,AUDIT_DONE
8929,65310,2023-02-21T20:00:00,BUSINESS_PERMIT,3,36,passed,2023-03-21T20:00:00,136.25,
8930,22745,2023-06-10T13:00:00,BUSINESS_PERMIT,7,35,passed,2023-08-01T13:00:00,171.24,
8931,61020,2023-03-08T09:00:00,FAMILY_STATUS,9,174,flagged,2023-04-29T09:00:00,1444.63,AUDIT_DONE
8932,25269,2024-01-27T03:00:00,ID_RENEWAL,5,105,passed,2024-03-26T03:00:00,131.39,
8933,21822,2023-08-16T21:00:00,TAX_CERT,7,138,passed,2023-09-09T21:00:00,72.48,
8934,44999,2023-06-27T22:00:00,FAMILY_STATUS,9,122,passed,2023-07-20T22:00:00,2.37,
8935,89007,2024-04-30T02:00:00,ID_RENEWAL,9,100,passed,2024-05-21T02:00:00,131.88,
8936,78244,2023-09-18T01:00:00,TAX_CERT,9,14,passed,2023-11-09T01:00:00,81.57,
8937,71196,2023-11-22T23:00:00,ID_RENEWAL,12,84,passed,2023-12-10T23:00:00,20.2,
8938,29740,2023-08-12T02:00:00,FAMILY_STATUS,10,22,flagged,2023-08-23T02:00:00,1915.62,AUDIT_DONE
8939,25634,2023-12-10T07:00:00,TAX_CERT,6,55,passed,2024-01-04T07:00:00,143.91,
8940,83615,2024-03-10T13:00:00,FAMILY_STATUS,7,179,passed,2024-04-13T13:00:00,131.41,
8941,53414,2024-02-06T13:00:00,FAMILY_STATUS,1,158,passed,2024-03-19T13:00:00,30.45,
8942,14421,2023-03-12T02:00:00,TAX_CERT,2,31,passed,2023-04-10T02:00:00,5.76,
8943,70778,2024-01-20T02:00:00,BUSINESS_PERMIT,6,95,flagged,2024-02-05T02:00:00,1105.15,AUDIT_DONE
8944,27877,2023-04-04T20:00:00,BIRTH_CERT,5,17,flagged,2023-05-03T20:00:00,1173.91,AUDIT_DONE
8945,91040,2024-04-28T13:00:00,ID_RENEWAL,5,111,passed,2024-06-25T13:00:00,102.18,
8946,24323,2023-09-16T19:00:00,BIRTH_CERT,12,83,passed,2023-11-07T19:00:00,5.54,
8947,73734,2024-01-13T09:00:00,TAX_CERT,12,99,passed,2024-02-01T09:00:00,18.76,
8948,79891,2023-04-20T03:00:00,BUSINESS_PERMIT,3,43,passed,2023-06-01T03:00:00,60.59,
8949,45117,2023-08-23T13:00:00,BIRTH_CERT,7,130,passed,2023-09-22T13:00:00,121.67,
8950,34145,2023-12-18T18:00:00,BUSINESS_PERMIT,12,163,rejected,2024-02-15T18:00:00,22.36,AUDIT_DONE
8951,47969,2023-12-21T15:00:00,FAMILY_STATUS,1,15,passed,2024-02-10T15:00:00,27.9,
8952,21544,2023-07-17T04:00:00,ID_RENEWAL,10,165,passed,2023-08-27T04:00:00,186.32,
8953,42264,2024-03-12T01:00:00,BIRTH_CERT,12,153,rejected,2024-05-01T01:00:00,8.9,AUDIT_DONE
8954,52500,2023-12-01T23:00:00,ID_RENEWAL,12,164,passed,2023-12-13T23:00:00,38.95,
8955,99917,2023-01-09T00:00:00,TAX_CERT,4,127,passed,2023-02-21T00:00:00,126.96,
8956,60636,2023-05-08T04:00:00,ID_RENEWAL,1,159,passed,2023-06-16T04:00:00,122.98,
8957,22221,2023-02-20T22:00:00,FAMILY_STATUS,12,128,passed,2023-03-27T22:00:00,136.85,
8958,47219,2024-01-06T10:00:00,BUSINESS_PERMIT,7,36,rejected,2024-02-25T10:00:00,9.42,AUDIT_DONE
8959,69843,2024-03-02T09:00:00,BIRTH_CERT,7,158,passed,2024-03-30T09:00:00,56.4,
8960,88949,2024-01-19T19:00:00,BIRTH_CERT,12,170,flagged,2024-02-02T19:00:00,1495.47,AUDIT_DONE
8961,59296,2023-01-30T18:00:00,ID_RENEWAL,6,153,passed,2023-02-28T18:00:00,197.84,
8962,54576,2023-08-09T04:00:00,ID_RENEWAL,7,104,flagged,2023-09-29T04:00:00,960.82,AUDIT_DONE
8963,14387,2023-02-26T07:00:00,TAX_CERT,2,94,flagged,2023-04-03T07:00:00,830.25,AUDIT_DONE
8964,97099,2023-08-21T00:00:00,BIRTH_CERT,3,71,passed,2023-09-23T00:00:00,184.96,
8965,65693,2024-03-06T17:00:00,FAMILY_STATUS,11,143,rejected,2024-03-13T17:00:00,22.29,AUDIT_DONE
8966,11006,2023-04-02T01:00:00,BUSINESS_PERMIT,9,14,rejected,2023-04-13T01:00:00,31.14,AUDIT_DONE
8967,79099,2023-06-09T18:00:00,FAMILY_STATUS,10,112,passed,2023-08-04T18:00:00,35.19,
8968,36609,2023-12-26T03:00:00,FAMILY_STATUS,6,162,passed,2024-01-18T03:00:00,187.73,
8969,54923,2023-04-05T14:00:00,BUSINESS_PERMIT,2,170,passed,2023-05-22T14:00:00,46.65,
8970,50377,2023-02-11T10:00:00,BIRTH_CERT,9,59,passed,2023-03-31T10:00:00,192.78,
8971,37279,2023-10-15T07:00:00,BUSINESS_PERMIT,11,125,passed,2023-11-18T07:00:00,74.98,
8972,76491,2023-12-12T06:00:00,BUSINESS_PERMIT,10,160,flagged,2023-12-30T06:00:00,1626.6,AUDIT_DONE
8973,98370,2023-07-29T12:00:00,ID_RENEWAL,10,167,passed,2023-08-21T12:00:00,185.1,
8974,62336,2023-03-07T11:00:00,FAMILY_STATUS,3,92,passed,2023-04-24T11:00:00,158.17,
8975,55254,2023-02-20T13:00:00,FAMILY_STATUS,5,55,flagged,2023-02-28T13:00:00,1798.38,AUDIT_DONE
8976,28458,2023-03-04T23:00:00,BUSINESS_PERMIT,7,146,passed,2023-04-12T23:00:00,19.98,
8977,42305,2023-06-30T14:00:00,BIRTH_CERT,3,87,passed,2023-08-29T14:00:00,196.34,
8978,30332,2023-09-11T01:00:00,FAMILY_STATUS,1,149,flagged,2023-10-31T01:00:00,977.47,AUDIT_DONE
8979,66234,2023-03-16T02:00:00,BUSINESS_PERMIT,8,122,passed,2023-04-04T02:00:00,70.39,
8980,18649,2023-09-05T03:00:00,ID_RENEWAL,12,124,flagged,2023-11-01T03:00:00,1935.04,AUDIT_DONE
8981,30839,2023-12-17T04:00:00,BUSINESS_PERMIT,2,178,flagged,2024-02-02T04:00:00,1496.31,AUDIT_DONE
8982,90858,2023-09-01T13:00:00,BIRTH_CERT,1,148,passed,2023-09-20T13:00:00,7.89,
8983,84512,2024-01-15T11:00:00,BIRTH_CERT,2,60,passed,2024-03-02T11:00:00,159.53,
8984,28442,2024-03-14T17:00:00,TAX_CERT,9,110,passed,2024-03-27T17:00:00,119.01,
8985,42668,2023-01-10T21:00:00,BUSINESS_PERMIT,8,92,passed,2023-02-06T21:00:00,89.86,
8986,64208,2024-05-16T01:00:00,TAX_CERT,10,102,passed,2024-06-15T01:00:00,31.13,
8987,18339,2024-06-04T11:00:00,BIRTH_CERT,2,112,passed,2024-06-20T11:00:00,39.67,
8988,50849,2023-03-25T09:00:00,FAMILY_STATUS,5,34,flagged,2023-04-06T09:00:00,1449.29,AUDIT_DONE
8989,43407,2023-10-10T01:00:00,BUSINESS_PERMIT,4,36,passed,2023-11-07T01:00:00,54.37,
8990,75453,2023-09-15T05:00:00,ID_RENEWAL,3,94,passed,2023-09-30T05:00:00,27.86,
8991,48482,2023-07-07T20:00:00,BIRTH_CERT,1,121,passed,2023-07-20T20:00:00,15.64,
8992,27190,2024-01-30T05:00:00,BIRTH_CERT,10,172,flagged,2024-02-18T05:00:00,1409.9,AUDIT_DONE
8993,26359,2023-10-20T10:00:00,BUSINESS_PERMIT,4,134,passed,2023-12-02T10:00:00,33.1,
8994,13589,2024-03-20T01:00:00,BIRTH_CERT,5,179,passed,2024-05-15T01:00:00,137.63,
8995,28985,2023-08-19T23:00:00,ID_RENEWAL,7,139,flagged,2023-09-25T23:00:00,850.28,AUDIT_DONE
8996,47097,2024-01-12T22:00:00,FAMILY_STATUS,2,137,flagged,2024-02-17T22:00:00,1575.57,AUDIT_DONE
8997,21814,2023-02-12T01:00:00,TAX_CERT,1,82,passed,2023-04-01T01:00:00,195.99,
8998,30386,2023-05-11T05:00:00,BUSINESS_PERMIT,12,107,passed,2023-06-01T05:00:00,193.67,
8999,14480,2023-06-19T09:00:00,TAX_CERT,11,79,flagged,2023-07-18T09:00:00,1559.87,AUDIT_DONE
9000,86632,2024-05-30T18:00:00,FAMILY_STATUS,4,78,passed,2024-07-15T18:00:00,130.75,
9001,72306,2023-07-07T22:00:00,FAMILY_STATUS,4,39,flagged,2023-08-13T22:00:00,1039.08,AUDIT_DONE
9002,81879,2023-07-04T05:00:00,FAMILY_STATUS,11,106,flagged,2023-07-29T05:00:00,875.75,AUDIT_DONE
9003,63030,2023-09-05T11:00:00,TAX_CERT,2,74,passed,2023-10-25T11:00:00,57.31,
9004,55849,2024-02-04T01:00:00,BIRTH_CERT,6,88,passed,2024-03-04T01:00:00,190.03,
9005,79390,2024-05-27T10:00:00,BIRTH_CERT,10,151,passed,2024-07-13T10:00:00,180.35,
9006,90846,2023-03-05T07:00:00,BIRTH_CERT,5,121,passed,2023-03-29T07:00:00,186.59,
9007,23751,2023-12-24T17:00:00,ID_RENEWAL,6,55,flagged,2024-02-21T17:00:00,1710.66,AUDIT_DONE
9008,20745,2023-03-13T07:00:00,TAX_CERT,1,137,flagged,2023-05-12T07:00:00,973.87,AUDIT_DONE
9009,21991,2023-04-18T13:00:00,BIRTH_CERT,2,166,flagged,2023-05-17T13:00:00,1303.5,AUDIT_DONE
9010,96802,2024-04-11T06:00:00,BIRTH_CERT,11,26,passed,2024-05-28T06:00:00,29.6,
9011,28518,2024-06-13T20:00:00,BIRTH_CERT,4,56,rejected,2024-07-10T20:00:00,7.17,AUDIT_DONE
9012,81630,2023-04-08T00:00:00,BIRTH_CERT,1,114,passed,2023-05-24T00:00:00,170.67,
9013,42236,2024-05-05T02:00:00,BIRTH_CERT,1,92,passed,2024-05-29T02:00:00,58.34,
9014,20127,2023-02-24T01:00:00,FAMILY_STATUS,9,98,passed,2023-04-13T01:00:00,66.15,
9015,41575,2023-08-02T19:00:00,BIRTH_CERT,4,97,passed,2023-08-24T19:00:00,175.21,
9016,50750,2023-08-04T12:00:00,BUSINESS_PERMIT,5,110,passed,2023-09-23T12:00:00,53.5,
9017,78687,2024-01-04T22:00:00,FAMILY_STATUS,10,37,passed,2024-02-15T22:00:00,60.12,
9018,34212,2023-02-22T14:00:00,BIRTH_CERT,4,39,passed,2023-03-27T14:00:00,120.24,
9019,37526,2023-02-28T15:00:00,TAX_CERT,8,43,passed,2023-03-18T15:00:00,25.73,
9020,54571,2023-02-10T19:00:00,ID_RENEWAL,10,167,passed,2023-02-25T19:00:00,29.27,
9021,47258,2024-05-13T00:00:00,ID_RENEWAL,2,35,flagged,2024-06-24T00:00:00,815.0,AUDIT_DONE
9022,99034,2024-05-02T11:00:00,FAMILY_STATUS,9,132,passed,2024-05-17T11:00:00,29.15,
9023,53825,2024-06-08T10:00:00,BIRTH_CERT,10,158,passed,2024-07-17T10:00:00,12.66,
9024,40520,2024-04-27T16:00:00,BIRTH_CERT,11,124,passed,2024-05-26T16:00:00,10.62,
9025,34703,2024-02-10T15:00:00,BUSINESS_PERMIT,12,104,passed,2024-03-31T15:00:00,181.67,
9026,15131,2023-07-14T14:00:00,TAX_CERT,10,104,rejected,2023-08-25T14:00:00,41.12,AUDIT_DONE
9027,62972,2024-02-23T14:00:00,FAMILY_STATUS,2,148,rejected,2024-04-13T14:00:00,28.83,AUDIT_DONE
9028,32853,2023-02-03T02:00:00,TAX_CERT,3,50,rejected,2023-02-19T02:00:00,24.16,AUDIT_DONE
9029,50118,2023-10-06T19:00:00,ID_RENEWAL,12,119,rejected,2023-10-27T19:00:00,46.24,AUDIT_DONE
9030,50951,2024-03-21T04:00:00,FAMILY_STATUS,7,37,passed,2024-04-22T04:00:00,135.2,
9031,48442,2023-03-16T08:00:00,FAMILY_STATUS,9,122,flagged,2023-05-02T08:00:00,1328.21,AUDIT_DONE
9032,10688,2023-10-10T03:00:00,BIRTH_CERT,9,138,passed,2023-12-02T03:00:00,103.08,
9033,67521,2024-06-22T16:00:00,BIRTH_CERT,12,16,passed,2024-06-30T16:00:00,38.61,
9034,56575,2024-02-04T09:00:00,FAMILY_STATUS,5,135,flagged,2024-04-04T09:00:00,878.05,AUDIT_DONE
9035,56046,2023-05-13T10:00:00,FAMILY_STATUS,12,59,passed,2023-05-31T10:00:00,13.26,
9036,85471,2023-05-22T10:00:00,BUSINESS_PERMIT,1,8,flagged,2023-07-02T10:00:00,1030.95,AUDIT_DONE
9037,72123,2023-07-25T23:00:00,ID_RENEWAL,8,105,passed,2023-09-03T23:00:00,34.89,
9038,37446,2023-07-23T07:00:00,BUSINESS_PERMIT,3,30,flagged,2023-08-31T07:00:00,1206.48,AUDIT_DONE
9039,66249,2023-08-02T01:00:00,BUSINESS_PERMIT,4,160,passed,2023-09-11T01:00:00,164.86,
9040,79584,2023-10-05T07:00:00,BIRTH_CERT,11,99,passed,2023-11-20T07:00:00,100.77,
9041,67511,2023-08-29T07:00:00,FAMILY_STATUS,7,36,flagged,2023-09-12T07:00:00,1623.23,AUDIT_DONE
9042,18533,2023-01-07T13:00:00,BIRTH_CERT,1,177,passed,2023-02-12T13:00:00,142.85,
9043,55270,2024-06-07T16:00:00,ID_RENEWAL,1,173,passed,2024-07-25T16:00:00,134.7,
9044,63265,2023-08-27T02:00:00,BUSINESS_PERMIT,10,32,flagged,2023-10-09T02:00:00,1130.61,AUDIT_DONE
9045,60994,2023-07-25T00:00:00,TAX_CERT,8,65,passed,2023-09-16T00:00:00,161.53,
9046,81893,2024-01-22T09:00:00,ID_RENEWAL,7,20,passed,2024-02-27T09:00:00,194.04,
9047,52651,2023-06-25T14:00:00,FAMILY_STATUS,8,154,passed,2023-07-29T14:00:00,24.48,
9048,63649,2024-06-08T19:00:00,TAX_CERT,9,131,passed,2024-06-19T19:00:00,178.34,
9049,78390,2024-05-09T01:00:00,FAMILY_STATUS,5,160,passed,2024-05-23T01:00:00,191.06,
9050,41017,2024-03-02T04:00:00,ID_RENEWAL,4,61,rejected,2024-04-21T04:00:00,26.59,AUDIT_DONE
9051,99123,2024-02-16T15:00:00,FAMILY_STATUS,3,149,passed,2024-03-02T15:00:00,46.93,
9052,90143,2024-05-18T01:00:00,FAMILY_STATUS,12,170,passed,2024-07-10T01:00:00,50.83,
9053,14530,2023-03-30T06:00:00,ID_RENEWAL,1,126,passed,2023-05-14T06:00:00,73.43,
9054,94749,2023-07-22T11:00:00,ID_RENEWAL,10,44,passed,2023-08-28T11:00:00,191.27,
9055,10286,2023-07-21T18:00:00,TAX_CERT,11,34,flagged,2023-08-12T18:00:00,986.31,AUDIT_DONE
9056,63668,2023-02-25T15:00:00,FAMILY_STATUS,9,60,passed,2023-04-14T15:00:00,13.26,
9057,92672,2023-06-01T23:00:00,FAMILY_STATUS,10,71,flagged,2023-06-17T23:00:00,1283.28,AUDIT_DONE
9058,34748,2024-05-15T19:00:00,TAX_CERT,9,170,passed,2024-06-01T19:00:00,168.91,
9059,90233,2023-05-01T21:00:00,BIRTH_CERT,7,8,flagged,2023-06-22T21:00:00,861.81,AUDIT_DONE
9060,21453,2023-07-09T21:00:00,FAMILY_STATUS,11,96,passed,2023-07-21T21:00:00,178.65,
9061,11932,2023-01-23T05:00:00,FAMILY_STATUS,12,25,passed,2023-03-03T05:00:00,198.65,
9062,23284,2023-02-26T05:00:00,TAX_CERT,8,106,passed,2023-04-08T05:00:00,178.42,
9063,43629,2024-06-09T18:00:00,TAX_CERT,4,63,passed,2024-07-09T18:00:00,55.13,
9064,75452,2023-05-30T23:00:00,BIRTH_CERT,4,172,passed,2023-07-19T23:00:00,149.56,
9065,64414,2023-04-23T12:00:00,FAMILY_STATUS,3,29,flagged,2023-05-30T12:00:00,1943.99,AUDIT_DONE
9066,43356,2024-03-18T10:00:00,ID_RENEWAL,8,6,passed,2024-05-08T10:00:00,30.17,
9067,20802,2024-02-23T06:00:00,ID_RENEWAL,6,15,passed,2024-03-12T06:00:00,12.83,
9068,61082,2024-01-22T20:00:00,FAMILY_STATUS,2,32,flagged,2024-01-31T20:00:00,1850.7,AUDIT_DONE
9069,18430,2023-11-26T10:00:00,TAX_CERT,9,48,passed,2023-12-19T10:00:00,136.58,
9070,63418,2023-10-04T08:00:00,FAMILY_STATUS,6,32,passed,2023-10-30T08:00:00,197.45,
9071,71729,2023-09-11T14:00:00,BIRTH_CERT,1,160,passed,2023-10-30T14:00:00,149.1,
9072,41960,2024-06-14T07:00:00,BUSINESS_PERMIT,3,161,passed,2024-08-13T07:00:00,150.58,
9073,49079,2024-03-27T14:00:00,TAX_CERT,1,153,passed,2024-04-16T14:00:00,163.96,
9074,51523,2023-12-29T22:00:00,BIRTH_CERT,2,128,passed,2024-02-19T22:00:00,38.43,
9075,27657,2023-04-04T21:00:00,FAMILY_STATUS,3,31,passed,2023-05-03T21:00:00,184.35,
9076,62985,2023-09-13T00:00:00,ID_RENEWAL,9,121,passed,2023-09-26T00:00:00,2.63,
9077,96583,2024-06-19T00:00:00,TAX_CERT,5,18,passed,2024-06-30T00:00:00,199.74,
9078,25517,2024-01-30T03:00:00,ID_RENEWAL,1,152,passed,2024-03-04T03:00:00,127.75,
9079,87881,2023-05-21T23:00:00,BUSINESS_PERMIT,10,100,passed,2023-07-12T23:00:00,188.07,
9080,67116,2024-03-25T16:00:00,TAX_CERT,1,50,passed,2024-04-07T16:00:00,156.5,
9081,85524,2023-08-09T22:00:00,ID_RENEWAL,5,140,passed,2023-09-04T22:00:00,72.65,
9082,53825,2023-12-16T14:00:00,BUSINESS_PERMIT,5,125,passed,2024-01-12T14:00:00,88.5,
9083,44313,2023-10-26T16:00:00,BUSINESS_PERMIT,10,177,passed,2023-11-11T16:00:00,47.14,
9084,88027,2024-01-31T07:00:00,BIRTH_CERT,2,137,rejected,2024-03-12T07:00:00,5.03,AUDIT_DONE
9085,30908,2024-03-06T00:00:00,BUSINESS_PERMIT,10,158,passed,2024-04-22T00:00:00,194.77,
9086,47067,2023-07-27T08:00:00,BIRTH_CERT,4,14,passed,2023-08-04T08:00:00,86.14,
9087,69047,2023-05-19T08:00:00,TAX_CERT,1,29,flagged,2023-05-30T08:00:00,1216.79,AUDIT_DONE
9088,41252,2023-04-23T01:00:00,TAX_CERT,2,169,passed,2023-05-28T01:00:00,122.9,
9089,86735,2023-07-07T09:00:00,BIRTH_CERT,8,26,passed,2023-08-18T09:00:00,32.48,
9090,84575,2024-02-13T15:00:00,BUSINESS_PERMIT,4,158,passed,2024-03-15T15:00:00,20.63,
9091,80011,2023-06-30T16:00:00,FAMILY_STATUS,2,139,flagged,2023-08-17T16:00:00,1412.08,AUDIT_DONE
9092,99338,2023-02-08T14:00:00,BIRTH_CERT,4,75,passed,2023-04-06T14:00:00,114.33,
9093,77590,2023-12-30T20:00:00,BUSINESS_PERMIT,8,180,passed,2024-02-23T20:00:00,78.9,
9094,53218,2024-04-17T10:00:00,FAMILY_STATUS,11,141,flagged,2024-04-29T10:00:00,1368.5,AUDIT_DONE
9095,58202,2023-06-05T21:00:00,FAMILY_STATUS,3,170,passed,2023-07-28T21:00:00,7.91,
9096,52092,2024-05-02T14:00:00,TAX_CERT,11,41,passed,2024-05-12T14:00:00,171.58,
9097,38927,2024-02-29T17:00:00,FAMILY_STATUS,9,153,passed,2024-03-24T17:00:00,115.25,
9098,69221,2023-09-09T17:00:00,ID_RENEWAL,3,9,passed,2023-10-12T17:00:00,93.79,
9099,58527,2023-06-17T18:00:00,TAX_CERT,5,167,rejected,2023-06-28T18:00:00,36.48,AUDIT_DONE
9100,68275,2023-01-03T19:00:00,TAX_CERT,2,39,flagged,2023-03-02T19:00:00,1670.07,AUDIT_DONE
9101,29837,2024-01-30T12:00:00,BUSINESS_PERMIT,3,14,rejected,2024-03-28T12:00:00,20.47,AUDIT_DONE
9102,66220,2023-05-09T08:00:00,BUSINESS_PERMIT,5,117,rejected,2023-06-22T08:00:00,41.27,AUDIT_DONE
9103,30335,2023-09-24T11:00:00,FAMILY_STATUS,1,117,passed,2023-11-07T11:00:00,29.03,
9104,92890,2023-05-17T13:00:00,BUSINESS_PERMIT,11,89,passed,2023-07-07T13:00:00,72.9,
9105,11016,2023-12-13T14:00:00,ID_RENEWAL,7,171,passed,2024-02-11T14:00:00,22.18,
9106,97043,2024-01-02T13:00:00,FAMILY_STATUS,6,176,passed,2024-01-12T13:00:00,187.26,
9107,79573,2023-01-21T15:00:00,BUSINESS_PERMIT,12,72,passed,2023-02-10T15:00:00,177.19,
9108,38128,2023-06-11T21:00:00,TAX_CERT,8,3,passed,2023-07-26T21:00:00,180.81,
9109,42852,2023-12-27T19:00:00,BIRTH_CERT,11,46,passed,2024-01-22T19:00:00,38.99,
9110,71798,2023-05-13T07:00:00,ID_RENEWAL,12,39,passed,2023-07-06T07:00:00,2.52,
9111,26015,2023-02-07T12:00:00,BIRTH_CERT,4,125,passed,2023-04-06T12:00:00,15.13,
9112,55030,2024-03-17T16:00:00,FAMILY_STATUS,10,63,passed,2024-05-08T16:00:00,116.83,
9113,20196,2023-07-15T08:00:00,TAX_CERT,11,86,rejected,2023-09-04T08:00:00,24.96,AUDIT_DONE
9114,82439,2023-10-19T01:00:00,BIRTH_CERT,4,130,passed,2023-11-18T01:00:00,12.42,
9115,36019,2024-04-20T00:00:00,ID_RENEWAL,5,158,flagged,2024-06-02T00:00:00,1851.68,AUDIT_DONE
9116,53072,2024-04-17T07:00:00,ID_RENEWAL,3,60,flagged,2024-05-30T07:00:00,1191.99,AUDIT_DONE
9117,84255,2024-02-29T04:00:00,TAX_CERT,4,64,passed,2024-03-30T04:00:00,5.17,
9118,97629,2023-08-29T07:00:00,TAX_CERT,4,54,passed,2023-09-18T07:00:00,104.25,
9119,90285,2023-12-01T23:00:00,BIRTH_CERT,9,16,passed,2023-12-18T23:00:00,180.6,
9120,11580,2023-12-14T18:00:00,FAMILY_STATUS,12,129,passed,2024-01-24T18:00:00,190.83,
9121,27478,2023-12-09T02:00:00,TAX_CERT,6,88,passed,2024-01-04T02:00:00,54.84,
9122,15001,2024-04-18T06:00:00,FAMILY_STATUS,1,10,passed,2024-05-24T06:00:00,78.3,
9123,15878,2024-06-20T15:00:00,FAMILY_STATUS,1,76,flagged,2024-08-06T15:00:00,1436.52,AUDIT_DONE
9124,65312,2023-04-22T19:00:00,TAX_CERT,3,159,passed,2023-05-27T19:00:00,125.89,
9125,76887,2023-07-20T20:00:00,ID_RENEWAL,11,117,passed,2023-08-11T20:00:00,120.49,
9126,66340,2023-09-18T14:00:00,ID_RENEWAL,1,30,passed,2023-10-24T14:00:00,1.77,
9127,84062,2023-10-04T18:00:00,BUSINESS_PERMIT,2,151,flagged,2023-11-18T18:00:00,1684.84,AUDIT_DONE
9128,23067,2023-01-22T10:00:00,ID_RENEWAL,8,149,flagged,2023-02-11T10:00:00,1609.3,AUDIT_DONE
9129,65333,2024-05-31T01:00:00,TAX_CERT,12,45,passed,2024-06-21T01:00:00,13.92,
9130,11213,2023-07-06T10:00:00,TAX_CERT,6,125,passed,2023-08-18T10:00:00,14.37,
9131,76604,2023-06-02T04:00:00,BUSINESS_PERMIT,3,19,passed,2023-07-11T04:00:00,164.94,
9132,90706,2023-03-11T17:00:00,FAMILY_STATUS,7,111,flagged,2023-03-18T17:00:00,1856.78,AUDIT_DONE
9133,43128,2023-03-23T22:00:00,ID_RENEWAL,10,83,rejected,2023-05-18T22:00:00,24.8,AUDIT_DONE
9134,37345,2024-02-25T17:00:00,BUSINESS_PERMIT,6,130,rejected,2024-03-25T17:00:00,31.84,AUDIT_DONE
9135,50518,2024-06-04T21:00:00,ID_RENEWAL,2,161,passed,2024-06-23T21:00:00,187.92,
9136,93923,2024-01-08T07:00:00,TAX_CERT,5,128,flagged,2024-03-07T07:00:00,1484.07,AUDIT_DONE
9137,86425,2023-02-12T21:00:00,TAX_CERT,9,17,flagged,2023-03-30T21:00:00,1365.34,AUDIT_DONE
9138,13458,2023-10-04T11:00:00,BUSINESS_PERMIT,7,92,passed,2023-11-22T11:00:00,44.88,
9139,39507,2023-06-22T12:00:00,BIRTH_CERT,8,77,flagged,2023-07-14T12:00:00,1806.92,AUDIT_DONE
9140,13842,2024-01-20T04:00:00,TAX_CERT,6,147,passed,2024-03-02T04:00:00,15.64,
9141,31142,2024-05-07T03:00:00,TAX_CERT,6,48,flagged,2024-06-13T03:00:00,1343.08,AUDIT_DONE
9142,59848,2024-02-28T06:00:00,BIRTH_CERT,9,109,passed,2024-03-13T06:00:00,199.89,
9143,76440,2023-03-06T06:00:00,ID_RENEWAL,9,49,passed,2023-04-13T06:00:00,20.74,
9144,51160,2023-01-30T11:00:00,BUSINESS_PERMIT,3,77,passed,2023-02-18T11:00:00,64.14,
9145,36227,2023-08-05T11:00:00,FAMILY_STATUS,5,46,passed,2023-09-26T11:00:00,23.3,
9146,17925,2024-04-29T19:00:00,FAMILY_STATUS,7,24,passed,2024-05-07T19:00:00,52.37,
9147,54689,2024-04-13T18:00:00,TAX_CERT,10,125,passed,2024-04-25T18:00:00,60.57,
9148,49976,2023-06-16T15:00:00,BUSINESS_PERMIT,12,160,passed,2023-07-22T15:00:00,2.6,
9149,33527,2023-12-26T10:00:00,ID_RENEWAL,1,104,passed,2024-01-02T10:00:00,165.5,
9150,30509,2023-01-27T13:00:00,ID_RENEWAL,9,104,flagged,2023-02-15T13:00:00,1581.96,AUDIT_DONE
9151,70938,2023-11-07T04:00:00,ID_RENEWAL,1,165,passed,2023-12-01T04:00:00,29.62,
9152,36367,2023-09-25T05:00:00,BUSINESS_PERMIT,9,76,passed,2023-10-06T05:00:00,63.24,
9153,17001,2024-05-09T04:00:00,ID_RENEWAL,5,87,passed,2024-05-25T04:00:00,123.08,
9154,52341,2024-06-24T10:00:00,TAX_CERT,12,177,passed,2024-07-29T10:00:00,164.7,
9155,59152,2023-03-08T18:00:00,FAMILY_STATUS,4,41,passed,2023-04-26T18:00:00,59.52,
9156,13534,2023-08-13T03:00:00,BIRTH_CERT,1,33,passed,2023-08-28T03:00:00,147.75,
9157,74610,2024-05-16T13:00:00,ID_RENEWAL,11,88,rejected,2024-06-14T13:00:00,10.7,AUDIT_DONE
9158,69908,2024-04-26T16:00:00,BIRTH_CERT,7,35,passed,2024-05-14T16:00:00,148.1,
9159,78110,2024-05-21T19:00:00,ID_RENEWAL,4,65,passed,2024-06-13T19:00:00,34.86,
9160,56163,2024-05-19T08:00:00,ID_RENEWAL,3,103,passed,2024-06-23T08:00:00,1.76,
9161,38892,2023-04-08T14:00:00,ID_RENEWAL,8,90,passed,2023-04-17T14:00:00,169.28,
9162,66151,2024-03-04T20:00:00,FAMILY_STATUS,12,132,passed,2024-04-07T20:00:00,91.54,
9163,12478,2023-01-15T21:00:00,TAX_CERT,10,107,passed,2023-01-23T21:00:00,23.15,
9164,97949,2023-01-22T16:00:00,FAMILY_STATUS,11,32,flagged,2023-02-01T16:00:00,1352.74,AUDIT_DONE
9165,14944,2024-03-29T12:00:00,BIRTH_CERT,6,160,passed,2024-04-23T12:00:00,174.82,
9166,85147,2024-05-27T10:00:00,TAX_CERT,1,51,flagged,2024-07-24T10:00:00,995.06,AUDIT_DONE
9167,83076,2023-01-28T09:00:00,TAX_CERT,2,143,flagged,2023-02-23T09:00:00,1423.98,AUDIT_DONE
9168,82140,2024-02-22T00:00:00,BUSINESS_PERMIT,12,73,passed,2024-04-19T00:00:00,11.15,
9169,61280,2023-08-26T17:00:00,TAX_CERT,5,57,passed,2023-10-20T17:00:00,19.94,
9170,55943,2023-10-31T06:00:00,TAX_CERT,10,125,passed,2023-12-17T06:00:00,100.76,
9171,32412,2023-09-07T16:00:00,BIRTH_CERT,2,88,flagged,2023-09-27T16:00:00,1367.95,AUDIT_DONE
9172,40033,2023-12-31T10:00:00,FAMILY_STATUS,8,91,passed,2024-02-09T10:00:00,157.81,
9173,85341,2023-02-01T13:00:00,ID_RENEWAL,6,178,rejected,2023-03-30T13:00:00,3.6,AUDIT_DONE
9174,27322,2024-04-27T20:00:00,ID_RENEWAL,5,65,passed,2024-06-09T20:00:00,114.22,
9175,69352,2023-07-10T04:00:00,ID_RENEWAL,3,32,flagged,2023-09-02T04:00:00,1081.93,AUDIT_DONE
9176,89646,2023-08-24T04:00:00,BUSINESS_PERMIT,11,167,passed,2023-10-04T04:00:00,105.06,
9177,56152,2023-03-02T21:00:00,TAX_CERT,3,173,flagged,2023-04-18T21:00:00,836.4,AUDIT_DONE
9178,13168,2023-03-04T13:00:00,BUSINESS_PERMIT,2,8,flagged,2023-03-17T13:00:00,1429.1,AUDIT_DONE
9179,41749,2024-05-22T15:00:00,BIRTH_CERT,11,165,passed,2024-06-06T15:00:00,37.63,
9180,48735,2024-02-07T06:00:00,TAX_CERT,11,164,passed,2024-03-10T06:00:00,41.11,
9181,71775,2023-04-30T14:00:00,TAX_CERT,9,86,flagged,2023-06-18T14:00:00,1847.67,AUDIT_DONE
9182,39288,2023-06-23T16:00:00,BUSINESS_PERMIT,12,171,rejected,2023-07-17T16:00:00,40.67,AUDIT_DONE
9183,82660,2023-04-02T14:00:00,ID_RENEWAL,12,76,rejected,2023-04-22T14:00:00,9.36,AUDIT_DONE
9184,80635,2024-03-22T19:00:00,ID_RENEWAL,2,149,rejected,2024-05-04T19:00:00,26.13,AUDIT_DONE
9185,51949,2024-04-30T09:00:00,TAX_CERT,6,85,flagged,2024-06-25T09:00:00,1656.64,AUDIT_DONE
9186,36279,2024-05-22T00:00:00,TAX_CERT,1,65,rejected,2024-06-09T00:00:00,45.84,AUDIT_DONE
9187,89160,2024-01-31T05:00:00,TAX_CERT,9,97,passed,2024-03-03T05:00:00,15.75,
9188,98843,2024-05-17T15:00:00,ID_RENEWAL,11,13,passed,2024-06-07T15:00:00,110.37,
9189,41967,2023-08-18T22:00:00,BUSINESS_PERMIT,11,110,passed,2023-10-15T22:00:00,116.38,
9190,87317,2023-12-02T14:00:00,TAX_CERT,2,109,passed,2023-12-18T14:00:00,119.45,
9191,56208,2023-03-15T19:00:00,FAMILY_STATUS,1,20,passed,2023-04-13T19:00:00,16.66,
9192,38905,2023-01-12T11:00:00,BIRTH_CERT,8,67,passed,2023-01-20T11:00:00,97.21,
9193,88777,2023-03-29T22:00:00,ID_RENEWAL,8,25,passed,2023-04-23T22:00:00,53.54,
9194,73374,2024-04-30T19:00:00,TAX_CERT,3,63,passed,2024-05-22T19:00:00,74.01,
9195,29783,2024-02-11T04:00:00,ID_RENEWAL,4,7,passed,2024-03-14T04:00:00,151.93,
9196,79878,2024-04-18T05:00:00,FAMILY_STATUS,7,105,flagged,2024-05-02T05:00:00,1524.02,AUDIT_DONE
9197,58424,2024-05-27T10:00:00,TAX_CERT,3,167,passed,2024-06-12T10:00:00,104.21,
9198,46955,2024-01-02T12:00:00,TAX_CERT,4,149,passed,2024-02-09T12:00:00,135.91,
9199,43287,2023-05-17T08:00:00,TAX_CERT,4,75,passed,2023-06-05T08:00:00,118.01,
9200,49257,2024-01-31T18:00:00,BIRTH_CERT,3,105,passed,2024-02-23T18:00:00,183.09,
9201,54209,2023-08-04T00:00:00,BIRTH_CERT,5,29,rejected,2023-08-30T00:00:00,42.35,AUDIT_DONE
9202,32161,2024-02-04T00:00:00,BIRTH_CERT,2,153,passed,2024-04-01T00:00:00,90.69,
9203,13092,2024-02-03T15:00:00,BUSINESS_PERMIT,6,165,flagged,2024-03-15T15:00:00,1285.0,AUDIT_DONE
9204,26301,2023-07-19T09:00:00,ID_RENEWAL,6,179,passed,2023-09-17T09:00:00,182.02,
9205,14911,2024-04-20T03:00:00,TAX_CERT,8,132,passed,2024-05-17T03:00:00,199.19,
9206,99245,2024-03-13T09:00:00,FAMILY_STATUS,8,35,passed,2024-04-15T09:00:00,15.36,
9207,85184,2023-06-07T01:00:00,BUSINESS_PERMIT,3,4,rejected,2023-07-15T01:00:00,19.73,AUDIT_DONE
9208,48833,2024-02-09T14:00:00,FAMILY_STATUS,6,134,passed,2024-03-01T14:00:00,41.33,
9209,84563,2024-04-19T14:00:00,BUSINESS_PERMIT,12,98,flagged,2024-06-10T14:00:00,1078.26,AUDIT_DONE
9210,33827,2024-02-22T21:00:00,ID_RENEWAL,4,115,passed,2024-03-07T21:00:00,193.65,
9211,94124,2023-09-25T11:00:00,FAMILY_STATUS,10,127,passed,2023-11-17T11:00:00,82.01,
9212,94227,2023-02-28T08:00:00,BIRTH_CERT,10,90,rejected,2023-04-26T08:00:00,1.52,AUDIT_DONE
9213,55474,2023-06-20T11:00:00,FAMILY_STATUS,2,155,rejected,2023-07-02T11:00:00,46.59,AUDIT_DONE
9214,26312,2024-03-15T10:00:00,TAX_CERT,3,158,flagged,2024-04-26T10:00:00,1346.16,AUDIT_DONE
9215,66814,2024-02-19T04:00:00,BUSINESS_PERMIT,5,175,passed,2024-03-14T04:00:00,154.42,
9216,17049,2024-04-25T19:00:00,TAX_CERT,4,51,passed,2024-06-21T19:00:00,116.62,
9217,36443,2024-04-19T17:00:00,ID_RENEWAL,7,170,rejected,2024-05-20T17:00:00,33.77,AUDIT_DONE
9218,89377,2023-09-28T02:00:00,BUSINESS_PERMIT,4,82,flagged,2023-11-18T02:00:00,840.86,AUDIT_DONE
9219,18765,2024-06-20T10:00:00,ID_RENEWAL,2,77,flagged,2024-08-19T10:00:00,1011.96,AUDIT_DONE
9220,32924,2023-01-25T12:00:00,TAX_CERT,8,125,passed,2023-02-21T12:00:00,83.56,
9221,79657,2024-04-10T20:00:00,FAMILY_STATUS,5,119,passed,2024-05-08T20:00:00,23.12,
9222,18143,2024-05-04T06:00:00,FAMILY_STATUS,9,78,passed,2024-05-15T06:00:00,103.87,
9223,64051,2023-05-25T02:00:00,BUSINESS_PERMIT,3,68,passed,2023-06-28T02:00:00,178.92,
9224,47964,2024-06-19T12:00:00,FAMILY_STATUS,12,26,passed,2024-07-20T12:00:00,77.78,
9225,67535,2023-07-26T07:00:00,FAMILY_STATUS,9,52,passed,2023-08-04T07:00:00,40.81,
9226,34985,2024-03-24T12:00:00,FAMILY_STATUS,1,50,passed,2024-04-29T12:00:00,93.93,
9227,21861,2023-09-10T07:00:00,TAX_CERT,10,105,passed,2023-10-06T07:00:00,54.02,
9228,28308,2024-05-07T11:00:00,ID_RENEWAL,8,146,passed,2024-06-12T11:00:00,2.77,
9229,79535,2023-07-21T10:00:00,BUSINESS_PERMIT,3,94,passed,2023-09-05T10:00:00,0.19,
9230,47512,2024-01-02T10:00:00,BUSINESS_PERMIT,5,103,passed,2024-01-09T10:00:00,143.64,
9231,78002,2023-12-29T21:00:00,ID_RENEWAL,9,118,passed,2024-01-13T21:00:00,193.71,
9232,61365,2024-04-14T01:00:00,TAX_CERT,4,71,passed,2024-04-28T01:00:00,198.84,
9233,58690,2024-03-04T02:00:00,TAX_CERT,1,24,passed,2024-03-17T02:00:00,40.01,
9234,12871,2023-12-18T21:00:00,ID_RENEWAL,11,36,flagged,2024-01-29T21:00:00,1338.73,AUDIT_DONE
9235,96501,2023-12-01T13:00:00,FAMILY_STATUS,1,131,passed,2024-01-12T13:00:00,38.54,
9236,88490,2023-03-29T19:00:00,FAMILY_STATUS,7,36,flagged,2023-04-11T19:00:00,1174.17,AUDIT_DONE
9237,85933,2023-09-27T14:00:00,TAX_CERT,5,100,passed,2023-11-04T14:00:00,144.54,
9238,73028,2023-09-12T05:00:00,BUSINESS_PERMIT,11,17,flagged,2023-10-09T05:00:00,1037.31,AUDIT_DONE
9239,45040,2023-12-19T06:00:00,ID_RENEWAL,9,156,passed,2024-01-03T06:00:00,65.44,
9240,86340,2023-12-22T02:00:00,TAX_CERT,8,143,passed,2024-02-08T02:00:00,19.83,
9241,77180,2024-04-19T16:00:00,BUSINESS_PERMIT,7,159,flagged,2024-05-22T16:00:00,1574.35,AUDIT_DONE
9242,90350,2024-01-29T22:00:00,FAMILY_STATUS,8,180,passed,2024-03-22T22:00:00,137.63,
9243,88399,2024-01-28T17:00:00,BUSINESS_PERMIT,9,9,flagged,2024-03-22T17:00:00,1421.36,AUDIT_DONE
9244,93882,2024-03-22T11:00:00,FAMILY_STATUS,3,31,rejected,2024-04-11T11:00:00,42.71,AUDIT_DONE
9245,13120,2024-06-22T15:00:00,ID_RENEWAL,9,97,flagged,2024-08-01T15:00:00,1999.26,AUDIT_DONE
9246,96696,2023-02-22T10:00:00,BUSINESS_PERMIT,2,167,passed,2023-03-09T10:00:00,56.91,
9247,57935,2023-11-08T03:00:00,BIRTH_CERT,12,2,passed,2023-11-18T03:00:00,162.23,
9248,12810,2023-09-03T10:00:00,BIRTH_CERT,10,83,passed,2023-10-13T10:00:00,154.36,
9249,42020,2023-08-17T11:00:00,BIRTH_CERT,3,97,flagged,2023-09-21T11:00:00,1671.58,AUDIT_DONE
9250,62159,2023-07-04T14:00:00,TAX_CERT,7,5,passed,2023-07-13T14:00:00,138.9,
9251,90767,2024-01-10T00:00:00,TAX_CERT,10,21,flagged,2024-02-27T00:00:00,1365.66,AUDIT_DONE
9252,89828,2024-02-18T03:00:00,FAMILY_STATUS,2,159,rejected,2024-02-28T03:00:00,26.94,AUDIT_DONE
9253,33684,2024-03-23T22:00:00,TAX_CERT,1,97,passed,2024-05-15T22:00:00,121.89,
9254,54578,2023-05-22T23:00:00,FAMILY_STATUS,4,111,passed,2023-06-23T23:00:00,184.52,
9255,32301,2023-02-18T02:00:00,ID_RENEWAL,10,123,passed,2023-04-15T02:00:00,13.95,
9256,74030,2023-05-26T14:00:00,FAMILY_STATUS,3,46,passed,2023-06-06T14:00:00,48.41,
9257,69011,2023-04-08T19:00:00,TAX_CERT,10,58,rejected,2023-05-27T19:00:00,28.43,AUDIT_DONE
9258,51971,2023-08-18T08:00:00,FAMILY_STATUS,1,156,flagged,2023-09-09T08:00:00,1446.86,AUDIT_DONE
9259,66279,2024-03-23T18:00:00,TAX_CERT,3,64,flagged,2024-05-20T18:00:00,1260.02,AUDIT_DONE
9260,39224,2023-09-21T04:00:00,BIRTH_CERT,10,152,rejected,2023-10-22T04:00:00,37.12,AUDIT_DONE
9261,75770,2023-01-18T14:00:00,BIRTH_CERT,5,34,passed,2023-02-07T14:00:00,84.63,
9262,39164,2023-03-28T05:00:00,BUSINESS_PERMIT,3,136,flagged,2023-04-15T05:00:00,832.41,AUDIT_DONE
9263,99836,2023-02-26T20:00:00,TAX_CERT,11,105,passed,2023-04-23T20:00:00,161.05,
9264,61060,2023-03-15T09:00:00,ID_RENEWAL,2,118,passed,2023-04-06T09:00:00,138.07,
9265,43675,2023-06-13T07:00:00,FAMILY_STATUS,10,56,passed,2023-07-27T07:00:00,18.19,
9266,99339,2023-10-14T21:00:00,FAMILY_STATUS,11,150,rejected,2023-10-26T21:00:00,17.56,AUDIT_DONE
9267,55620,2023-06-11T07:00:00,ID_RENEWAL,9,175,passed,2023-06-27T07:00:00,114.99,
9268,38855,2024-01-27T14:00:00,BUSINESS_PERMIT,12,20,passed,2024-03-17T14:00:00,26.6,
9269,50934,2023-01-17T18:00:00,FAMILY_STATUS,1,61,passed,2023-02-18T18:00:00,61.81,
9270,39040,2023-08-21T19:00:00,BIRTH_CERT,1,180,passed,2023-09-11T19:00:00,135.19,
9271,57292,2023-12-10T17:00:00,ID_RENEWAL,4,49,passed,2024-01-13T17:00:00,162.64,
9272,79897,2023-01-14T03:00:00,BIRTH_CERT,3,136,passed,2023-03-12T03:00:00,61.67,
9273,42358,2023-08-16T20:00:00,ID_RENEWAL,7,77,passed,2023-08-26T20:00:00,173.76,
9274,47226,2023-02-28T12:00:00,BUSINESS_PERMIT,8,148,passed,2023-03-19T12:00:00,130.5,
9275,24707,2023-02-10T12:00:00,BUSINESS_PERMIT,11,8,passed,2023-02-26T12:00:00,79.1,
9276,66896,2023-11-15T15:00:00,BIRTH_CERT,3,106,passed,2023-11-24T15:00:00,42.36,
9277,36011,2024-03-26T15:00:00,BIRTH_CERT,3,124,flagged,2024-05-12T15:00:00,1206.14,AUDIT_DONE
9278,37282,2024-03-03T12:00:00,FAMILY_STATUS,9,153,passed,2024-04-07T12:00:00,141.5,
9279,36770,2023-05-09T03:00:00,ID_RENEWAL,9,5,flagged,2023-06-28T03:00:00,1412.46,AUDIT_DONE
9280,75326,2024-02-11T19:00:00,BIRTH_CERT,9,35,flagged,2024-03-01T19:00:00,1826.0,AUDIT_DONE
9281,53183,2024-01-16T07:00:00,BUSINESS_PERMIT,12,78,passed,2024-01-24T07:00:00,127.0,
9282,32525,2024-02-20T16:00:00,BUSINESS_PERMIT,1,117,passed,2024-04-19T16:00:00,71.69,
9283,98844,2024-04-06T10:00:00,BIRTH_CERT,7,91,flagged,2024-05-31T10:00:00,1545.54,AUDIT_DONE
9284,62069,2023-01-08T11:00:00,ID_RENEWAL,4,167,rejected,2023-01-27T11:00:00,1.92,AUDIT_DONE
9285,53554,2023-01-10T00:00:00,ID_RENEWAL,5,161,passed,2023-01-18T00:00:00,126.55,
9286,91838,2023-01-03T00:00:00,BIRTH_CERT,2,145,flagged,2023-01-12T00:00:00,1209.87,AUDIT_DONE
9287,64744,2024-04-25T05:00:00,BUSINESS_PERMIT,7,70,flagged,2024-05-08T05:00:00,972.06,AUDIT_DONE
9288,53691,2023-12-26T04:00:00,FAMILY_STATUS,1,93,passed,2024-02-17T04:00:00,184.46,
9289,43000,2023-03-22T11:00:00,BUSINESS_PERMIT,8,41,passed,2023-04-09T11:00:00,99.18,
9290,51407,2023-10-17T04:00:00,BIRTH_CERT,11,84,passed,2023-11-30T04:00:00,19.18,
9291,99295,2024-05-18T09:00:00,FAMILY_STATUS,7,84,passed,2024-06-21T09:00:00,106.54,
9292,34213,2024-01-23T06:00:00,BIRTH_CERT,12,29,flagged,2024-02-12T06:00:00,835.51,AUDIT_DONE
9293,90173,2024-06-07T18:00:00,FAMILY_STATUS,5,172,passed,2024-07-19T18:00:00,114.46,
9294,56698,2023-04-18T22:00:00,TAX_CERT,8,33,passed,2023-06-09T22:00:00,45.31,
9295,38143,2024-06-15T17:00:00,ID_RENEWAL,3,129,passed,2024-07-02T17:00:00,137.11,
9296,15196,2023-11-16T06:00:00,ID_RENEWAL,11,10,passed,2023-12-02T06:00:00,30.42,
9297,64322,2023-05-10T18:00:00,BIRTH_CERT,12,133,passed,2023-06-28T18:00:00,57.98,
9298,59433,2023-02-16T17:00:00,BUSINESS_PERMIT,8,140,passed,2023-03-11T17:00:00,63.19,
9299,95230,2023-01-01T18:00:00,ID_RENEWAL,10,114,flagged,2023-01-29T18:00:00,1405.21,AUDIT_DONE
9300,70204,2024-03-21T02:00:00,BIRTH_CERT,7,18,passed,2024-04-04T02:00:00,130.11,
9301,65360,2024-06-16T21:00:00,BUSINESS_PERMIT,12,161,passed,2024-07-18T21:00:00,129.12,
9302,79487,2024-06-04T15:00:00,FAMILY_STATUS,5,36,passed,2024-06-25T15:00:00,47.29,
9303,51540,2023-11-08T09:00:00,FAMILY_STATUS,7,18,passed,2024-01-02T09:00:00,113.58,
9304,11370,2024-01-12T23:00:00,FAMILY_STATUS,8,18,passed,2024-02-16T23:00:00,164.66,
9305,60613,2023-09-20T20:00:00,ID_RENEWAL,12,80,passed,2023-10-09T20:00:00,14.22,
9306,38630,2023-09-21T10:00:00,ID_RENEWAL,2,176,passed,2023-11-01T10:00:00,179.54,
9307,72028,2023-08-23T04:00:00,ID_RENEWAL,2,176,passed,2023-10-20T04:00:00,139.94,
9308,73777,2023-11-05T18:00:00,TAX_CERT,2,93,passed,2023-11-15T18:00:00,21.69,
9309,65171,2024-03-18T01:00:00,FAMILY_STATUS,8,98,passed,2024-03-29T01:00:00,175.34,
9310,82249,2023-02-28T20:00:00,FAMILY_STATUS,7,74,passed,2023-03-28T20:00:00,175.6,
9311,28366,2023-10-29T11:00:00,BIRTH_CERT,2,35,passed,2023-12-05T11:00:00,34.27,
9312,66691,2023-09-25T05:00:00,FAMILY_STATUS,9,159,passed,2023-10-29T05:00:00,22.03,
9313,51366,2024-05-02T05:00:00,BIRTH_CERT,11,70,passed,2024-05-18T05:00:00,49.28,
9314,38694,2023-11-26T15:00:00,TAX_CERT,5,179,passed,2024-01-20T15:00:00,124.37,
9315,82357,2024-05-26T11:00:00,TAX_CERT,10,149,flagged,2024-06-25T11:00:00,1068.31,AUDIT_DONE
9316,43132,2023-08-01T17:00:00,BUSINESS_PERMIT,9,23,passed,2023-09-14T17:00:00,22.36,
9317,27823,2024-03-25T11:00:00,BIRTH_CERT,7,144,flagged,2024-05-19T11:00:00,1535.87,AUDIT_DONE
9318,53225,2023-07-06T09:00:00,BUSINESS_PERMIT,11,117,passed,2023-07-21T09:00:00,6.41,
9319,64824,2024-03-29T11:00:00,TAX_CERT,11,19,passed,2024-04-22T11:00:00,64.75,
9320,66866,2024-03-09T15:00:00,ID_RENEWAL,11,109,rejected,2024-04-28T15:00:00,5.2,AUDIT_DONE
9321,70960,2024-03-19T04:00:00,TAX_CERT,10,73,flagged,2024-04-12T04:00:00,1508.12,AUDIT_DONE
9322,86979,2024-05-25T04:00:00,BIRTH_CERT,5,91,passed,2024-07-09T04:00:00,97.28,
9323,98405,2024-05-26T10:00:00,TAX_CERT,2,27,passed,2024-06-17T10:00:00,105.7,
9324,18787,2023-08-16T12:00:00,FAMILY_STATUS,4,158,passed,2023-08-24T12:00:00,172.31,
9325,70083,2023-10-06T15:00:00,BUSINESS_PERMIT,2,94,rejected,2023-11-18T15:00:00,37.01,AUDIT_DONE
9326,90883,2023-03-19T18:00:00,BUSINESS_PERMIT,5,162,passed,2023-05-09T18:00:00,124.55,
9327,50492,2023-03-22T08:00:00,ID_RENEWAL,1,158,flagged,2023-05-20T08:00:00,1345.19,AUDIT_DONE
9328,52677,2024-06-04T09:00:00,TAX_CERT,2,37,rejected,2024-06-12T09:00:00,12.6,AUDIT_DONE
9329,63174,2024-01-06T04:00:00,BIRTH_CERT,10,57,flagged,2024-02-11T04:00:00,961.86,AUDIT_DONE
9330,25624,2024-05-12T06:00:00,BIRTH_CERT,12,169,passed,2024-05-30T06:00:00,157.1,
9331,62699,2024-03-17T08:00:00,BIRTH_CERT,6,174,passed,2024-03-29T08:00:00,131.48,
9332,46430,2023-03-20T14:00:00,FAMILY_STATUS,5,147,passed,2023-05-05T14:00:00,127.85,
9333,56432,2023-06-16T05:00:00,FAMILY_STATUS,8,152,flagged,2023-06-23T05:00:00,1420.72,AUDIT_DONE
9334,83235,2023-09-28T15:00:00,BIRTH_CERT,1,15,flagged,2023-11-27T15:00:00,1299.21,AUDIT_DONE
9335,95569,2024-05-11T07:00:00,TAX_CERT,12,2,passed,2024-06-13T07:00:00,162.15,
9336,43949,2023-01-26T11:00:00,ID_RENEWAL,12,105,passed,2023-02-27T11:00:00,46.51,
9337,30873,2024-04-08T13:00:00,BIRTH_CERT,3,140,flagged,2024-05-27T13:00:00,1331.95,AUDIT_DONE
9338,81569,2023-06-30T13:00:00,BUSINESS_PERMIT,4,32,passed,2023-08-24T13:00:00,113.66,
9339,80646,2023-06-26T11:00:00,BIRTH_CERT,5,12,passed,2023-07-19T11:00:00,153.98,
9340,78010,2023-03-17T13:00:00,ID_RENEWAL,9,39,rejected,2023-04-03T13:00:00,13.94,AUDIT_DONE
9341,48801,2023-05-19T14:00:00,TAX_CERT,8,56,passed,2023-06-24T14:00:00,91.06,
9342,99239,2024-05-07T17:00:00,BIRTH_CERT,10,165,flagged,2024-06-17T17:00:00,1027.19,AUDIT_DONE
9343,45757,2024-04-26T05:00:00,ID_RENEWAL,5,36,passed,2024-05-08T05:00:00,100.23,
9344,93659,2024-01-27T10:00:00,FAMILY_STATUS,1,85,passed,2024-03-10T10:00:00,165.58,
9345,44541,2023-08-08T03:00:00,BIRTH_CERT,7,77,passed,2023-09-24T03:00:00,74.76,
9346,91928,2024-04-22T10:00:00,TAX_CERT,4,180,passed,2024-06-08T10:00:00,96.59,
9347,98346,2023-07-04T17:00:00,BIRTH_CERT,11,76,passed,2023-08-12T17:00:00,164.89,
9348,14639,2023-08-29T04:00:00,BIRTH_CERT,3,135,passed,2023-09-10T04:00:00,181.74,
9349,43667,2023-07-11T04:00:00,BIRTH_CERT,9,31,passed,2023-07-30T04:00:00,11.22,
9350,37662,2024-05-06T14:00:00,BUSINESS_PERMIT,6,164,passed,2024-05-28T14:00:00,158.5,
9351,45901,2024-03-29T17:00:00,BIRTH_CERT,4,92,passed,2024-04-26T17:00:00,170.01,
9352,37457,2023-02-03T21:00:00,BIRTH_CERT,9,105,passed,2023-02-16T21:00:00,172.78,
9353,90230,2023-05-25T07:00:00,BUSINESS_PERMIT,12,177,passed,2023-06-07T07:00:00,140.91,
9354,42684,2024-05-26T22:00:00,TAX_CERT,7,172,passed,2024-07-05T22:00:00,63.08,
9355,31807,2023-12-31T12:00:00,BIRTH_CERT,7,64,passed,2024-02-24T12:00:00,134.22,
9356,86082,2023-06-19T05:00:00,BUSINESS_PERMIT,8,3,rejected,2023-08-05T05:00:00,46.6,AUDIT_DONE
9357,85894,2024-05-26T14:00:00,BIRTH_CERT,8,61,passed,2024-06-13T14:00:00,162.79,
9358,80669,2023-11-17T01:00:00,ID_RENEWAL,8,113,passed,2023-12-21T01:00:00,27.99,
9359,97494,2023-02-24T23:00:00,TAX_CERT,11,67,flagged,2023-03-27T23:00:00,1741.17,AUDIT_DONE
9360,59234,2023-05-25T23:00:00,ID_RENEWAL,1,23,flagged,2023-06-20T23:00:00,1213.37,AUDIT_DONE
9361,33032,2023-05-14T02:00:00,TAX_CERT,5,151,flagged,2023-07-06T02:00:00,1833.82,AUDIT_DONE
9362,25816,2024-02-29T21:00:00,BIRTH_CERT,8,49,passed,2024-04-22T21:00:00,117.99,
9363,99029,2023-09-20T18:00:00,ID_RENEWAL,3,166,passed,2023-10-17T18:00:00,146.19,
9364,33209,2023-05-01T17:00:00,ID_RENEWAL,6,180,rejected,2023-06-30T17:00:00,25.2,AUDIT_DONE
9365,23304,2023-07-05T20:00:00,BIRTH_CERT,4,24,passed,2023-07-22T20:00:00,156.06,
9366,18094,2023-01-14T18:00:00,ID_RENEWAL,7,18,passed,2023-01-30T18:00:00,184.89,
9367,39439,2023-11-01T23:00:00,ID_RENEWAL,4,84,flagged,2023-12-28T23:00:00,1513.66,AUDIT_DONE
9368,78117,2024-06-17T01:00:00,ID_RENEWAL,7,82,passed,2024-07-06T01:00:00,96.54,
9369,35463,2023-04-16T13:00:00,TAX_CERT,12,87,passed,2023-05-19T13:00:00,170.2,
9370,62397,2023-09-14T11:00:00,FAMILY_STATUS,5,2,flagged,2023-09-21T11:00:00,1071.51,AUDIT_DONE
9371,78234,2024-03-08T16:00:00,FAMILY_STATUS,2,83,passed,2024-04-22T16:00:00,1.67,
9372,27055,2023-06-11T03:00:00,TAX_CERT,8,121,passed,2023-07-15T03:00:00,169.37,
9373,24042,2023-07-10T07:00:00,BIRTH_CERT,12,174,passed,2023-08-16T07:00:00,157.68,
9374,49011,2023-11-05T08:00:00,TAX_CERT,7,20,passed,2023-12-10T08:00:00,37.92,
9375,60330,2023-01-26T21:00:00,BUSINESS_PERMIT,8,101,flagged,2023-03-19T21:00:00,1556.31,AUDIT_DONE
9376,49310,2023-09-16T20:00:00,BUSINESS_PERMIT,1,4,passed,2023-11-07T20:00:00,103.82,
9377,84952,2024-03-12T12:00:00,BUSINESS_PERMIT,10,154,flagged,2024-04-10T12:00:00,1238.8,AUDIT_DONE
9378,82091,2023-01-25T14:00:00,FAMILY_STATUS,2,38,passed,2023-02-04T14:00:00,186.96,
9379,55494,2024-05-01T12:00:00,BUSINESS_PERMIT,6,180,passed,2024-06-20T12:00:00,5.79,
9380,34576,2023-06-28T05:00:00,BIRTH_CERT,11,77,flagged,2023-07-08T05:00:00,949.98,AUDIT_DONE
9381,17885,2024-06-24T02:00:00,FAMILY_STATUS,11,75,passed,2024-07-07T02:00:00,47.85,
9382,14692,2023-11-21T20:00:00,ID_RENEWAL,9,48,passed,2024-01-14T20:00:00,118.35,
9383,28994,2024-04-10T10:00:00,TAX_CERT,1,118,passed,2024-05-08T10:00:00,115.59,
9384,49884,2023-03-17T14:00:00,BIRTH_CERT,9,3,passed,2023-05-15T14:00:00,98.76,
9385,36588,2023-03-13T16:00:00,BUSINESS_PERMIT,10,52,passed,2023-04-14T16:00:00,125.27,
9386,67285,2024-05-29T08:00:00,ID_RENEWAL,3,109,flagged,2024-06-18T08:00:00,1990.81,AUDIT_DONE
9387,67085,2023-04-07T07:00:00,FAMILY_STATUS,6,88,flagged,2023-05-30T07:00:00,1872.96,AUDIT_DONE
9388,96140,2024-04-13T05:00:00,BIRTH_CERT,8,38,passed,2024-04-27T05:00:00,165.64,
9389,98407,2023-09-19T21:00:00,TAX_CERT,2,78,flagged,2023-11-16T21:00:00,1256.05,AUDIT_DONE
9390,87889,2024-06-05T01:00:00,FAMILY_STATUS,3,101,flagged,2024-08-01T01:00:00,1385.96,AUDIT_DONE
9391,63357,2024-02-21T02:00:00,FAMILY_STATUS,9,110,passed,2024-04-15T02:00:00,96.78,
9392,98237,2023-03-16T16:00:00,BIRTH_CERT,2,68,rejected,2023-05-04T16:00:00,2.6,AUDIT_DONE
9393,29024,2023-03-31T04:00:00,TAX_CERT,10,170,rejected,2023-04-19T04:00:00,21.46,AUDIT_DONE
9394,76929,2024-06-15T00:00:00,ID_RENEWAL,12,170,passed,2024-08-12T00:00:00,89.59,
9395,66883,2023-03-16T06:00:00,BUSINESS_PERMIT,5,125,passed,2023-04-28T06:00:00,165.36,
9396,66504,2023-09-08T17:00:00,FAMILY_STATUS,12,109,passed,2023-10-24T17:00:00,68.97,
9397,32686,2023-08-03T14:00:00,BUSINESS_PERMIT,7,118,rejected,2023-09-18T14:00:00,12.12,AUDIT_DONE
9398,90867,2023-11-05T19:00:00,BUSINESS_PERMIT,10,22,passed,2023-11-27T19:00:00,187.85,
9399,37871,2023-11-23T00:00:00,BUSINESS_PERMIT,6,57,passed,2023-12-12T00:00:00,184.83,
9400,55934,2023-02-07T03:00:00,ID_RENEWAL,5,110,rejected,2023-02-21T03:00:00,41.69,AUDIT_DONE
9401,34119,2023-03-26T20:00:00,BUSINESS_PERMIT,9,174,passed,2023-05-17T20:00:00,111.29,
9402,41020,2023-02-23T07:00:00,BUSINESS_PERMIT,3,44,passed,2023-03-06T07:00:00,101.15,
9403,61782,2023-02-09T09:00:00,BUSINESS_PERMIT,4,115,passed,2023-03-29T09:00:00,73.83,
9404,75115,2023-09-11T18:00:00,FAMILY_STATUS,5,5,passed,2023-09-26T18:00:00,114.21,
9405,87707,2024-06-03T08:00:00,FAMILY_STATUS,12,134,rejected,2024-07-03T08:00:00,24.44,AUDIT_DONE
9406,20890,2024-04-07T19:00:00,BIRTH_CERT,3,44,passed,2024-04-17T19:00:00,176.83,
9407,90735,2023-06-04T08:00:00,BUSINESS_PERMIT,11,97,passed,2023-07-11T08:00:00,122.45,
9408,88728,2023-07-30T07:00:00,TAX_CERT,8,31,rejected,2023-08-10T07:00:00,47.33,AUDIT_DONE
9409,64566,2023-11-23T03:00:00,FAMILY_STATUS,8,8,rejected,2023-12-07T03:00:00,22.79,AUDIT_DONE
9410,61830,2023-02-24T16:00:00,ID_RENEWAL,2,120,passed,2023-03-31T16:00:00,160.45,
9411,86062,2023-08-11T10:00:00,FAMILY_STATUS,3,74,passed,2023-09-14T10:00:00,193.61,
9412,93299,2023-12-04T07:00:00,BUSINESS_PERMIT,12,140,passed,2023-12-21T07:00:00,68.66,
9413,91245,2023-05-17T08:00:00,BIRTH_CERT,5,164,flagged,2023-06-05T08:00:00,1214.96,AUDIT_DONE
9414,21772,2024-04-03T20:00:00,FAMILY_STATUS,11,150,passed,2024-04-12T20:00:00,26.59,
9415,33593,2024-06-14T04:00:00,FAMILY_STATUS,10,43,passed,2024-08-13T04:00:00,96.64,
9416,25817,2024-01-26T17:00:00,ID_RENEWAL,7,171,passed,2024-02-03T17:00:00,75.9,
9417,20691,2024-02-16T11:00:00,FAMILY_STATUS,6,135,rejected,2024-02-29T11:00:00,19.94,AUDIT_DONE
9418,98801,2023-01-30T07:00:00,ID_RENEWAL,6,94,passed,2023-03-12T07:00:00,20.58,
9419,73381,2023-02-22T13:00:00,BUSINESS_PERMIT,7,168,passed,2023-04-13T13:00:00,84.68,
9420,45832,2023-07-10T20:00:00,TAX_CERT,2,49,rejected,2023-08-20T20:00:00,0.89,AUDIT_DONE
9421,40667,2023-02-05T00:00:00,BUSINESS_PERMIT,12,109,rejected,2023-03-22T00:00:00,36.03,AUDIT_DONE
9422,99034,2023-05-22T07:00:00,BIRTH_CERT,7,150,flagged,2023-07-06T07:00:00,936.87,AUDIT_DONE
9423,23047,2024-05-26T21:00:00,BUSINESS_PERMIT,9,116,passed,2024-07-08T21:00:00,175.14,
9424,66628,2023-07-22T21:00:00,FAMILY_STATUS,1,177,passed,2023-08-05T21:00:00,122.72,
9425,23336,2023-04-04T13:00:00,FAMILY_STATUS,9,11,passed,2023-04-22T13:00:00,165.06,
9426,76662,2023-07-23T10:00:00,BUSINESS_PERMIT,8,171,passed,2023-08-20T10:00:00,122.57,
9427,52939,2023-03-24T15:00:00,FAMILY_STATUS,1,48,passed,2023-04-22T15:00:00,132.05,
9428,17466,2023-01-15T20:00:00,FAMILY_STATUS,2,140,passed,2023-01-22T20:00:00,105.8,
9429,97012,2023-07-11T18:00:00,FAMILY_STATUS,10,68,passed,2023-08-09T18:00:00,26.22,
9430,32823,2023-07-26T20:00:00,ID_RENEWAL,4,66,passed,2023-08-15T20:00:00,137.26,
9431,96193,2023-06-27T21:00:00,TAX_CERT,5,51,flagged,2023-08-05T21:00:00,969.26,AUDIT_DONE
9432,28305,2023-09-10T22:00:00,BUSINESS_PERMIT,1,56,passed,2023-09-25T22:00:00,14.6,
9433,73377,2024-03-08T23:00:00,FAMILY_STATUS,10,4,flagged,2024-04-27T23:00:00,1786.64,AUDIT_DONE
9434,23359,2023-11-02T15:00:00,ID_RENEWAL,11,59,passed,2023-12-11T15:00:00,126.58,
9435,83192,2023-02-01T23:00:00,BUSINESS_PERMIT,8,164,flagged,2023-03-26T23:00:00,816.0,AUDIT_DONE
9436,48043,2024-03-05T12:00:00,TAX_CERT,8,136,passed,2024-03-24T12:00:00,41.22,
9437,19146,2023-09-06T11:00:00,ID_RENEWAL,11,118,passed,2023-09-15T11:00:00,43.82,
9438,36818,2024-06-03T21:00:00,BUSINESS_PERMIT,1,51,passed,2024-06-15T21:00:00,196.67,
9439,38926,2023-08-06T15:00:00,TAX_CERT,12,84,passed,2023-08-16T15:00:00,4.39,
9440,72728,2024-01-19T03:00:00,BIRTH_CERT,2,102,passed,2024-03-08T03:00:00,197.9,
9441,32016,2023-10-22T11:00:00,FAMILY_STATUS,11,116,passed,2023-12-19T11:00:00,46.99,
9442,10488,2023-09-04T00:00:00,TAX_CERT,4,69,passed,2023-10-08T00:00:00,25.13,
9443,69020,2024-03-27T07:00:00,TAX_CERT,3,33,passed,2024-04-11T07:00:00,123.39,
9444,12130,2024-06-13T14:00:00,BIRTH_CERT,1,34,passed,2024-06-20T14:00:00,60.49,
9445,89348,2024-05-15T10:00:00,FAMILY_STATUS,2,18,passed,2024-06-06T10:00:00,37.28,
9446,83085,2023-01-12T18:00:00,BIRTH_CERT,10,106,passed,2023-03-13T18:00:00,93.57,
9447,78673,2024-01-02T20:00:00,ID_RENEWAL,7,71,flagged,2024-02-21T20:00:00,1225.94,AUDIT_DONE
9448,83506,2024-03-28T02:00:00,FAMILY_STATUS,4,10,passed,2024-04-13T02:00:00,178.54,
9449,36724,2023-11-02T05:00:00,TAX_CERT,12,43,passed,2023-12-26T05:00:00,108.96,
9450,16594,2023-05-11T02:00:00,FAMILY_STATUS,4,59,flagged,2023-06-28T02:00:00,1860.83,AUDIT_DONE
9451,88149,2023-06-19T19:00:00,TAX_CERT,6,97,passed,2023-07-04T19:00:00,5.78,
9452,13134,2023-01-02T18:00:00,BUSINESS_PERMIT,6,129,passed,2023-01-19T18:00:00,36.52,
9453,61490,2023-12-31T04:00:00,BIRTH_CERT,1,6,flagged,2024-01-29T04:00:00,1006.67,AUDIT_DONE
9454,93597,2023-08-05T02:00:00,ID_RENEWAL,9,111,passed,2023-08-26T02:00:00,141.26,
9455,10916,2023-09-30T07:00:00,FAMILY_STATUS,9,123,passed,2023-10-22T07:00:00,46.2,
9456,11877,2023-08-22T11:00:00,ID_RENEWAL,10,108,passed,2023-09-13T11:00:00,97.6,
9457,42005,2024-05-16T12:00:00,BIRTH_CERT,4,163,passed,2024-07-04T12:00:00,27.44,
9458,22401,2024-03-26T12:00:00,FAMILY_STATUS,8,67,passed,2024-05-09T12:00:00,17.74,
9459,18207,2023-05-30T00:00:00,FAMILY_STATUS,4,128,passed,2023-06-25T00:00:00,78.59,
9460,71823,2023-09-12T02:00:00,BIRTH_CERT,5,8,passed,2023-10-24T02:00:00,117.86,
9461,70549,2023-11-13T05:00:00,ID_RENEWAL,10,95,passed,2024-01-05T05:00:00,156.19,
9462,80367,2024-06-10T18:00:00,BIRTH_CERT,5,48,passed,2024-08-06T18:00:00,56.39,
9463,81445,2024-06-02T11:00:00,FAMILY_STATUS,7,173,passed,2024-07-21T11:00:00,1.62,
9464,62970,2023-06-02T02:00:00,FAMILY_STATUS,3,14,passed,2023-06-14T02:00:00,57.37,
9465,80829,2024-01-04T22:00:00,BUSINESS_PERMIT,2,95,passed,2024-01-27T22:00:00,171.28,
9466,58117,2023-02-02T06:00:00,ID_RENEWAL,3,31,passed,2023-03-20T06:00:00,2.98,
9467,11150,2024-06-13T08:00:00,TAX_CERT,3,60,passed,2024-07-06T08:00:00,72.55,
9468,19100,2023-03-12T13:00:00,TAX_CERT,10,139,passed,2023-04-23T13:00:00,181.08,
9469,28720,2023-12-17T20:00:00,FAMILY_STATUS,7,53,passed,2024-01-02T20:00:00,194.23,
9470,97229,2023-10-22T13:00:00,BUSINESS_PERMIT,3,110,passed,2023-11-21T13:00:00,82.31,
9471,27314,2024-04-06T04:00:00,BUSINESS_PERMIT,4,87,passed,2024-05-13T04:00:00,170.16,
9472,71234,2023-10-15T22:00:00,ID_RENEWAL,9,76,passed,2023-11-02T22:00:00,119.02,
9473,22927,2023-12-28T18:00:00,BUSINESS_PERMIT,10,68,rejected,2024-01-28T18:00:00,45.99,AUDIT_DONE
9474,48098,2023-08-18T10:00:00,BUSINESS_PERMIT,4,103,passed,2023-09-12T10:00:00,141.27,
9475,18313,2023-01-03T13:00:00,TAX_CERT,12,179,passed,2023-02-26T13:00:00,0.95,
9476,13063,2024-01-30T00:00:00,BUSINESS_PERMIT,3,163,passed,2024-02-09T00:00:00,183.36,
9477,28980,2023-03-08T03:00:00,TAX_CERT,1,110,rejected,2023-05-02T03:00:00,25.43,AUDIT_DONE
9478,76833,2023-05-29T11:00:00,ID_RENEWAL,11,131,passed,2023-07-15T11:00:00,124.27,
9479,89180,2023-03-05T17:00:00,FAMILY_STATUS,9,26,passed,2023-04-21T17:00:00,60.15,
9480,32872,2024-02-01T21:00:00,TAX_CERT,6,68,passed,2024-02-25T21:00:00,13.62,
9481,25706,2024-02-26T01:00:00,BUSINESS_PERMIT,7,159,passed,2024-03-15T01:00:00,157.31,
9482,63982,2023-06-12T23:00:00,BUSINESS_PERMIT,10,81,flagged,2023-07-24T23:00:00,1625.07,AUDIT_DONE
9483,73307,2024-03-30T16:00:00,FAMILY_STATUS,3,55,flagged,2024-05-02T16:00:00,1591.58,AUDIT_DONE
9484,82957,2024-03-16T23:00:00,BUSINESS_PERMIT,8,106,flagged,2024-05-05T23:00:00,1501.74,AUDIT_DONE
9485,53790,2023-08-18T14:00:00,BIRTH_CERT,9,121,flagged,2023-09-16T14:00:00,1592.21,AUDIT_DONE
9486,46993,2024-03-31T03:00:00,BIRTH_CERT,2,134,passed,2024-04-15T03:00:00,96.29,
9487,72692,2023-04-27T16:00:00,BIRTH_CERT,12,114,passed,2023-05-17T16:00:00,86.69,
9488,37747,2024-04-11T08:00:00,TAX_CERT,8,40,flagged,2024-05-16T08:00:00,1721.06,AUDIT_DONE
9489,90672,2024-01-30T23:00:00,TAX_CERT,9,29,passed,2024-03-19T23:00:00,13.13,
9490,92568,2024-02-13T09:00:00,TAX_CERT,1,124,passed,2024-04-04T09:00:00,26.68,
9491,90892,2023-06-08T22:00:00,BUSINESS_PERMIT,1,124,passed,2023-07-05T22:00:00,199.0,
9492,46660,2023-07-05T23:00:00,FAMILY_STATUS,5,23,passed,2023-07-21T23:00:00,184.29,
9493,99539,2023-04-22T23:00:00,ID_RENEWAL,3,62,passed,2023-06-10T23:00:00,14.58,
9494,54807,2023-10-04T05:00:00,ID_RENEWAL,2,90,passed,2023-10-27T05:00:00,68.53,
9495,17419,2023-09-15T07:00:00,BIRTH_CERT,5,56,passed,2023-09-25T07:00:00,29.65,
9496,17858,2024-01-27T21:00:00,TAX_CERT,10,151,passed,2024-02-07T21:00:00,7.13,
9497,96180,2023-09-15T22:00:00,TAX_CERT,2,93,passed,2023-10-31T22:00:00,150.38,
9498,27754,2023-07-12T09:00:00,BUSINESS_PERMIT,10,73,passed,2023-09-10T09:00:00,49.38,
9499,46049,2023-03-04T13:00:00,BIRTH_CERT,1,115,passed,2023-03-15T13:00:00,145.47,
9500,74577,2024-05-05T12:00:00,ID_RENEWAL,5,37,passed,2024-05-18T12:00:00,199.59,
9501,95737,2023-08-29T04:00:00,BUSINESS_PERMIT,5,45,passed,2023-10-04T04:00:00,56.51,
9502,14721,2023-06-05T22:00:00,FAMILY_STATUS,12,21,rejected,2023-06-15T22:00:00,5.26,AUDIT_DONE
9503,30877,2023-06-16T09:00:00,BUSINESS_PERMIT,6,160,passed,2023-06-29T09:00:00,124.25,
9504,30502,2023-05-04T15:00:00,BUSINESS_PERMIT,3,10,passed,2023-05-12T15:00:00,107.61,
9505,25352,2023-02-05T20:00:00,ID_RENEWAL,10,70,passed,2023-02-22T20:00:00,18.18,
9506,95519,2024-05-16T03:00:00,BUSINESS_PERMIT,8,134,flagged,2024-06-14T03:00:00,1665.34,AUDIT_DONE
9507,45740,2023-04-03T11:00:00,BUSINESS_PERMIT,7,62,passed,2023-05-05T11:00:00,108.58,
9508,10689,2023-12-13T20:00:00,BUSINESS_PERMIT,1,73,flagged,2024-01-13T20:00:00,1250.8,AUDIT_DONE
9509,96471,2023-06-13T16:00:00,BUSINESS_PERMIT,6,59,passed,2023-07-30T16:00:00,163.67,
9510,20006,2023-11-13T19:00:00,ID_RENEWAL,3,144,passed,2023-12-20T19:00:00,13.43,
9511,40465,2023-07-26T22:00:00,TAX_CERT,7,60,passed,2023-08-09T22:00:00,57.78,
9512,67251,2023-05-01T02:00:00,FAMILY_STATUS,12,37,passed,2023-05-11T02:00:00,97.81,
9513,84864,2023-11-24T09:00:00,BIRTH_CERT,8,136,flagged,2024-01-21T09:00:00,1045.77,AUDIT_DONE
9514,15237,2023-01-21T08:00:00,TAX_CERT,10,122,passed,2023-02-12T08:00:00,17.89,
9515,53895,2023-08-20T15:00:00,ID_RENEWAL,10,156,passed,2023-09-28T15:00:00,14.2,
9516,47038,2023-06-14T19:00:00,ID_RENEWAL,8,103,passed,2023-07-07T19:00:00,156.09,
9517,95013,2023-08-03T00:00:00,ID_RENEWAL,12,82,passed,2023-09-24T00:00:00,85.14,
9518,55119,2023-10-25T00:00:00,FAMILY_STATUS,7,150,flagged,2023-11-03T00:00:00,1270.15,AUDIT_DONE
9519,83071,2023-06-08T17:00:00,BIRTH_CERT,7,56,passed,2023-06-17T17:00:00,97.7,
9520,41916,2023-12-12T03:00:00,BIRTH_CERT,8,79,passed,2023-12-23T03:00:00,58.02,
9521,56059,2023-05-13T10:00:00,FAMILY_STATUS,9,167,passed,2023-07-01T10:00:00,49.08,
9522,60244,2023-05-29T12:00:00,ID_RENEWAL,4,118,passed,2023-06-08T12:00:00,107.07,
9523,37374,2024-05-22T15:00:00,BIRTH_CERT,10,154,passed,2024-07-16T15:00:00,8.96,
9524,92878,2023-03-30T01:00:00,FAMILY_STATUS,1,102,passed,2023-05-14T01:00:00,0.53,
9525,66229,2023-01-29T14:00:00,BIRTH_CERT,7,32,passed,2023-03-09T14:00:00,134.23,
9526,41644,2024-04-23T03:00:00,TAX_CERT,11,112,passed,2024-06-19T03:00:00,96.24,
9527,25279,2023-05-30T03:00:00,FAMILY_STATUS,1,154,passed,2023-06-12T03:00:00,9.23,
9528,85230,2024-06-22T19:00:00,BIRTH_CERT,3,30,passed,2024-06-30T19:00:00,110.95,
9529,98041,2023-10-14T14:00:00,BUSINESS_PERMIT,10,50,passed,2023-11-04T14:00:00,167.42,
9530,11831,2023-09-21T12:00:00,BIRTH_CERT,10,3,passed,2023-10-05T12:00:00,84.3,
9531,29350,2024-03-13T01:00:00,TAX_CERT,4,60,passed,2024-05-08T01:00:00,31.05,
9532,75116,2023-06-19T05:00:00,TAX_CERT,4,96,passed,2023-08-08T05:00:00,63.36,
9533,13687,2024-04-21T22:00:00,ID_RENEWAL,1,86,passed,2024-05-18T22:00:00,150.89,
9534,67840,2024-03-30T04:00:00,BUSINESS_PERMIT,1,105,passed,2024-05-25T04:00:00,71.99,
9535,26098,2024-02-20T15:00:00,TAX_CERT,12,120,passed,2024-03-28T15:00:00,156.31,
9536,75069,2023-01-11T16:00:00,TAX_CERT,11,66,flagged,2023-02-25T16:00:00,1403.17,AUDIT_DONE
9537,76600,2023-01-02T01:00:00,BIRTH_CERT,7,109,passed,2023-02-05T01:00:00,123.45,
9538,41770,2024-01-20T11:00:00,BUSINESS_PERMIT,8,80,passed,2024-03-15T11:00:00,154.56,
9539,74784,2024-04-21T20:00:00,FAMILY_STATUS,1,111,flagged,2024-06-14T20:00:00,1480.74,AUDIT_DONE
9540,94949,2023-01-09T00:00:00,ID_RENEWAL,4,135,passed,2023-02-04T00:00:00,144.01,
9541,19190,2023-09-21T06:00:00,FAMILY_STATUS,9,139,passed,2023-10-11T06:00:00,70.71,
9542,49647,2023-01-07T00:00:00,BIRTH_CERT,6,178,passed,2023-01-26T00:00:00,74.17,
9543,19015,2023-11-25T20:00:00,FAMILY_STATUS,9,76,flagged,2023-12-27T20:00:00,1196.5,AUDIT_DONE
9544,69147,2023-03-06T23:00:00,BUSINESS_PERMIT,8,134,passed,2023-05-03T23:00:00,176.65,
9545,84805,2023-01-29T03:00:00,BIRTH_CERT,9,51,passed,2023-03-20T03:00:00,71.79,
9546,94501,2023-05-01T22:00:00,FAMILY_STATUS,7,153,passed,2023-05-22T22:00:00,133.4,
9547,66040,2023-06-03T08:00:00,ID_RENEWAL,11,105,flagged,2023-07-28T08:00:00,1511.86,AUDIT_DONE
9548,99222,2023-09-24T22:00:00,ID_RENEWAL,3,84,passed,2023-10-17T22:00:00,116.34,
9549,85301,2023-03-12T19:00:00,BIRTH_CERT,4,147,flagged,2023-04-23T19:00:00,1672.17,AUDIT_DONE
9550,46625,2023-03-23T22:00:00,FAMILY_STATUS,12,131,flagged,2023-04-10T22:00:00,1083.01,AUDIT_DONE
9551,51280,2024-01-06T15:00:00,BIRTH_CERT,12,80,flagged,2024-01-24T15:00:00,1174.37,AUDIT_DONE
9552,86377,2023-12-30T20:00:00,FAMILY_STATUS,2,41,rejected,2024-02-23T20:00:00,27.85,AUDIT_DONE
9553,75698,2023-05-26T18:00:00,TAX_CERT,12,57,flagged,2023-07-12T18:00:00,1671.38,AUDIT_DONE
9554,27775,2023-04-16T01:00:00,ID_RENEWAL,7,40,passed,2023-05-15T01:00:00,110.51,
9555,36513,2023-02-13T01:00:00,TAX_CERT,12,118,passed,2023-02-24T01:00:00,119.31,
9556,44015,2023-12-27T14:00:00,BIRTH_CERT,1,166,flagged,2024-01-08T14:00:00,1144.45,AUDIT_DONE
9557,90539,2023-05-27T04:00:00,FAMILY_STATUS,5,54,flagged,2023-06-24T04:00:00,821.96,AUDIT_DONE
9558,37389,2024-05-31T16:00:00,BIRTH_CERT,9,94,flagged,2024-07-05T16:00:00,1792.06,AUDIT_DONE
9559,81245,2023-08-14T19:00:00,FAMILY_STATUS,8,69,passed,2023-08-21T19:00:00,196.93,
9560,86926,2023-12-30T01:00:00,BIRTH_CERT,3,170,passed,2024-01-29T01:00:00,152.18,
9561,84914,2023-04-23T08:00:00,FAMILY_STATUS,11,61,flagged,2023-06-19T08:00:00,1180.27,AUDIT_DONE
9562,71766,2023-11-23T13:00:00,ID_RENEWAL,10,32,passed,2023-11-30T13:00:00,32.33,
9563,88636,2023-09-11T13:00:00,TAX_CERT,12,125,passed,2023-10-20T13:00:00,164.29,
9564,95474,2024-04-30T06:00:00,TAX_CERT,7,57,flagged,2024-05-29T06:00:00,857.62,AUDIT_DONE
9565,26111,2024-04-28T15:00:00,BIRTH_CERT,4,120,passed,2024-05-10T15:00:00,108.46,
9566,29679,2023-11-05T08:00:00,BIRTH_CERT,9,127,passed,2023-12-04T08:00:00,170.36,
9567,54837,2023-04-14T17:00:00,FAMILY_STATUS,5,75,passed,2023-05-01T17:00:00,4.53,
9568,37759,2024-06-12T14:00:00,ID_RENEWAL,9,40,passed,2024-06-26T14:00:00,92.7,
9569,55373,2023-07-03T05:00:00,FAMILY_STATUS,1,60,passed,2023-08-19T05:00:00,165.67,
9570,10022,2023-02-13T11:00:00,ID_RENEWAL,11,60,passed,2023-04-10T11:00:00,136.19,
9571,64571,2024-03-03T08:00:00,ID_RENEWAL,11,118,passed,2024-03-13T08:00:00,72.23,
9572,51881,2023-08-23T06:00:00,ID_RENEWAL,8,18,passed,2023-10-01T06:00:00,76.1,
9573,47865,2023-01-22T04:00:00,BUSINESS_PERMIT,12,179,rejected,2023-03-22T04:00:00,37.28,AUDIT_DONE
9574,32728,2023-11-27T08:00:00,TAX_CERT,9,27,passed,2023-12-17T08:00:00,153.21,
9575,20432,2023-01-23T12:00:00,BIRTH_CERT,2,91,passed,2023-01-31T12:00:00,63.3,
9576,51117,2023-03-22T14:00:00,ID_RENEWAL,8,155,rejected,2023-05-04T14:00:00,35.61,AUDIT_DONE
9577,34044,2023-11-03T14:00:00,TAX_CERT,11,180,passed,2023-12-05T14:00:00,172.21,
9578,70930,2023-11-27T01:00:00,FAMILY_STATUS,2,116,flagged,2023-12-08T01:00:00,1199.66,AUDIT_DONE
9579,63578,2023-02-08T19:00:00,ID_RENEWAL,3,51,flagged,2023-03-01T19:00:00,1742.81,AUDIT_DONE
9580,92571,2023-11-12T20:00:00,ID_RENEWAL,5,125,passed,2024-01-06T20:00:00,194.52,
9581,26776,2024-03-05T13:00:00,BUSINESS_PERMIT,1,92,passed,2024-04-01T13:00:00,76.03,
9582,52636,2023-07-30T18:00:00,BIRTH_CERT,9,64,rejected,2023-08-16T18:00:00,36.54,AUDIT_DONE
9583,11114,2024-05-30T05:00:00,ID_RENEWAL,3,22,passed,2024-07-04T05:00:00,119.56,
9584,61876,2024-03-18T04:00:00,BIRTH_CERT,11,75,passed,2024-03-29T04:00:00,53.72,
9585,80938,2024-02-26T02:00:00,FAMILY_STATUS,4,126,passed,2024-04-25T02:00:00,52.32,
9586,28203,2024-05-01T16:00:00,BUSINESS_PERMIT,6,58,passed,2024-06-28T16:00:00,142.75,
9587,83736,2023-10-26T07:00:00,ID_RENEWAL,10,63,rejected,2023-11-09T07:00:00,35.7,AUDIT_DONE
9588,63769,2024-01-25T11:00:00,TAX_CERT,5,81,passed,2024-02-02T11:00:00,183.58,
9589,90395,2023-02-26T18:00:00,FAMILY_STATUS,11,81,flagged,2023-04-05T18:00:00,1684.93,AUDIT_DONE
9590,87998,2024-05-27T20:00:00,TAX_CERT,7,16,passed,2024-07-26T20:00:00,70.76,
9591,64724,2023-07-14T20:00:00,BIRTH_CERT,11,57,flagged,2023-07-24T20:00:00,825.82,AUDIT_DONE
9592,47036,2023-07-10T04:00:00,FAMILY_STATUS,1,83,passed,2023-08-18T04:00:00,161.99,
9593,68582,2023-06-15T17:00:00,FAMILY_STATUS,2,53,passed,2023-07-12T17:00:00,93.68,
9594,82085,2023-06-03T07:00:00,TAX_CERT,3,97,passed,2023-06-23T07:00:00,195.28,
9595,15643,2023-04-26T03:00:00,TAX_CERT,9,106,passed,2023-06-22T03:00:00,152.87,
9596,86906,2024-01-16T10:00:00,BIRTH_CERT,2,63,passed,2024-03-03T10:00:00,112.77,
9597,48109,2024-02-06T05:00:00,BIRTH_CERT,10,77,passed,2024-03-10T05:00:00,157.73,
9598,32879,2024-05-25T15:00:00,ID_RENEWAL,1,122,passed,2024-06-25T15:00:00,58.32,
9599,62351,2023-12-31T11:00:00,BIRTH_CERT,6,35,passed,2024-01-14T11:00:00,51.2,
9600,25026,2023-04-16T18:00:00,BIRTH_CERT,6,125,passed,2023-05-12T18:00:00,113.46,
9601,49463,2023-01-16T08:00:00,BUSINESS_PERMIT,6,68,flagged,2023-02-12T08:00:00,858.91,AUDIT_DONE
9602,75770,2024-06-22T23:00:00,BIRTH_CERT,3,156,passed,2024-08-07T23:00:00,11.21,
9603,68203,2024-02-01T13:00:00,ID_RENEWAL,7,19,rejected,2024-03-12T13:00:00,32.99,AUDIT_DONE
9604,11662,2023-01-14T14:00:00,ID_RENEWAL,5,157,flagged,2023-03-13T14:00:00,1465.18,AUDIT_DONE
9605,25056,2024-03-01T02:00:00,FAMILY_STATUS,9,11,passed,2024-03-20T02:00:00,6.46,
9606,63855,2024-01-14T13:00:00,TAX_CERT,8,119,flagged,2024-01-28T13:00:00,1180.37,AUDIT_DONE
9607,56577,2024-01-12T19:00:00,ID_RENEWAL,3,161,passed,2024-03-08T19:00:00,56.05,
9608,85682,2024-04-06T13:00:00,ID_RENEWAL,6,79,passed,2024-05-15T13:00:00,199.2,
9609,57523,2023-11-21T11:00:00,ID_RENEWAL,10,62,passed,2023-12-29T11:00:00,116.98,
9610,30796,2023-11-11T04:00:00,ID_RENEWAL,6,129,passed,2023-11-27T04:00:00,148.73,
9611,11450,2023-06-15T00:00:00,ID_RENEWAL,4,121,flagged,2023-06-22T00:00:00,1757.71,AUDIT_DONE
9612,24308,2023-11-06T10:00:00,FAMILY_STATUS,3,62,passed,2023-12-22T10:00:00,26.21,
9613,85061,2023-05-17T20:00:00,FAMILY_STATUS,1,68,flagged,2023-06-06T20:00:00,1384.98,AUDIT_DONE
9614,76926,2023-08-13T16:00:00,FAMILY_STATUS,5,50,passed,2023-10-03T16:00:00,96.69,
9615,95085,2024-02-25T13:00:00,FAMILY_STATUS,1,156,passed,2024-03-10T13:00:00,143.14,
9616,84604,2023-02-22T20:00:00,TAX_CERT,4,56,rejected,2023-03-16T20:00:00,49.01,AUDIT_DONE
9617,16911,2024-01-26T23:00:00,BUSINESS_PERMIT,1,92,passed,2024-03-21T23:00:00,29.65,
9618,74175,2023-07-26T02:00:00,BUSINESS_PERMIT,2,93,flagged,2023-08-28T02:00:00,1714.36,AUDIT_DONE
9619,13427,2023-06-29T07:00:00,ID_RENEWAL,9,110,passed,2023-07-20T07:00:00,26.52,
9620,38205,2024-01-21T02:00:00,BIRTH_CERT,9,15,passed,2024-03-10T02:00:00,195.56,
9621,11002,2024-03-24T18:00:00,FAMILY_STATUS,5,41,passed,2024-04-18T18:00:00,134.94,
9622,62696,2023-10-29T15:00:00,BIRTH_CERT,6,96,passed,2023-12-17T15:00:00,167.75,
9623,81753,2024-06-16T07:00:00,ID_RENEWAL,3,48,passed,2024-08-06T07:00:00,115.68,
9624,21072,2023-06-16T16:00:00,BUSINESS_PERMIT,11,2,passed,2023-07-29T16:00:00,13.62,
9625,73894,2024-04-26T22:00:00,BUSINESS_PERMIT,1,21,passed,2024-05-14T22:00:00,137.58,
9626,83529,2023-04-29T14:00:00,BUSINESS_PERMIT,10,87,passed,2023-06-15T14:00:00,103.75,
9627,47075,2024-02-11T13:00:00,FAMILY_STATUS,2,40,passed,2024-04-03T13:00:00,90.1,
9628,73080,2023-11-15T03:00:00,FAMILY_STATUS,6,97,passed,2024-01-12T03:00:00,57.19,
9629,25263,2024-06-24T05:00:00,BIRTH_CERT,5,137,passed,2024-08-04T05:00:00,29.09,
9630,97492,2023-01-15T03:00:00,FAMILY_STATUS,3,158,passed,2023-02-08T03:00:00,70.35,
9631,68614,2023-11-21T14:00:00,ID_RENEWAL,4,84,passed,2024-01-18T14:00:00,52.72,
9632,58709,2023-11-08T20:00:00,TAX_CERT,10,22,passed,2023-12-12T20:00:00,8.3,
9633,37663,2024-05-25T09:00:00,ID_RENEWAL,1,68,passed,2024-06-18T09:00:00,50.27,
9634,23000,2023-07-02T18:00:00,TAX_CERT,1,61,passed,2023-07-29T18:00:00,35.3,
9635,35569,2023-09-19T14:00:00,BUSINESS_PERMIT,3,147,passed,2023-10-10T14:00:00,81.08,
9636,99497,2023-02-03T20:00:00,BIRTH_CERT,1,154,passed,2023-04-03T20:00:00,13.89,
9637,22955,2023-03-27T21:00:00,FAMILY_STATUS,3,38,passed,2023-04-30T21:00:00,143.97,
9638,72121,2023-09-18T04:00:00,FAMILY_STATUS,6,179,passed,2023-10-29T04:00:00,181.99,
9639,38440,2023-07-05T05:00:00,TAX_CERT,4,31,passed,2023-07-17T05:00:00,101.45,
9640,91660,2024-05-09T11:00:00,BUSINESS_PERMIT,8,7,passed,2024-05-17T11:00:00,184.17,
9641,39999,2023-05-01T23:00:00,BUSINESS_PERMIT,9,24,passed,2023-05-27T23:00:00,106.96,
9642,23907,2023-05-29T20:00:00,BIRTH_CERT,8,168,passed,2023-07-21T20:00:00,168.9,
9643,27672,2024-04-20T06:00:00,BIRTH_CERT,2,123,flagged,2024-05-17T06:00:00,1849.39,AUDIT_DONE
9644,61148,2024-05-05T13:00:00,BIRTH_CERT,5,42,flagged,2024-06-22T13:00:00,1410.1,AUDIT_DONE
9645,56157,2023-11-21T03:00:00,BIRTH_CERT,10,40,passed,2024-01-09T03:00:00,97.49,
9646,90221,2024-02-13T19:00:00,ID_RENEWAL,3,116,flagged,2024-04-02T19:00:00,1139.99,AUDIT_DONE
9647,20751,2023-02-24T07:00:00,ID_RENEWAL,10,31,passed,2023-04-04T07:00:00,8.3,
9648,81322,2023-04-19T03:00:00,BUSINESS_PERMIT,8,9,passed,2023-05-27T03:00:00,57.94,
9649,70678,2023-08-24T15:00:00,ID_RENEWAL,5,131,passed,2023-10-16T15:00:00,27.14,
9650,92371,2023-05-12T01:00:00,ID_RENEWAL,8,62,passed,2023-05-22T01:00:00,96.61,
9651,18570,2024-03-02T21:00:00,ID_RENEWAL,4,32,passed,2024-04-10T21:00:00,115.77,
9652,74245,2024-04-07T15:00:00,FAMILY_STATUS,2,149,passed,2024-05-11T15:00:00,183.38,
9653,81847,2023-03-09T21:00:00,FAMILY_STATUS,7,99,rejected,2023-04-02T21:00:00,2.54,AUDIT_DONE
9654,97261,2024-06-20T17:00:00,TAX_CERT,11,74,flagged,2024-07-14T17:00:00,1761.41,AUDIT_DONE
9655,62957,2023-10-21T10:00:00,FAMILY_STATUS,1,70,flagged,2023-11-29T10:00:00,1696.02,AUDIT_DONE
9656,51441,2023-12-29T07:00:00,ID_RENEWAL,9,109,passed,2024-01-23T07:00:00,197.88,
9657,41118,2023-06-26T13:00:00,ID_RENEWAL,6,46,passed,2023-07-31T13:00:00,83.11,
9658,80657,2023-12-18T11:00:00,TAX_CERT,3,81,flagged,2024-01-23T11:00:00,910.19,AUDIT_DONE
9659,82455,2023-07-06T02:00:00,BUSINESS_PERMIT,2,39,passed,2023-07-19T02:00:00,107.78,
9660,98542,2024-06-13T11:00:00,FAMILY_STATUS,1,101,passed,2024-07-23T11:00:00,65.16,
9661,47871,2024-03-02T23:00:00,FAMILY_STATUS,12,152,passed,2024-03-09T23:00:00,96.97,
9662,49679,2024-01-21T16:00:00,TAX_CERT,12,142,passed,2024-02-12T16:00:00,183.41,
9663,93709,2023-11-08T05:00:00,BUSINESS_PERMIT,4,93,passed,2023-12-18T05:00:00,106.1,
9664,33853,2023-01-12T00:00:00,BUSINESS_PERMIT,6,35,passed,2023-02-13T00:00:00,159.28,
9665,92191,2023-06-30T10:00:00,FAMILY_STATUS,9,104,passed,2023-07-11T10:00:00,36.78,
9666,43906,2023-01-11T22:00:00,TAX_CERT,9,70,rejected,2023-02-16T22:00:00,36.36,AUDIT_DONE
9667,32335,2024-02-27T03:00:00,ID_RENEWAL,6,162,flagged,2024-04-25T03:00:00,1361.2,AUDIT_DONE
9668,34126,2024-01-20T04:00:00,ID_RENEWAL,8,96,passed,2024-03-12T04:00:00,38.31,
9669,39250,2023-01-26T13:00:00,BUSINESS_PERMIT,2,29,flagged,2023-03-24T13:00:00,1610.97,AUDIT_DONE
9670,80728,2023-12-20T04:00:00,ID_RENEWAL,10,178,passed,2024-01-14T04:00:00,93.92,
9671,51816,2023-06-22T22:00:00,BIRTH_CERT,4,60,passed,2023-07-14T22:00:00,71.74,
9672,97295,2023-09-17T21:00:00,BIRTH_CERT,6,153,passed,2023-10-07T21:00:00,160.35,
9673,90060,2023-11-12T12:00:00,BIRTH_CERT,1,116,passed,2023-12-14T12:00:00,194.16,
9674,66160,2023-05-07T10:00:00,ID_RENEWAL,6,83,passed,2023-06-21T10:00:00,38.7,
9675,10887,2023-11-15T15:00:00,FAMILY_STATUS,11,83,rejected,2024-01-01T15:00:00,5.82,AUDIT_DONE
9676,77879,2023-07-09T08:00:00,BIRTH_CERT,3,83,rejected,2023-08-08T08:00:00,12.99,AUDIT_DONE
9677,81694,2023-08-03T06:00:00,FAMILY_STATUS,4,87,passed,2023-09-06T06:00:00,89.56,
9678,45406,2023-07-16T16:00:00,BUSINESS_PERMIT,5,152,passed,2023-08-25T16:00:00,54.06,
9679,91380,2024-04-20T04:00:00,TAX_CERT,8,158,rejected,2024-04-28T04:00:00,7.71,AUDIT_DONE
9680,47344,2024-05-24T14:00:00,BUSINESS_PERMIT,12,19,passed,2024-07-13T14:00:00,198.2,
9681,40925,2023-09-20T01:00:00,BUSINESS_PERMIT,9,128,passed,2023-10-27T01:00:00,20.03,
9682,57644,2023-04-23T16:00:00,TAX_CERT,9,87,passed,2023-05-17T16:00:00,68.71,
9683,24533,2023-04-28T12:00:00,BIRTH_CERT,5,43,passed,2023-05-10T12:00:00,138.54,
9684,92629,2023-02-21T16:00:00,BIRTH_CERT,3,176,flagged,2023-03-16T16:00:00,1525.12,AUDIT_DONE
9685,57798,2023-11-23T04:00:00,BIRTH_CERT,2,21,passed,2024-01-20T04:00:00,22.5,
9686,71998,2023-11-15T13:00:00,BIRTH_CERT,4,49,passed,2024-01-08T13:00:00,21.46,
9687,71203,2023-09-16T04:00:00,BUSINESS_PERMIT,8,108,rejected,2023-09-29T04:00:00,45.38,AUDIT_DONE
9688,35768,2023-01-27T12:00:00,BUSINESS_PERMIT,10,165,passed,2023-02-17T12:00:00,159.74,
9689,89998,2023-03-04T21:00:00,BIRTH_CERT,2,154,passed,2023-04-18T21:00:00,75.83,
9690,63474,2024-02-21T23:00:00,FAMILY_STATUS,6,17,flagged,2024-03-12T23:00:00,1568.54,AUDIT_DONE
9691,50900,2024-03-16T05:00:00,FAMILY_STATUS,10,98,flagged,2024-04-14T05:00:00,1486.31,AUDIT_DONE
9692,26292,2023-07-04T02:00:00,TAX_CERT,10,11,flagged,2023-08-10T02:00:00,999.62,AUDIT_DONE
9693,17637,2023-11-23T17:00:00,BIRTH_CERT,5,3,passed,2024-01-20T17:00:00,98.86,
9694,16279,2023-09-11T23:00:00,ID_RENEWAL,1,113,passed,2023-10-14T23:00:00,180.58,
9695,67285,2024-05-14T18:00:00,BIRTH_CERT,8,66,passed,2024-06-20T18:00:00,171.88,
9696,51035,2023-12-25T12:00:00,FAMILY_STATUS,5,67,flagged,2024-01-10T12:00:00,1513.12,AUDIT_DONE
9697,50411,2023-08-25T07:00:00,BUSINESS_PERMIT,5,137,flagged,2023-09-21T07:00:00,1257.26,AUDIT_DONE
9698,65302,2023-03-03T00:00:00,FAMILY_STATUS,3,46,rejected,2023-04-07T00:00:00,33.27,AUDIT_DONE
9699,58997,2024-02-04T11:00:00,BIRTH_CERT,4,18,flagged,2024-03-24T11:00:00,1397.22,AUDIT_DONE
9700,26733,2023-12-13T18:00:00,TAX_CERT,7,35,passed,2024-01-05T18:00:00,126.0,
9701,41529,2023-08-26T09:00:00,FAMILY_STATUS,11,32,flagged,2023-10-16T09:00:00,983.41,AUDIT_DONE
9702,90376,2023-09-01T20:00:00,BUSINESS_PERMIT,8,6,passed,2023-10-03T20:00:00,68.13,
9703,94258,2024-06-08T11:00:00,BIRTH_CERT,8,92,passed,2024-07-09T11:00:00,119.42,
9704,40818,2023-04-17T06:00:00,TAX_CERT,10,68,passed,2023-05-08T06:00:00,156.43,
9705,46839,2024-05-10T12:00:00,BIRTH_CERT,7,23,passed,2024-06-18T12:00:00,43.54,
9706,32866,2023-04-17T03:00:00,FAMILY_STATUS,8,39,flagged,2023-05-01T03:00:00,978.52,AUDIT_DONE
9707,50324,2024-05-07T09:00:00,BUSINESS_PERMIT,9,31,flagged,2024-05-25T09:00:00,1740.2,AUDIT_DONE
9708,10737,2023-02-23T20:00:00,BIRTH_CERT,7,59,passed,2023-04-04T20:00:00,21.56,
9709,92183,2023-12-05T11:00:00,BIRTH_CERT,5,45,passed,2024-01-20T11:00:00,78.31,
9710,85067,2023-09-13T19:00:00,FAMILY_STATUS,11,102,passed,2023-10-25T19:00:00,141.08,
9711,36855,2023-08-08T10:00:00,BIRTH_CERT,1,103,passed,2023-08-26T10:00:00,97.42,
9712,66419,2023-05-18T01:00:00,FAMILY_STATUS,8,90,passed,2023-06-29T01:00:00,47.94,
9713,28005,2024-04-06T18:00:00,TAX_CERT,7,143,passed,2024-04-16T18:00:00,48.72,
9714,51835,2023-09-23T00:00:00,BIRTH_CERT,2,125,passed,2023-10-05T00:00:00,32.03,
9715,63491,2023-11-26T22:00:00,BUSINESS_PERMIT,5,54,rejected,2024-01-12T22:00:00,7.13,AUDIT_DONE
9716,41992,2023-09-14T00:00:00,BUSINESS_PERMIT,12,2,flagged,2023-10-10T00:00:00,1146.33,AUDIT_DONE
9717,39387,2023-04-14T09:00:00,BUSINESS_PERMIT,2,30,passed,2023-06-05T09:00:00,105.75,
9718,20426,2023-02-21T13:00:00,TAX_CERT,12,60,passed,2023-04-20T13:00:00,74.22,
9719,34529,2023-02-07T01:00:00,BUSINESS_PERMIT,6,119,passed,2023-02-27T01:00:00,113.07,
9720,25559,2023-04-27T16:00:00,BUSINESS_PERMIT,3,59,passed,2023-06-04T16:00:00,24.67,
9721,82157,2023-05-21T19:00:00,ID_RENEWAL,10,107,rejected,2023-07-11T19:00:00,36.74,AUDIT_DONE
9722,26949,2024-04-24T10:00:00,TAX_CERT,5,143,rejected,2024-06-22T10:00:00,14.36,AUDIT_DONE
9723,38463,2023-08-13T11:00:00,TAX_CERT,3,171,passed,2023-08-29T11:00:00,81.1,
9724,84408,2023-11-05T15:00:00,TAX_CERT,5,102,rejected,2023-12-12T15:00:00,26.35,AUDIT_DONE
9725,17110,2024-05-20T02:00:00,TAX_CERT,9,90,passed,2024-06-25T02:00:00,14.26,
9726,81061,2023-12-26T22:00:00,ID_RENEWAL,12,149,passed,2024-01-31T22:00:00,169.36,
9727,71773,2024-05-21T16:00:00,BIRTH_CERT,11,75,passed,2024-06-23T16:00:00,102.4,
9728,87968,2023-08-18T19:00:00,BIRTH_CERT,4,112,passed,2023-10-11T19:00:00,114.21,
9729,31423,2023-12-04T15:00:00,ID_RENEWAL,3,8,passed,2023-12-31T15:00:00,41.19,
9730,79322,2023-03-05T09:00:00,ID_RENEWAL,9,25,passed,2023-04-07T09:00:00,163.74,
9731,36070,2023-09-06T17:00:00,FAMILY_STATUS,10,59,passed,2023-10-10T17:00:00,42.33,
9732,46540,2023-05-19T06:00:00,BIRTH_CERT,6,178,passed,2023-07-12T06:00:00,153.43,
9733,62158,2023-07-21T15:00:00,TAX_CERT,12,29,passed,2023-08-26T15:00:00,55.76,
9734,19262,2023-12-07T22:00:00,BUSINESS_PERMIT,2,2,passed,2024-02-02T22:00:00,1.35,
9735,71362,2023-10-08T01:00:00,BUSINESS_PERMIT,12,69,passed,2023-11-28T01:00:00,197.06,
9736,14848,2023-05-13T03:00:00,FAMILY_STATUS,2,136,rejected,2023-06-28T03:00:00,1.01,AUDIT_DONE
9737,19165,2023-09-08T16:00:00,BIRTH_CERT,10,21,passed,2023-09-24T16:00:00,129.35,
9738,18352,2023-04-25T05:00:00,BIRTH_CERT,1,97,passed,2023-05-20T05:00:00,192.09,
9739,48226,2023-11-20T00:00:00,ID_RENEWAL,2,172,rejected,2024-01-12T00:00:00,39.0,AUDIT_DONE
9740,53269,2023-12-15T00:00:00,BUSINESS_PERMIT,10,157,passed,2024-02-12T00:00:00,98.9,
9741,39217,2024-06-23T02:00:00,TAX_CERT,2,166,passed,2024-07-21T02:00:00,44.42,
9742,77804,2023-08-16T03:00:00,TAX_CERT,5,150,passed,2023-10-09T03:00:00,26.84,
9743,72690,2023-06-10T06:00:00,TAX_CERT,6,157,flagged,2023-08-01T06:00:00,1090.64,AUDIT_DONE
9744,40597,2024-03-15T05:00:00,BIRTH_CERT,12,70,flagged,2024-04-29T05:00:00,924.99,AUDIT_DONE
9745,36109,2023-04-07T13:00:00,ID_RENEWAL,6,43,passed,2023-05-12T13:00:00,178.93,
9746,47594,2024-05-01T22:00:00,BIRTH_CERT,3,173,passed,2024-06-02T22:00:00,2.03,
9747,47654,2023-02-11T00:00:00,ID_RENEWAL,12,43,passed,2023-04-01T00:00:00,71.01,
9748,65374,2024-03-17T22:00:00,FAMILY_STATUS,5,161,rejected,2024-04-22T22:00:00,19.09,AUDIT_DONE
9749,38783,2023-03-08T15:00:00,TAX_CERT,3,124,flagged,2023-04-04T15:00:00,1898.08,AUDIT_DONE
9750,48362,2023-04-26T04:00:00,FAMILY_STATUS,4,163,passed,2023-05-30T04:00:00,147.17,
9751,58247,2023-04-22T08:00:00,BIRTH_CERT,10,51,passed,2023-06-20T08:00:00,14.47,
9752,86582,2023-01-02T06:00:00,TAX_CERT,9,47,passed,2023-01-12T06:00:00,2.49,
9753,49393,2023-05-22T21:00:00,FAMILY_STATUS,9,58,flagged,2023-06-15T21:00:00,1041.63,AUDIT_DONE
9754,15828,2024-01-28T13:00:00,BUSINESS_PERMIT,4,6,passed,2024-03-16T13:00:00,168.55,
9755,90205,2024-03-12T18:00:00,FAMILY_STATUS,6,141,passed,2024-05-07T18:00:00,149.89,
9756,53440,2023-01-20T12:00:00,BUSINESS_PERMIT,7,78,passed,2023-01-31T12:00:00,170.13,
9757,11657,2023-04-07T15:00:00,TAX_CERT,11,148,passed,2023-04-17T15:00:00,46.37,
9758,44973,2024-06-22T16:00:00,FAMILY_STATUS,4,72,passed,2024-08-02T16:00:00,131.62,
9759,90996,2023-12-06T10:00:00,BIRTH_CERT,1,122,passed,2023-12-23T10:00:00,129.0,
9760,45890,2023-05-26T17:00:00,FAMILY_STATUS,1,51,flagged,2023-07-15T17:00:00,1961.61,AUDIT_DONE
9761,79527,2023-01-31T01:00:00,BIRTH_CERT,1,17,passed,2023-03-06T01:00:00,198.42,
9762,43741,2024-05-10T15:00:00,BIRTH_CERT,10,13,passed,2024-06-13T15:00:00,191.74,
9763,62794,2024-01-21T09:00:00,BIRTH_CERT,5,35,rejected,2024-02-04T09:00:00,7.64,AUDIT_DONE
9764,83893,2024-02-21T21:00:00,BUSINESS_PERMIT,9,156,flagged,2024-03-26T21:00:00,1634.1,AUDIT_DONE
9765,66684,2024-04-09T18:00:00,TAX_CERT,4,76,passed,2024-05-25T18:00:00,187.4,
9766,21133,2024-01-05T15:00:00,FAMILY_STATUS,3,33,flagged,2024-02-27T15:00:00,1599.12,AUDIT_DONE
9767,47451,2023-05-10T21:00:00,BIRTH_CERT,7,9,passed,2023-06-23T21:00:00,198.67,
9768,20136,2023-03-12T10:00:00,FAMILY_STATUS,8,82,passed,2023-03-21T10:00:00,199.03,
9769,74256,2023-11-11T09:00:00,TAX_CERT,8,93,passed,2023-12-11T09:00:00,52.22,
9770,17473,2024-05-03T21:00:00,TAX_CERT,10,179,passed,2024-05-12T21:00:00,102.2,
9771,16753,2023-01-05T21:00:00,BUSINESS_PERMIT,4,44,flagged,2023-02-22T21:00:00,1422.2,AUDIT_DONE
9772,40748,2024-06-18T18:00:00,TAX_CERT,7,18,passed,2024-08-12T18:00:00,144.82,
9773,57286,2023-05-17T11:00:00,BUSINESS_PERMIT,11,15,passed,2023-06-16T11:00:00,20.85,
9774,14845,2023-08-23T05:00:00,ID_RENEWAL,3,38,passed,2023-09-24T05:00:00,140.53,
9775,79579,2024-04-09T11:00:00,BIRTH_CERT,5,37,passed,2024-05-31T11:00:00,191.79,
9776,45725,2023-07-31T05:00:00,TAX_CERT,1,158,passed,2023-08-15T05:00:00,126.21,
9777,14930,2023-08-02T09:00:00,BUSINESS_PERMIT,9,49,passed,2023-10-01T09:00:00,129.65,
9778,73412,2023-03-22T22:00:00,TAX_CERT,9,70,flagged,2023-05-13T22:00:00,1286.61,AUDIT_DONE
9779,37525,2024-03-24T16:00:00,BIRTH_CERT,6,123,passed,2024-05-15T16:00:00,26.76,
9780,71707,2023-10-25T17:00:00,TAX_CERT,5,123,passed,2023-11-26T17:00:00,15.9,
9781,67993,2023-07-30T20:00:00,ID_RENEWAL,10,13,passed,2023-09-22T20:00:00,24.42,
9782,35380,2023-04-26T16:00:00,ID_RENEWAL,4,41,passed,2023-06-23T16:00:00,2.23,
9783,41688,2024-03-23T18:00:00,FAMILY_STATUS,5,164,flagged,2024-04-16T18:00:00,1373.4,AUDIT_DONE
9784,68554,2023-03-29T17:00:00,BUSINESS_PERMIT,9,29,rejected,2023-05-15T17:00:00,37.64,AUDIT_DONE
9785,54655,2024-01-16T02:00:00,BIRTH_CERT,6,16,passed,2024-02-08T02:00:00,102.32,
9786,42255,2023-05-23T02:00:00,BIRTH_CERT,10,78,passed,2023-06-25T02:00:00,16.89,
9787,11024,2024-02-23T02:00:00,TAX_CERT,9,168,passed,2024-03-20T02:00:00,109.73,
9788,89123,2023-03-05T06:00:00,FAMILY_STATUS,3,92,passed,2023-04-18T06:00:00,64.53,
9789,52535,2023-07-20T19:00:00,BUSINESS_PERMIT,8,47,passed,2023-09-10T19:00:00,176.7,
9790,10293,2023-01-17T00:00:00,BIRTH_CERT,11,107,flagged,2023-02-01T00:00:00,1952.77,AUDIT_DONE
9791,64340,2023-06-27T04:00:00,BUSINESS_PERMIT,6,146,passed,2023-08-25T04:00:00,49.36,
9792,21195,2023-02-18T14:00:00,TAX_CERT,2,11,passed,2023-03-03T14:00:00,161.33,
9793,56505,2023-01-05T07:00:00,FAMILY_STATUS,3,42,passed,2023-01-27T07:00:00,133.21,
9794,66322,2023-08-18T06:00:00,FAMILY_STATUS,12,127,flagged,2023-09-07T06:00:00,1111.33,AUDIT_DONE
9795,32569,2024-02-13T01:00:00,ID_RENEWAL,3,100,passed,2024-02-26T01:00:00,62.37,
9796,34458,2024-02-09T07:00:00,TAX_CERT,9,43,passed,2024-03-11T07:00:00,116.76,
9797,44421,2023-08-21T19:00:00,TAX_CERT,11,125,passed,2023-10-01T19:00:00,138.02,
9798,59794,2024-03-13T23:00:00,ID_RENEWAL,12,180,flagged,2024-04-26T23:00:00,1516.74,AUDIT_DONE
9799,56294,2024-04-14T18:00:00,ID_RENEWAL,4,149,flagged,2024-04-27T18:00:00,804.89,AUDIT_DONE
9800,64033,2024-04-15T02:00:00,FAMILY_STATUS,11,16,rejected,2024-04-26T02:00:00,26.54,AUDIT_DONE
9801,96581,2023-07-24T22:00:00,ID_RENEWAL,6,148,flagged,2023-09-15T22:00:00,1439.29,AUDIT_DONE
9802,32367,2024-01-09T20:00:00,BIRTH_CERT,4,161,flagged,2024-02-24T20:00:00,874.36,AUDIT_DONE
9803,89116,2023-08-22T20:00:00,FAMILY_STATUS,6,61,passed,2023-10-08T20:00:00,130.1,
9804,99472,2023-01-10T22:00:00,BIRTH_CERT,2,82,rejected,2023-03-04T22:00:00,8.52,AUDIT_DONE
9805,26011,2023-01-15T01:00:00,FAMILY_STATUS,12,107,passed,2023-02-17T01:00:00,105.44,
9806,34245,2024-04-02T21:00:00,FAMILY_STATUS,8,151,passed,2024-05-22T21:00:00,181.02,
9807,78586,2024-02-17T22:00:00,BIRTH_CERT,10,167,passed,2024-03-05T22:00:00,53.18,
9808,11421,2024-03-19T06:00:00,ID_RENEWAL,9,159,passed,2024-04-27T06:00:00,115.48,
9809,17099,2023-07-09T22:00:00,ID_RENEWAL,7,97,passed,2023-09-07T22:00:00,122.59,
9810,47728,2023-11-24T09:00:00,BIRTH_CERT,8,104,passed,2023-12-11T09:00:00,180.79,
9811,35128,2023-10-06T09:00:00,TAX_CERT,3,144,passed,2023-11-14T09:00:00,108.03,
9812,87862,2023-12-12T11:00:00,ID_RENEWAL,2,41,passed,2024-02-03T11:00:00,158.19,
9813,34279,2024-05-10T20:00:00,ID_RENEWAL,9,47,flagged,2024-06-15T20:00:00,988.67,AUDIT_DONE
9814,32070,2023-09-02T13:00:00,TAX_CERT,10,177,passed,2023-09-10T13:00:00,78.81,
9815,33676,2024-02-16T07:00:00,FAMILY_STATUS,2,106,passed,2024-04-08T07:00:00,9.6,
9816,72914,2023-03-03T09:00:00,BUSINESS_PERMIT,11,3,flagged,2023-03-16T09:00:00,1050.64,AUDIT_DONE
9817,72566,2023-01-05T21:00:00,BUSINESS_PERMIT,11,158,passed,2023-02-12T21:00:00,40.1,
9818,45614,2023-08-10T16:00:00,TAX_CERT,7,77,passed,2023-08-18T16:00:00,93.14,
9819,79619,2023-02-14T21:00:00,BUSINESS_PERMIT,9,109,flagged,2023-03-24T21:00:00,1665.22,AUDIT_DONE
9820,19954,2023-07-13T11:00:00,TAX_CERT,12,152,passed,2023-09-02T11:00:00,49.85,
9821,42952,2023-05-13T12:00:00,TAX_CERT,10,78,passed,2023-06-09T12:00:00,48.8,
9822,15275,2023-05-05T16:00:00,BIRTH_CERT,8,4,passed,2023-06-29T16:00:00,129.55,
9823,39097,2023-06-16T04:00:00,TAX_CERT,2,105,flagged,2023-08-01T04:00:00,1668.03,AUDIT_DONE
9824,95010,2023-07-05T08:00:00,BUSINESS_PERMIT,1,134,flagged,2023-07-13T08:00:00,1153.62,AUDIT_DONE
9825,28357,2023-10-29T18:00:00,TAX_CERT,4,136,passed,2023-12-01T18:00:00,177.62,
9826,28378,2023-05-30T10:00:00,BIRTH_CERT,11,35,passed,2023-06-07T10:00:00,55.26,
9827,37131,2023-04-26T06:00:00,BIRTH_CERT,4,35,passed,2023-05-04T06:00:00,84.6,
9828,52840,2023-07-04T03:00:00,BIRTH_CERT,10,27,rejected,2023-08-31T03:00:00,46.29,AUDIT_DONE
9829,53472,2023-02-08T12:00:00,ID_RENEWAL,5,55,rejected,2023-04-06T12:00:00,25.6,AUDIT_DONE
9830,77742,2023-05-23T19:00:00,ID_RENEWAL,10,130,passed,2023-06-06T19:00:00,140.49,
9831,96338,2023-11-27T16:00:00,FAMILY_STATUS,4,3,passed,2023-12-05T16:00:00,78.13,
9832,24326,2024-01-20T06:00:00,BIRTH_CERT,6,6,passed,2024-03-14T06:00:00,46.52,
9833,87995,2023-12-12T19:00:00,FAMILY_STATUS,4,120,passed,2024-01-10T19:00:00,47.99,
9834,35329,2023-02-15T18:00:00,TAX_CERT,6,168,rejected,2023-04-15T18:00:00,12.2,AUDIT_DONE
9835,52915,2023-09-30T21:00:00,ID_RENEWAL,11,64,rejected,2023-11-22T21:00:00,9.86,AUDIT_DONE
9836,77834,2024-02-07T18:00:00,BIRTH_CERT,9,75,flagged,2024-03-31T18:00:00,1091.89,AUDIT_DONE
9837,72041,2023-01-21T05:00:00,BIRTH_CERT,6,69,passed,2023-02-08T05:00:00,17.88,
9838,63301,2023-01-05T12:00:00,BUSINESS_PERMIT,7,65,flagged,2023-02-22T12:00:00,1462.28,AUDIT_DONE
9839,51420,2024-01-21T16:00:00,ID_RENEWAL,10,44,passed,2024-02-19T16:00:00,189.35,
9840,17338,2023-05-31T15:00:00,BUSINESS_PERMIT,1,25,passed,2023-07-03T15:00:00,143.14,
9841,52007,2023-08-20T23:00:00,FAMILY_STATUS,8,4,flagged,2023-10-12T23:00:00,1585.59,AUDIT_DONE
9842,46476,2023-11-12T11:00:00,TAX_CERT,7,87,passed,2023-11-24T11:00:00,54.58,
9843,89671,2023-08-14T22:00:00,FAMILY_STATUS,9,108,passed,2023-08-22T22:00:00,61.19,
9844,77463,2023-05-08T07:00:00,ID_RENEWAL,11,168,passed,2023-06-06T07:00:00,31.08,
9845,25908,2023-10-01T22:00:00,BIRTH_CERT,1,22,passed,2023-11-19T22:00:00,194.96,
9846,97616,2023-01-26T11:00:00,BIRTH_CERT,1,170,passed,2023-02-12T11:00:00,61.6,
9847,95039,2023-04-15T13:00:00,BIRTH_CERT,5,82,passed,2023-04-24T13:00:00,143.83,
9848,23245,2023-04-22T01:00:00,BIRTH_CERT,11,102,flagged,2023-05-21T01:00:00,1890.98,AUDIT_DONE
9849,64561,2024-05-17T04:00:00,FAMILY_STATUS,7,49,passed,2024-06-13T04:00:00,54.55,
9850,51452,2023-06-12T09:00:00,BIRTH_CERT,8,107,passed,2023-08-11T09:00:00,138.06,
9851,25868,2023-09-17T11:00:00,ID_RENEWAL,10,128,passed,2023-09-26T11:00:00,9.59,
9852,67194,2024-01-28T00:00:00,BUSINESS_PERMIT,1,36,passed,2024-03-12T00:00:00,60.35,
9853,71074,2024-04-14T15:00:00,BUSINESS_PERMIT,7,32,passed,2024-05-28T15:00:00,9.53,
9854,68041,2023-09-11T14:00:00,BIRTH_CERT,8,88,passed,2023-11-06T14:00:00,72.26,
9855,60079,2023-11-01T23:00:00,BUSINESS_PERMIT,4,27,passed,2023-12-02T23:00:00,119.29,
9856,27723,2023-04-05T02:00:00,BIRTH_CERT,7,43,flagged,2023-04-23T02:00:00,1043.39,AUDIT_DONE
9857,80303,2023-08-21T17:00:00,BUSINESS_PERMIT,7,43,flagged,2023-09-02T17:00:00,1489.29,AUDIT_DONE
9858,42733,2023-07-25T21:00:00,BUSINESS_PERMIT,12,165,passed,2023-09-08T21:00:00,93.39,
9859,52872,2023-05-15T15:00:00,BIRTH_CERT,6,26,passed,2023-07-10T15:00:00,155.93,
9860,84945,2024-01-24T04:00:00,FAMILY_STATUS,1,121,passed,2024-03-04T04:00:00,41.11,
9861,16789,2024-05-02T21:00:00,BUSINESS_PERMIT,8,172,passed,2024-06-18T21:00:00,59.89,
9862,38614,2023-09-24T11:00:00,BUSINESS_PERMIT,4,158,passed,2023-10-12T11:00:00,16.95,
9863,59187,2023-11-03T13:00:00,BIRTH_CERT,12,47,passed,2023-11-13T13:00:00,108.64,
9864,44831,2024-02-13T14:00:00,BUSINESS_PERMIT,12,40,flagged,2024-04-08T14:00:00,807.36,AUDIT_DONE
9865,51368,2023-11-11T00:00:00,ID_RENEWAL,12,88,passed,2023-12-18T00:00:00,3.23,
9866,46388,2023-05-08T23:00:00,BUSINESS_PERMIT,7,1,passed,2023-05-17T23:00:00,97.86,
9867,33117,2024-06-04T14:00:00,BIRTH_CERT,11,17,rejected,2024-07-11T14:00:00,6.63,AUDIT_DONE
9868,56893,2024-04-25T22:00:00,BUSINESS_PERMIT,4,93,passed,2024-06-04T22:00:00,166.5,
9869,85980,2023-09-17T04:00:00,BIRTH_CERT,10,106,passed,2023-11-02T04:00:00,151.46,
9870,43274,2023-03-04T19:00:00,ID_RENEWAL,6,73,passed,2023-04-08T19:00:00,99.33,
9871,91200,2024-03-08T16:00:00,BUSINESS_PERMIT,7,125,passed,2024-04-20T16:00:00,55.55,
9872,82947,2023-05-02T22:00:00,ID_RENEWAL,6,27,passed,2023-05-10T22:00:00,86.45,
9873,23898,2023-09-18T09:00:00,ID_RENEWAL,4,94,flagged,2023-10-16T09:00:00,1073.67,AUDIT_DONE
9874,92226,2023-02-18T13:00:00,BUSINESS_PERMIT,11,121,passed,2023-03-25T13:00:00,184.86,
9875,12548,2023-01-26T07:00:00,ID_RENEWAL,12,176,passed,2023-02-16T07:00:00,190.83,
9876,97011,2024-04-14T20:00:00,TAX_CERT,4,72,passed,2024-05-08T20:00:00,31.0,
9877,48788,2023-03-29T04:00:00,TAX_CERT,9,32,passed,2023-05-13T04:00:00,191.39,
9878,56110,2024-06-22T01:00:00,TAX_CERT,2,141,flagged,2024-07-30T01:00:00,1448.2,AUDIT_DONE
9879,65520,2024-04-09T09:00:00,BUSINESS_PERMIT,2,45,flagged,2024-04-26T09:00:00,821.38,AUDIT_DONE
9880,93264,2023-09-30T10:00:00,FAMILY_STATUS,11,132,passed,2023-11-12T10:00:00,164.67,
9881,69895,2023-05-14T00:00:00,BIRTH_CERT,7,39,flagged,2023-06-24T00:00:00,1153.3,AUDIT_DONE
9882,66292,2023-05-13T21:00:00,FAMILY_STATUS,1,42,flagged,2023-06-01T21:00:00,971.83,AUDIT_DONE
9883,78655,2023-11-22T04:00:00,ID_RENEWAL,3,6,passed,2023-12-17T04:00:00,162.08,
9884,61318,2023-08-28T00:00:00,ID_RENEWAL,3,91,passed,2023-09-11T00:00:00,93.21,
9885,96067,2023-12-14T22:00:00,FAMILY_STATUS,5,105,passed,2023-12-21T22:00:00,37.92,
9886,20153,2023-11-08T03:00:00,TAX_CERT,9,94,passed,2024-01-07T03:00:00,88.84,
9887,57299,2024-05-29T06:00:00,FAMILY_STATUS,11,172,passed,2024-06-20T06:00:00,52.05,
9888,82659,2024-04-17T12:00:00,FAMILY_STATUS,6,138,passed,2024-06-10T12:00:00,138.88,
9889,40312,2023-11-03T22:00:00,FAMILY_STATUS,12,118,passed,2023-12-16T22:00:00,0.38,
9890,24232,2024-06-06T12:00:00,BIRTH_CERT,8,55,passed,2024-06-24T12:00:00,182.84,
9891,65173,2024-05-03T12:00:00,FAMILY_STATUS,2,123,flagged,2024-06-29T12:00:00,1040.49,AUDIT_DONE
9892,55823,2023-03-27T15:00:00,BIRTH_CERT,3,173,passed,2023-04-21T15:00:00,72.49,
9893,12023,2024-06-04T10:00:00,BIRTH_CERT,1,32,passed,2024-07-17T10:00:00,117.05,
9894,99194,2023-04-06T00:00:00,ID_RENEWAL,2,15,passed,2023-05-20T00:00:00,49.07,
9895,84375,2023-01-14T21:00:00,FAMILY_STATUS,2,155,passed,2023-02-04T21:00:00,89.64,
9896,69326,2023-09-11T09:00:00,BUSINESS_PERMIT,1,55,passed,2023-09-18T09:00:00,84.69,
9897,34838,2023-03-09T17:00:00,FAMILY_STATUS,8,46,flagged,2023-03-19T17:00:00,1513.9,AUDIT_DONE
9898,76045,2023-11-18T01:00:00,TAX_CERT,11,96,passed,2024-01-04T01:00:00,168.74,
9899,47259,2023-02-14T05:00:00,TAX_CERT,5,65,rejected,2023-03-30T05:00:00,33.51,AUDIT_DONE
9900,76920,2024-04-27T09:00:00,TAX_CERT,3,39,passed,2024-06-19T09:00:00,98.35,
9901,31000,2023-01-10T09:00:00,TAX_CERT,11,34,passed,2023-02-18T09:00:00,64.25,
9902,38626,2023-09-03T05:00:00,BIRTH_CERT,2,56,flagged,2023-10-17T05:00:00,843.76,AUDIT_DONE
9903,42363,2024-01-29T20:00:00,FAMILY_STATUS,9,42,passed,2024-02-16T20:00:00,93.24,
9904,47070,2024-03-06T03:00:00,BUSINESS_PERMIT,2,153,flagged,2024-03-19T03:00:00,1030.42,AUDIT_DONE
9905,56838,2023-12-02T12:00:00,FAMILY_STATUS,3,151,passed,2023-12-24T12:00:00,108.62,
9906,61152,2023-08-03T02:00:00,BIRTH_CERT,9,165,flagged,2023-08-29T02:00:00,1108.5,AUDIT_DONE
9907,74050,2023-02-13T09:00:00,ID_RENEWAL,9,135,passed,2023-03-10T09:00:00,78.39,
9908,69987,2024-03-16T17:00:00,ID_RENEWAL,11,135,passed,2024-04-22T17:00:00,171.68,
9909,15199,2023-03-01T17:00:00,BUSINESS_PERMIT,12,111,rejected,2023-03-24T17:00:00,19.62,AUDIT_DONE
9910,20923,2024-01-06T00:00:00,FAMILY_STATUS,1,38,passed,2024-02-01T00:00:00,80.55,
9911,12962,2023-02-04T15:00:00,FAMILY_STATUS,8,29,flagged,2023-02-16T15:00:00,1827.49,AUDIT_DONE
9912,44203,2023-11-11T07:00:00,BIRTH_CERT,6,22,passed,2023-12-02T07:00:00,20.06,
9913,17682,2024-05-17T22:00:00,BIRTH_CERT,10,147,passed,2024-05-30T22:00:00,30.69,
9914,52401,2023-02-13T14:00:00,BIRTH_CERT,8,139,flagged,2023-03-24T14:00:00,1867.9,AUDIT_DONE
9915,25436,2023-03-29T21:00:00,BUSINESS_PERMIT,10,45,passed,2023-04-14T21:00:00,135.06,
9916,40911,2024-03-20T18:00:00,FAMILY_STATUS,7,15,rejected,2024-04-30T18:00:00,11.36,AUDIT_DONE
9917,61933,2024-05-17T16:00:00,ID_RENEWAL,7,39,passed,2024-05-29T16:00:00,84.4,
9918,11691,2023-12-06T20:00:00,TAX_CERT,11,14,passed,2024-01-03T20:00:00,82.3,
9919,63216,2023-12-01T01:00:00,ID_RENEWAL,12,160,passed,2024-01-11T01:00:00,131.15,
9920,40330,2023-04-09T22:00:00,FAMILY_STATUS,5,6,passed,2023-04-17T22:00:00,86.16,
9921,49341,2024-04-20T00:00:00,BUSINESS_PERMIT,1,130,passed,2024-05-27T00:00:00,197.75,
9922,68681,2023-10-17T12:00:00,FAMILY_STATUS,3,35,passed,2023-12-04T12:00:00,69.48,
9923,41853,2024-04-13T13:00:00,BIRTH_CERT,3,24,passed,2024-06-06T13:00:00,167.55,
9924,76457,2023-08-10T23:00:00,FAMILY_STATUS,11,82,passed,2023-09-11T23:00:00,2.71,
9925,52870,2024-03-29T01:00:00,ID_RENEWAL,8,17,passed,2024-05-05T01:00:00,25.67,
9926,47414,2023-04-16T14:00:00,TAX_CERT,2,65,passed,2023-05-05T14:00:00,138.42,
9927,23948,2024-04-12T10:00:00,ID_RENEWAL,11,104,passed,2024-04-26T10:00:00,181.1,
9928,90239,2023-05-08T14:00:00,ID_RENEWAL,7,99,passed,2023-06-12T14:00:00,169.53,
9929,96229,2023-05-16T13:00:00,FAMILY_STATUS,2,89,passed,2023-06-24T13:00:00,189.44,
9930,83332,2024-02-15T19:00:00,ID_RENEWAL,2,2,passed,2024-03-12T19:00:00,176.13,
9931,85250,2023-03-01T01:00:00,TAX_CERT,4,49,passed,2023-04-26T01:00:00,68.04,
9932,57448,2023-04-24T20:00:00,BIRTH_CERT,8,80,flagged,2023-05-28T20:00:00,973.32,AUDIT_DONE
9933,84004,2024-05-28T03:00:00,ID_RENEWAL,2,93,flagged,2024-07-23T03:00:00,1734.67,AUDIT_DONE
9934,54776,2023-07-23T12:00:00,TAX_CERT,11,114,passed,2023-09-06T12:00:00,104.45,
9935,60088,2024-03-29T19:00:00,BIRTH_CERT,3,139,passed,2024-05-14T19:00:00,177.72,
9936,90364,2023-05-17T08:00:00,BUSINESS_PERMIT,9,20,passed,2023-06-04T08:00:00,150.96,
9937,32089,2023-04-17T06:00:00,FAMILY_STATUS,2,24,passed,2023-06-15T06:00:00,148.68,
9938,25372,2023-02-21T17:00:00,TAX_CERT,5,55,passed,2023-04-15T17:00:00,36.79,
9939,86969,2023-04-08T22:00:00,ID_RENEWAL,9,47,passed,2023-04-25T22:00:00,149.56,
9940,42550,2023-09-23T11:00:00,TAX_CERT,5,120,passed,2023-10-18T11:00:00,132.19,
9941,48457,2023-07-01T02:00:00,TAX_CERT,3,83,passed,2023-08-28T02:00:00,71.69,
9942,32787,2023-05-25T22:00:00,ID_RENEWAL,5,75,flagged,2023-06-12T22:00:00,1687.65,AUDIT_DONE
9943,13892,2024-04-22T16:00:00,BIRTH_CERT,11,165,passed,2024-06-14T16:00:00,4.92,
9944,63127,2023-10-04T23:00:00,BUSINESS_PERMIT,12,14,flagged,2023-10-16T23:00:00,1625.51,AUDIT_DONE
9945,15735,2023-06-14T07:00:00,BUSINESS_PERMIT,4,103,passed,2023-08-07T07:00:00,74.44,
9946,92375,2023-08-11T16:00:00,TAX_CERT,6,17,passed,2023-09-05T16:00:00,197.89,
9947,10793,2024-01-06T13:00:00,BIRTH_CERT,8,152,passed,2024-02-24T13:00:00,68.97,
9948,74054,2023-11-05T13:00:00,BIRTH_CERT,2,114,passed,2023-11-24T13:00:00,63.83,
9949,39753,2023-02-09T03:00:00,ID_RENEWAL,9,125,rejected,2023-02-21T03:00:00,35.92,AUDIT_DONE
9950,32912,2023-01-06T12:00:00,BIRTH_CERT,4,76,passed,2023-01-19T12:00:00,83.64,
9951,24436,2023-06-18T12:00:00,BIRTH_CERT,3,176,rejected,2023-07-19T12:00:00,11.39,AUDIT_DONE
9952,27271,2023-04-24T11:00:00,TAX_CERT,8,152,passed,2023-05-19T11:00:00,81.32,
9953,13854,2024-04-23T16:00:00,FAMILY_STATUS,12,129,passed,2024-06-05T16:00:00,90.58,
9954,41888,2024-04-16T11:00:00,TAX_CERT,6,41,passed,2024-06-11T11:00:00,156.49,
9955,16620,2023-11-17T20:00:00,ID_RENEWAL,1,27,passed,2023-11-24T20:00:00,33.43,
9956,56483,2023-04-30T22:00:00,BIRTH_CERT,3,69,passed,2023-06-16T22:00:00,56.03,
9957,19965,2023-06-04T04:00:00,ID_RENEWAL,2,43,flagged,2023-07-04T04:00:00,1703.71,AUDIT_DONE
9958,16461,2023-02-14T17:00:00,BUSINESS_PERMIT,9,1,flagged,2023-03-14T17:00:00,1450.66,AUDIT_DONE
9959,45432,2024-02-21T11:00:00,ID_RENEWAL,10,58,passed,2024-04-13T11:00:00,166.51,
9960,82262,2023-01-25T17:00:00,BUSINESS_PERMIT,12,26,passed,2023-03-14T17:00:00,70.05,
9961,50230,2023-01-12T12:00:00,FAMILY_STATUS,9,152,passed,2023-03-07T12:00:00,17.53,
9962,32674,2024-05-18T23:00:00,TAX_CERT,1,124,passed,2024-06-15T23:00:00,133.66,
9963,68044,2023-10-31T19:00:00,BUSINESS_PERMIT,10,68,passed,2023-12-14T19:00:00,129.46,
9964,47875,2023-08-23T18:00:00,ID_RENEWAL,2,97,passed,2023-10-05T18:00:00,89.76,
9965,55649,2024-03-04T10:00:00,TAX_CERT,11,143,passed,2024-03-15T10:00:00,149.69,
9966,93194,2023-12-23T01:00:00,BUSINESS_PERMIT,7,63,flagged,2024-01-06T01:00:00,1203.31,AUDIT_DONE
9967,60815,2024-03-30T16:00:00,BUSINESS_PERMIT,11,86,passed,2024-04-26T16:00:00,55.35,
9968,82727,2023-12-20T20:00:00,BUSINESS_PERMIT,10,132,rejected,2023-12-31T20:00:00,49.65,AUDIT_DONE
9969,51767,2023-09-07T04:00:00,ID_RENEWAL,11,77,flagged,2023-09-26T04:00:00,1050.98,AUDIT_DONE
9970,95270,2023-12-28T02:00:00,ID_RENEWAL,2,33,rejected,2024-02-05T02:00:00,12.99,AUDIT_DONE
9971,54530,2024-01-28T04:00:00,BUSINESS_PERMIT,7,160,passed,2024-02-05T04:00:00,34.7,
9972,35375,2024-02-28T00:00:00,TAX_CERT,6,178,passed,2024-04-22T00:00:00,114.23,
9973,92695,2023-03-07T18:00:00,BIRTH_CERT,8,70,passed,2023-03-27T18:00:00,195.4,
9974,93591,2023-06-01T11:00:00,BUSINESS_PERMIT,7,154,passed,2023-07-06T11:00:00,154.67,
9975,22277,2023-04-04T22:00:00,TAX_CERT,10,113,rejected,2023-05-15T22:00:00,20.66,AUDIT_DONE
9976,50828,2024-06-02T18:00:00,ID_RENEWAL,2,6,passed,2024-07-10T18:00:00,7.88,
9977,12344,2023-06-29T17:00:00,ID_RENEWAL,10,150,passed,2023-08-16T17:00:00,83.92,
9978,30858,2023-09-13T02:00:00,FAMILY_STATUS,10,6,passed,2023-10-25T02:00:00,91.35,
9979,56606,2024-06-20T08:00:00,TAX_CERT,3,48,passed,2024-07-21T08:00:00,184.58,
9980,33561,2023-02-24T14:00:00,FAMILY_STATUS,8,75,flagged,2023-03-06T14:00:00,1968.39,AUDIT_DONE
9981,96631,2024-02-21T07:00:00,BUSINESS_PERMIT,8,131,rejected,2024-04-12T07:00:00,4.49,AUDIT_DONE
9982,95991,2023-02-24T21:00:00,BIRTH_CERT,10,113,passed,2023-03-14T21:00:00,88.33,
9983,43350,2024-01-15T11:00:00,ID_RENEWAL,8,119,passed,2024-02-26T11:00:00,95.13,
9984,79198,2024-06-18T11:00:00,TAX_CERT,3,47,passed,2024-08-02T11:00:00,17.25,
9985,30867,2024-03-25T04:00:00,BIRTH_CERT,7,2,passed,2024-05-03T04:00:00,95.63,
9986,91815,2024-03-22T15:00:00,BUSINESS_PERMIT,3,134,passed,2024-04-04T15:00:00,172.5,
9987,80647,2024-05-28T23:00:00,BUSINESS_PERMIT,7,130,rejected,2024-07-07T23:00:00,13.16,AUDIT_DONE
9988,67666,2024-06-07T21:00:00,TAX_CERT,10,42,passed,2024-07-09T21:00:00,114.06,
9989,71958,2023-10-31T03:00:00,ID_RENEWAL,10,92,passed,2023-11-30T03:00:00,24.74,
9990,80038,2024-05-01T13:00:00,BIRTH_CERT,3,104,passed,2024-05-19T13:00:00,92.55,
9991,18656,2023-05-21T11:00:00,FAMILY_STATUS,8,110,flagged,2023-06-18T11:00:00,1217.64,AUDIT_DONE
9992,17426,2024-03-17T11:00:00,BIRTH_CERT,10,151,passed,2024-04-05T11:00:00,13.04,
9993,23885,2023-12-20T07:00:00,FAMILY_STATUS,3,27,passed,2024-01-11T07:00:00,174.8,
9994,58307,2023-09-12T01:00:00,FAMILY_STATUS,6,171,passed,2023-11-07T01:00:00,185.32,
9995,89159,2023-08-02T07:00:00,ID_RENEWAL,11,129,passed,2023-08-15T07:00:00,85.04,
9996,65858,2024-05-19T09:00:00,BIRTH_CERT,3,94,rejected,2024-07-07T09:00:00,25.67,AUDIT_DONE
9997,23264,2024-04-22T23:00:00,BUSINESS_PERMIT,6,171,passed,2024-05-29T23:00:00,133.63,
9998,69887,2024-01-09T23:00:00,FAMILY_STATUS,3,77,flagged,2024-02-24T23:00:00,1607.64,AUDIT_DONE
9999,40156,2024-06-13T12:00:00,FAMILY_STATUS,2,64,passed,2024-07-26T12:00:00,156.14,
10000,16366,2024-04-26T08:00:00,FAMILY_STATUS,11,171,passed,2024-05-05T08:00:00,163.88,
